<?xml version='1.0' encoding='utf-8'?>
<ODM FileOID="ODM.CDASH.POC" Granularity="Metadata" CreationDateTime="2025-11-13T21:54:26.811546+00:00" ODMVersion="2.0" FileType="Snapshot" Originator="Lex Jansen" SourceSystem="odmlib" SourceSystemVersion="0.1" xmlns="http://www.cdisc.org/ns/odm/v2.0" xmlns:xs="http://www.w3.org/2001/XMLSchema-instance" xmlns:xml="http://www.w3.org/XML/1998/namespace" xmlns:xlink="http://www.w3.org/1999/xlink"><Study OID="ODM.CDASH.STUDY" StudyName="Six Minute Walk Test" ProtocolName="Six Minute Walk Test"><Description><TranslatedText Type="text/plain" xml:lang="en">Six Minute Walk Test</TranslatedText></Description><MetaDataVersion OID="ODM.CDASH.STUDY.MDV" Name="Six Minute Walk Test"><Description><TranslatedText Type="text/plain" xml:lang="en">Six Minute Walk Test</TranslatedText></Description><ItemGroupDef OID="IG_FORM.SIXMW1" Name="Six Minute Walk Test" Repeating="No" Type="Form"><Description><TranslatedText Type="text/plain" xml:lang="en">Six Minute Walk Test</TranslatedText></Description><ItemGroupRef ItemGroupOID="IG.SIXMW_01_1" OrderNumber="1" Mandatory="Yes" /><ItemGroupRef ItemGroupOID="IG.SIXMW_02_2" OrderNumber="2" Mandatory="Yes" /><Alias Context="formAnnotation" Name="DOMAIN = FT; FTCAT = SIX MINUTE WALK" /></ItemGroupDef><ItemGroupDef OID="IG.SIXMW_01_1" Name="6 Minute Walk Test - Lead Question" Repeating="No" Type="Section"><Description><TranslatedText Type="text/plain" xml:lang="en">6 Minute Walk Test - Lead Question</TranslatedText></Description><ItemGroupRef ItemGroupOID="IG.SIXMW_01_1_SIXMW1_1" OrderNumber="1" Mandatory="Yes" /></ItemGroupDef><ItemGroupDef OID="IG.SIXMW_02_2" Name="6 Minute Walk Test" Repeating="No" Type="Section"><Description><TranslatedText Type="text/plain" xml:lang="en">6 Minute Walk Test</TranslatedText></Description><ItemGroupRef ItemGroupOID="IG.SIXMW_02_2_SIXMW101_1" OrderNumber="1" Mandatory="Yes" /><ItemGroupRef ItemGroupOID="IG.SIXMW_02_2_SIXMW102_2" OrderNumber="2" Mandatory="Yes" /><ItemGroupRef ItemGroupOID="IG.SIXMW_02_2_SIXMW103_3" OrderNumber="3" Mandatory="Yes" /><ItemGroupRef ItemGroupOID="IG.SIXMW_02_2_SIXMW104_4" OrderNumber="4" Mandatory="Yes" /><ItemGroupRef ItemGroupOID="IG.SIXMW_02_2_SIXMW105_5" OrderNumber="5" Mandatory="Yes" /><ItemGroupRef ItemGroupOID="IG.SIXMW_02_2_SIXMW106_6" OrderNumber="6" Mandatory="Yes" /></ItemGroupDef><ItemGroupDef OID="IG.SIXMW_01_1_SIXMW1_1" Name="Six Minute Walk Test" Repeating="No" Type="Concept"><Description><TranslatedText Type="text/plain" xml:lang="en">Six Minute Walk Test</TranslatedText></Description><ItemRef ItemOID="IT.SIXMW_01_1_SIXMW1_1.SIXMW1_FTPERF" OrderNumber="1" Mandatory="No" /><ItemRef ItemOID="IT.SIXMW_01_1_SIXMW1_1.SIXMW1_FTDAT" OrderNumber="2" Mandatory="Yes" /><ItemRef ItemOID="IT.SIXMW_01_1_SIXMW1_1.SIXMW1_FTCAT" OrderNumber="3" Mandatory="Yes" PreSpecifiedValue="SIX MINUTE WALK" /><ItemRef ItemOID="IT.SIXMW_01_1_SIXMW1_1.SIXMW1_FTASTDEV" OrderNumber="4" Mandatory="Yes" /><Coding System="/mdr/bc/biomedicalconcepts/C115789" Code="C115789" SystemName="CDISC Biomedical Concept" /></ItemGroupDef><ItemGroupDef OID="IG.SIXMW_02_2_SIXMW101_1" Name="SIXMW1-Distance at 1 Minute" Repeating="No" Type="Concept"><Description><TranslatedText Type="text/plain" xml:lang="en">SIXMW1-Distance at 1 Minute</TranslatedText></Description><ItemRef ItemOID="IT.SIXMW_02_2_SIXMW101_1.SIXMW101_FTORRES" OrderNumber="1" Mandatory="Yes" UnitsItemOID="IT.SIXMW_02_2_SIXMW101_1.SIXMW101_FTORRESU" /><ItemRef ItemOID="IT.SIXMW_02_2_SIXMW101_1.SIXMW101_FTORRESU" OrderNumber="2" Mandatory="Yes" PreSpecifiedValue="m" /><Coding System="/mdr/bc/biomedicalconcepts/C115800" Code="C115800" SystemName="CDISC Biomedical Concept" /><Coding System="/mdr/specializations/sdtm/datasetspecializations/SIXMW101" Code="SIXMW101" SystemName="CDISC SDTM Dataset Specialization" /></ItemGroupDef><ItemGroupDef OID="IG.SIXMW_02_2_SIXMW102_2" Name="SIXMW1-Distance at 2 Minute" Repeating="No" Type="Concept"><Description><TranslatedText Type="text/plain" xml:lang="en">SIXMW1-Distance at 2 Minute</TranslatedText></Description><ItemRef ItemOID="IT.SIXMW_02_2_SIXMW102_2.SIXMW102_FTORRES" OrderNumber="1" Mandatory="Yes" UnitsItemOID="IT.SIXMW_02_2_SIXMW102_2.SIXMW102_FTORRESU" /><ItemRef ItemOID="IT.SIXMW_02_2_SIXMW102_2.SIXMW102_FTORRESU" OrderNumber="2" Mandatory="Yes" PreSpecifiedValue="m" /><Coding System="/mdr/bc/biomedicalconcepts/C115801" Code="C115801" SystemName="CDISC Biomedical Concept" /><Coding System="/mdr/specializations/sdtm/datasetspecializations/SIXMW102" Code="SIXMW102" SystemName="CDISC SDTM Dataset Specialization" /></ItemGroupDef><ItemGroupDef OID="IG.SIXMW_02_2_SIXMW103_3" Name="SIXMW1-Distance at 3 Minute" Repeating="No" Type="Concept"><Description><TranslatedText Type="text/plain" xml:lang="en">SIXMW1-Distance at 3 Minute</TranslatedText></Description><ItemRef ItemOID="IT.SIXMW_02_2_SIXMW103_3.SIXMW103_FTORRES" OrderNumber="1" Mandatory="Yes" UnitsItemOID="IT.SIXMW_02_2_SIXMW103_3.SIXMW103_FTORRESU" /><ItemRef ItemOID="IT.SIXMW_02_2_SIXMW103_3.SIXMW103_FTORRESU" OrderNumber="2" Mandatory="Yes" PreSpecifiedValue="m" /><Coding System="/mdr/bc/biomedicalconcepts/C115802" Code="C115802" SystemName="CDISC Biomedical Concept" /><Coding System="/mdr/specializations/sdtm/datasetspecializations/SIXMW103" Code="SIXMW103" SystemName="CDISC SDTM Dataset Specialization" /></ItemGroupDef><ItemGroupDef OID="IG.SIXMW_02_2_SIXMW104_4" Name="SIXMW1-Distance at 4 Minute" Repeating="No" Type="Concept"><Description><TranslatedText Type="text/plain" xml:lang="en">SIXMW1-Distance at 4 Minute</TranslatedText></Description><ItemRef ItemOID="IT.SIXMW_02_2_SIXMW104_4.SIXMW104_FTORRES" OrderNumber="1" Mandatory="Yes" UnitsItemOID="IT.SIXMW_02_2_SIXMW104_4.SIXMW104_FTORRESU" /><ItemRef ItemOID="IT.SIXMW_02_2_SIXMW104_4.SIXMW104_FTORRESU" OrderNumber="2" Mandatory="Yes" PreSpecifiedValue="m" /><Coding System="/mdr/bc/biomedicalconcepts/C115803" Code="C115803" SystemName="CDISC Biomedical Concept" /><Coding System="/mdr/specializations/sdtm/datasetspecializations/SIXMW104" Code="SIXMW104" SystemName="CDISC SDTM Dataset Specialization" /></ItemGroupDef><ItemGroupDef OID="IG.SIXMW_02_2_SIXMW105_5" Name="SIXMW1-Distance at 5 Minute" Repeating="No" Type="Concept"><Description><TranslatedText Type="text/plain" xml:lang="en">SIXMW1-Distance at 5 Minute</TranslatedText></Description><ItemRef ItemOID="IT.SIXMW_02_2_SIXMW105_5.SIXMW105_FTORRES" OrderNumber="1" Mandatory="Yes" UnitsItemOID="IT.SIXMW_02_2_SIXMW105_5.SIXMW105_FTORRESU" /><ItemRef ItemOID="IT.SIXMW_02_2_SIXMW105_5.SIXMW105_FTORRESU" OrderNumber="2" Mandatory="Yes" PreSpecifiedValue="m" /><Coding System="/mdr/bc/biomedicalconcepts/C115804" Code="C115804" SystemName="CDISC Biomedical Concept" /><Coding System="/mdr/specializations/sdtm/datasetspecializations/SIXMW105" Code="SIXMW105" SystemName="CDISC SDTM Dataset Specialization" /></ItemGroupDef><ItemGroupDef OID="IG.SIXMW_02_2_SIXMW106_6" Name="SIXMW1-Distance at 6 Minute" Repeating="No" Type="Concept"><Description><TranslatedText Type="text/plain" xml:lang="en">SIXMW1-Distance at 6 Minute</TranslatedText></Description><ItemRef ItemOID="IT.SIXMW_02_2_SIXMW106_6.SIXMW106_FTORRES" OrderNumber="1" Mandatory="Yes" UnitsItemOID="IT.SIXMW_02_2_SIXMW106_6.SIXMW106_FTORRESU" /><ItemRef ItemOID="IT.SIXMW_02_2_SIXMW106_6.SIXMW106_FTORRESU" OrderNumber="2" Mandatory="Yes" PreSpecifiedValue="m" /><Coding System="/mdr/bc/biomedicalconcepts/C115805" Code="C115805" SystemName="CDISC Biomedical Concept" /><Coding System="/mdr/specializations/sdtm/datasetspecializations/SIXMW106" Code="SIXMW106" SystemName="CDISC SDTM Dataset Specialization" /></ItemGroupDef><ItemDef OID="IT.SIXMW_01_1_SIXMW1_1.SIXMW1_FTPERF" Name="SIXMW1_FTPERF" DataType="text" Length="1"><Question><TranslatedText Type="text/plain" xml:lang="en">Was the Six Minute Walk Test performed?</TranslatedText></Question><CodeListRef CodeListOID="CL.SIXMW_01_SIXMW1_1.SIXMW1_FTPERF.C66742" /><Alias Context="SDTM" Name="[NOT SUBMITTED]; FTSTAT = NOT DONE" /><Alias Context="CDASH" Name="SIXMW1_FTPERF" /></ItemDef><ItemDef OID="IT.SIXMW_01_1_SIXMW1_1.SIXMW1_FTDAT" Name="SIXMW1_FTDAT" DataType="date" Length="10"><Prompt><TranslatedText Type="text/plain" xml:lang="en">Date of Assessment</TranslatedText></Prompt><Alias Context="SDTM" Name="FTDTC" /><Alias Context="CDASH" Name="SIXMW1_FTDAT" /></ItemDef><ItemDef OID="IT.SIXMW_01_1_SIXMW1_1.SIXMW1_FTCAT" Name="SIXMW1_FTCAT" DataType="text" Length="50"><Prompt><TranslatedText Type="text/plain" xml:lang="en">Category</TranslatedText></Prompt><CodeListRef CodeListOID="CL.SIXMW_01_SIXMW1_1.SIXMW1_FTCAT.C115304" /><Alias Context="SDTM" Name="FTCAT = SIX MINUTE WALK" /><Alias Context="CDASH" Name="SIXMW1_FTCAT" /></ItemDef><ItemDef OID="IT.SIXMW_01_1_SIXMW1_1.SIXMW1_FTASTDEV" Name="SIXMW1_FTASTDEV" DataType="text" Length="200"><Prompt><TranslatedText Type="text/plain" xml:lang="en">Assisted Device</TranslatedText></Prompt><Alias Context="SDTM" Name="FTASTDEV in SUPPFT" /><Alias Context="CDASH" Name="SIXMW1_FTASTDEV" /></ItemDef><ItemDef OID="IT.SIXMW_02_2_SIXMW101_1.SIXMW101_FTORRES" Name="SIXMW101_FTORRES" DataType="integer" Length="3"><Prompt><TranslatedText Type="text/plain" xml:lang="en">Distance at 1 Minute</TranslatedText></Prompt><Alias Context="SDTM" Name="FTORRES when FTTESTCD = SIXMW101" /><Alias Context="CDASH" Name="SIXMW101_FTORRES" /></ItemDef><ItemDef OID="IT.SIXMW_02_2_SIXMW101_1.SIXMW101_FTORRESU" Name="SIXMW101_FTORRESU" DataType="text" Length="1"><Prompt><TranslatedText Type="text/plain" xml:lang="en">Unit</TranslatedText></Prompt><CodeListRef CodeListOID="CL.SIXMW_02_SIXMW101_1.SIXMW101_FTORRESU.C71620" /><Alias Context="SDTM" Name="FTORRESU = m when FTTESTCD = SIXMW101" /><Alias Context="CDASH" Name="SIXMW101_FTORRESU" /></ItemDef><ItemDef OID="IT.SIXMW_02_2_SIXMW102_2.SIXMW102_FTORRES" Name="SIXMW102_FTORRES" DataType="integer" Length="3"><Prompt><TranslatedText Type="text/plain" xml:lang="en">Distance at 2 Minutes</TranslatedText></Prompt><Alias Context="SDTM" Name="FTORRES when FTTESTCD = SIXMW102" /><Alias Context="CDASH" Name="SIXMW102_FTORRES" /></ItemDef><ItemDef OID="IT.SIXMW_02_2_SIXMW102_2.SIXMW102_FTORRESU" Name="SIXMW102_FTORRESU" DataType="text" Length="1"><Prompt><TranslatedText Type="text/plain" xml:lang="en">Unit</TranslatedText></Prompt><CodeListRef CodeListOID="CL.SIXMW_02_SIXMW102_2.SIXMW102_FTORRESU.C71620" /><Alias Context="SDTM" Name="FTORRESU = m when FTTESTCD = SIXMW102" /><Alias Context="CDASH" Name="SIXMW102_FTORRESU" /></ItemDef><ItemDef OID="IT.SIXMW_02_2_SIXMW103_3.SIXMW103_FTORRES" Name="SIXMW103_FTORRES" DataType="integer" Length="3"><Prompt><TranslatedText Type="text/plain" xml:lang="en">Distance at 3 Minutes</TranslatedText></Prompt><Alias Context="SDTM" Name="FTORRES when FTTESTCD = SIXMW103" /><Alias Context="CDASH" Name="SIXMW103_FTORRES" /></ItemDef><ItemDef OID="IT.SIXMW_02_2_SIXMW103_3.SIXMW103_FTORRESU" Name="SIXMW103_FTORRESU" DataType="text" Length="1"><Prompt><TranslatedText Type="text/plain" xml:lang="en">Unit</TranslatedText></Prompt><CodeListRef CodeListOID="CL.SIXMW_02_SIXMW103_3.SIXMW103_FTORRESU.C71620" /><Alias Context="SDTM" Name="FTORRESU = m when FTTESTCD = SIXMW103" /><Alias Context="CDASH" Name="SIXMW103_FTORRESU" /></ItemDef><ItemDef OID="IT.SIXMW_02_2_SIXMW104_4.SIXMW104_FTORRES" Name="SIXMW104_FTORRES" DataType="integer" Length="3"><Prompt><TranslatedText Type="text/plain" xml:lang="en">Distance at 4 Minutes</TranslatedText></Prompt><Alias Context="SDTM" Name="FTORRES when FTTESTCD = SIXMW104" /><Alias Context="CDASH" Name="SIXMW104_FTORRES" /></ItemDef><ItemDef OID="IT.SIXMW_02_2_SIXMW104_4.SIXMW104_FTORRESU" Name="SIXMW104_FTORRESU" DataType="text" Length="1"><Prompt><TranslatedText Type="text/plain" xml:lang="en">Unit</TranslatedText></Prompt><CodeListRef CodeListOID="CL.SIXMW_02_SIXMW104_4.SIXMW104_FTORRESU.C71620" /><Alias Context="SDTM" Name="FTORRESU = m when FTTESTCD = SIXMW104" /><Alias Context="CDASH" Name="SIXMW104_FTORRESU" /></ItemDef><ItemDef OID="IT.SIXMW_02_2_SIXMW105_5.SIXMW105_FTORRES" Name="SIXMW105_FTORRES" DataType="integer" Length="3"><Prompt><TranslatedText Type="text/plain" xml:lang="en">Distance at 5 Minutes</TranslatedText></Prompt><Alias Context="SDTM" Name="FTORRES when FTTESTCD = SIXMW105" /><Alias Context="CDASH" Name="SIXMW105_FTORRES" /></ItemDef><ItemDef OID="IT.SIXMW_02_2_SIXMW105_5.SIXMW105_FTORRESU" Name="SIXMW105_FTORRESU" DataType="text" Length="1"><Prompt><TranslatedText Type="text/plain" xml:lang="en">Unit</TranslatedText></Prompt><CodeListRef CodeListOID="CL.SIXMW_02_SIXMW105_5.SIXMW105_FTORRESU.C71620" /><Alias Context="SDTM" Name="FTORRESU = m when FTTESTCD = SIXMW105" /><Alias Context="CDASH" Name="SIXMW105_FTORRESU" /></ItemDef><ItemDef OID="IT.SIXMW_02_2_SIXMW106_6.SIXMW106_FTORRES" Name="SIXMW106_FTORRES" DataType="integer" Length="3"><Prompt><TranslatedText Type="text/plain" xml:lang="en">Distance at 6 Minutes</TranslatedText></Prompt><Alias Context="SDTM" Name="FTORRES when FTTESTCD = SIXMW106" /><Alias Context="CDASH" Name="SIXMW106_FTORRES" /></ItemDef><ItemDef OID="IT.SIXMW_02_2_SIXMW106_6.SIXMW106_FTORRESU" Name="SIXMW106_FTORRESU" DataType="text" Length="1"><Prompt><TranslatedText Type="text/plain" xml:lang="en">Unit</TranslatedText></Prompt><CodeListRef CodeListOID="CL.SIXMW_02_SIXMW106_6.SIXMW106_FTORRESU.C71620" /><Alias Context="SDTM" Name="FTORRESU = m when FTTESTCD = SIXMW106" /><Alias Context="CDASH" Name="SIXMW106_FTORRESU" /></ItemDef><CodeList OID="CL.SIXMW_01_SIXMW1_1.SIXMW1_FTPERF.C66742" Name="NY" DataType="text"><CodeListItem CodedValue="N"><Decode><TranslatedText Type="text/plain" xml:lang="en">No</TranslatedText></Decode></CodeListItem><CodeListItem CodedValue="Y"><Decode><TranslatedText Type="text/plain" xml:lang="en">Yes</TranslatedText></Decode></CodeListItem><Coding System="https://www.cdisc.org/standards/terminology" Code="C66742" SystemName="CDISC/NCI CT" /></CodeList><CodeList OID="CL.SIXMW_01_SIXMW1_1.SIXMW1_FTCAT.C115304" Name="FTCAT" DataType="text"><CodeListItem CodedValue="SIX MINUTE WALK"><Coding System="https://www.cdisc.org/standards/terminology" Code="C115789" SystemName="CDISC/NCI CT" /></CodeListItem><Coding System="https://www.cdisc.org/standards/terminology" Code="C115304" SystemName="CDISC/NCI CT" /></CodeList><CodeList OID="CL.SIXMW_02_SIXMW101_1.SIXMW101_FTORRESU.C71620" Name="UNIT" DataType="text"><CodeListItem CodedValue="m"><Coding System="https://www.cdisc.org/standards/terminology" Code="C41139" SystemName="CDISC/NCI CT" /></CodeListItem><Coding System="https://www.cdisc.org/standards/terminology" Code="C71620" SystemName="CDISC/NCI CT" /></CodeList><CodeList OID="CL.SIXMW_02_SIXMW102_2.SIXMW102_FTORRESU.C71620" Name="UNIT" DataType="text"><CodeListItem CodedValue="m"><Coding System="https://www.cdisc.org/standards/terminology" Code="C41139" SystemName="CDISC/NCI CT" /></CodeListItem><Coding System="https://www.cdisc.org/standards/terminology" Code="C71620" SystemName="CDISC/NCI CT" /></CodeList><CodeList OID="CL.SIXMW_02_SIXMW103_3.SIXMW103_FTORRESU.C71620" Name="UNIT" DataType="text"><CodeListItem CodedValue="m"><Coding System="https://www.cdisc.org/standards/terminology" Code="C41139" SystemName="CDISC/NCI CT" /></CodeListItem><Coding System="https://www.cdisc.org/standards/terminology" Code="C71620" SystemName="CDISC/NCI CT" /></CodeList><CodeList OID="CL.SIXMW_02_SIXMW104_4.SIXMW104_FTORRESU.C71620" Name="UNIT" DataType="text"><CodeListItem CodedValue="m"><Coding System="https://www.cdisc.org/standards/terminology" Code="C41139" SystemName="CDISC/NCI CT" /></CodeListItem><Coding System="https://www.cdisc.org/standards/terminology" Code="C71620" SystemName="CDISC/NCI CT" /></CodeList><CodeList OID="CL.SIXMW_02_SIXMW105_5.SIXMW105_FTORRESU.C71620" Name="UNIT" DataType="text"><CodeListItem CodedValue="m"><Coding System="https://www.cdisc.org/standards/terminology" Code="C41139" SystemName="CDISC/NCI CT" /></CodeListItem><Coding System="https://www.cdisc.org/standards/terminology" Code="C71620" SystemName="CDISC/NCI CT" /></CodeList><CodeList OID="CL.SIXMW_02_SIXMW106_6.SIXMW106_FTORRESU.C71620" Name="UNIT" DataType="text"><CodeListItem CodedValue="m"><Coding System="https://www.cdisc.org/standards/terminology" Code="C41139" SystemName="CDISC/NCI CT" /></CodeListItem><Coding System="https://www.cdisc.org/standards/terminology" Code="C71620" SystemName="CDISC/NCI CT" /></CodeList></MetaDataVersion></Study></ODM>