{"FileOID": "ODM.CDASH.POC", "Granularity": "Metadata", "CreationDateTime": "2025-09-17T21:22:49.106399+00:00", "ODMVersion": "2.0", "FileType": "Snapshot", "Originator": "Lex Jansen", "SourceSystem": "odmlib", "SourceSystemVersion": "0.1", "Study": [{"OID": "ODM.CDASH.STUDY", "StudyName": "CDISC360i CDASH POC Study", "Description": {"TranslatedText": [{"_content": "CDISC360i CDASH POC Study", "Type": "text/plain", "lang": "en"}]}, "ProtocolName": "CDISC360i CDASH POC Study protocol", "MetaDataVersion": [{"OID": "ODM.CDASH.STUDY.MDV", "Name": "CDISC360i CDASH POC Study Metadata Version", "Description": {"TranslatedText": [{"_content": "CDISC360i CDASH ODM 2.0 metadata version", "Type": "text/plain", "lang": "en"}]}, "ItemGroupDef": [{"OID": "IG_FORM.SIXMW1", "Name": "Six Minute Walk Test", "Repeating": "No", "Type": "Form", "Description": {"TranslatedText": [{"_content": "Six Minute Walk Test", "Type": "text/plain", "lang": "en"}]}, "ItemGroupRef": [{"ItemGroupOID": "IG.SIXMW_01_1", "OrderNumber": 1, "Mandatory": "Yes"}, {"ItemGroupOID": "IG.SIXMW_02_2", "OrderNumber": 2, "Mandatory": "Yes"}], "Alias": [{"Context": "formAnnotation", "Name": "DOMAIN = FT; FTCAT = SIX MINUTE WALK"}]}, {"OID": "IG.SIXMW_01_1", "Name": "6 Minute Walk Test - Lead Question", "Repeating": "No", "Type": "Section", "Description": {"TranslatedText": [{"_content": "6 Minute Walk Test - Lead Question", "Type": "text/plain", "lang": "en"}]}, "ItemGroupRef": [{"ItemGroupOID": "IG.SIXMW_01_1_SIXMW1_1", "OrderNumber": 1, "Mandatory": "Yes"}], "Alias": []}, {"OID": "IG.SIXMW_02_2", "Name": "6 Minute Walk Test", "Repeating": "No", "Type": "Section", "Description": {"TranslatedText": [{"_content": "6 Minute Walk Test", "Type": "text/plain", "lang": "en"}]}, "ItemGroupRef": [{"ItemGroupOID": "IG.SIXMW_02_2_SIXMW101_1", "OrderNumber": 1, "Mandatory": "Yes"}, {"ItemGroupOID": "IG.SIXMW_02_2_SIXMW102_2", "OrderNumber": 2, "Mandatory": "Yes"}, {"ItemGroupOID": "IG.SIXMW_02_2_SIXMW103_3", "OrderNumber": 3, "Mandatory": "Yes"}, {"ItemGroupOID": "IG.SIXMW_02_2_SIXMW104_4", "OrderNumber": 4, "Mandatory": "Yes"}, {"ItemGroupOID": "IG.SIXMW_02_2_SIXMW105_5", "OrderNumber": 5, "Mandatory": "Yes"}, {"ItemGroupOID": "IG.SIXMW_02_2_SIXMW106_6", "OrderNumber": 6, "Mandatory": "Yes"}], "Alias": []}, {"OID": "IG.SIXMW_01_1_SIXMW1_1", "Name": "Six Minute Walk Test", "Repeating": "No", "Type": "Concept", "Description": {"TranslatedText": [{"_content": "Six Minute Walk Test", "Type": "text/plain", "lang": "en"}]}, "ItemRef": [{"ItemOID": "IT.SIXMW_01_1_SIXMW1_1.SIXMW1_FTPERF", "OrderNumber": 1, "Mandatory": "No"}, {"ItemOID": "IT.SIXMW_01_1_SIXMW1_1.SIXMW1_FTDAT", "OrderNumber": 2, "Mandatory": "Yes"}, {"ItemOID": "IT.SIXMW_01_1_SIXMW1_1.SIXMW1_FTCAT", "OrderNumber": 3, "Mandatory": "Yes", "PreSpecifiedValue": "SIX MINUTE WALK"}, {"ItemOID": "IT.SIXMW_01_1_SIXMW1_1.SIXMW1_FTASTDEV", "OrderNumber": 4, "Mandatory": "Yes"}], "Coding": [{"System": "/mdr/bc/biomedicalconcepts/C115789", "Code": "C115789", "SystemName": "CDISC Biomedical Concept"}]}, {"OID": "IG.SIXMW_02_2_SIXMW101_1", "Name": "SIXMW1-Distance at 1 Minute", "Repeating": "No", "Type": "Concept", "Description": {"TranslatedText": [{"_content": "SIXMW1-Distance at 1 Minute", "Type": "text/plain", "lang": "en"}]}, "ItemRef": [{"ItemOID": "IT.SIXMW_02_2_SIXMW101_1.SIXMW101_FTORRES", "OrderNumber": 1, "Mandatory": "Yes"}, {"ItemOID": "IT.SIXMW_02_2_SIXMW101_1.SIXMW101_FTORRESU", "OrderNumber": 2, "Mandatory": "Yes", "PreSpecifiedValue": "m"}], "Coding": [{"System": "/mdr/bc/biomedicalconcepts/C115800", "Code": "C115800", "SystemName": "CDISC Biomedical Concept"}, {"System": "/mdr/specializations/sdtm/datasetspecializations/SIXMW101", "Code": "SIXMW101", "SystemName": "CDISC SDTM Dataset Specialization"}]}, {"OID": "IG.SIXMW_02_2_SIXMW102_2", "Name": "SIXMW1-Distance at 2 Minute", "Repeating": "No", "Type": "Concept", "Description": {"TranslatedText": [{"_content": "SIXMW1-Distance at 2 Minute", "Type": "text/plain", "lang": "en"}]}, "ItemRef": [{"ItemOID": "IT.SIXMW_02_2_SIXMW102_2.SIXMW102_FTORRES", "OrderNumber": 1, "Mandatory": "Yes"}, {"ItemOID": "IT.SIXMW_02_2_SIXMW102_2.SIXMW102_FTORRESU", "OrderNumber": 2, "Mandatory": "Yes", "PreSpecifiedValue": "m"}], "Coding": [{"System": "/mdr/bc/biomedicalconcepts/C115801", "Code": "C115801", "SystemName": "CDISC Biomedical Concept"}, {"System": "/mdr/specializations/sdtm/datasetspecializations/SIXMW102", "Code": "SIXMW102", "SystemName": "CDISC SDTM Dataset Specialization"}]}, {"OID": "IG.SIXMW_02_2_SIXMW103_3", "Name": "SIXMW1-Distance at 3 Minute", "Repeating": "No", "Type": "Concept", "Description": {"TranslatedText": [{"_content": "SIXMW1-Distance at 3 Minute", "Type": "text/plain", "lang": "en"}]}, "ItemRef": [{"ItemOID": "IT.SIXMW_02_2_SIXMW103_3.SIXMW103_FTORRES", "OrderNumber": 1, "Mandatory": "Yes"}, {"ItemOID": "IT.SIXMW_02_2_SIXMW103_3.SIXMW103_FTORRESU", "OrderNumber": 2, "Mandatory": "Yes", "PreSpecifiedValue": "m"}], "Coding": [{"System": "/mdr/bc/biomedicalconcepts/C115802", "Code": "C115802", "SystemName": "CDISC Biomedical Concept"}, {"System": "/mdr/specializations/sdtm/datasetspecializations/SIXMW103", "Code": "SIXMW103", "SystemName": "CDISC SDTM Dataset Specialization"}]}, {"OID": "IG.SIXMW_02_2_SIXMW104_4", "Name": "SIXMW1-Distance at 4 Minute", "Repeating": "No", "Type": "Concept", "Description": {"TranslatedText": [{"_content": "SIXMW1-Distance at 4 Minute", "Type": "text/plain", "lang": "en"}]}, "ItemRef": [{"ItemOID": "IT.SIXMW_02_2_SIXMW104_4.SIXMW104_FTORRES", "OrderNumber": 1, "Mandatory": "Yes"}, {"ItemOID": "IT.SIXMW_02_2_SIXMW104_4.SIXMW104_FTORRESU", "OrderNumber": 2, "Mandatory": "Yes", "PreSpecifiedValue": "m"}], "Coding": [{"System": "/mdr/bc/biomedicalconcepts/C115803", "Code": "C115803", "SystemName": "CDISC Biomedical Concept"}, {"System": "/mdr/specializations/sdtm/datasetspecializations/SIXMW104", "Code": "SIXMW104", "SystemName": "CDISC SDTM Dataset Specialization"}]}, {"OID": "IG.SIXMW_02_2_SIXMW105_5", "Name": "SIXMW1-Distance at 5 Minute", "Repeating": "No", "Type": "Concept", "Description": {"TranslatedText": [{"_content": "SIXMW1-Distance at 5 Minute", "Type": "text/plain", "lang": "en"}]}, "ItemRef": [{"ItemOID": "IT.SIXMW_02_2_SIXMW105_5.SIXMW105_FTORRES", "OrderNumber": 1, "Mandatory": "Yes"}, {"ItemOID": "IT.SIXMW_02_2_SIXMW105_5.SIXMW105_FTORRESU", "OrderNumber": 2, "Mandatory": "Yes", "PreSpecifiedValue": "m"}], "Coding": [{"System": "/mdr/bc/biomedicalconcepts/C115804", "Code": "C115804", "SystemName": "CDISC Biomedical Concept"}, {"System": "/mdr/specializations/sdtm/datasetspecializations/SIXMW105", "Code": "SIXMW105", "SystemName": "CDISC SDTM Dataset Specialization"}]}, {"OID": "IG.SIXMW_02_2_SIXMW106_6", "Name": "SIXMW1-Distance at 6 Minute", "Repeating": "No", "Type": "Concept", "Description": {"TranslatedText": [{"_content": "SIXMW1-Distance at 6 Minute", "Type": "text/plain", "lang": "en"}]}, "ItemRef": [{"ItemOID": "IT.SIXMW_02_2_SIXMW106_6.SIXMW106_FTORRES", "OrderNumber": 1, "Mandatory": "Yes"}, {"ItemOID": "IT.SIXMW_02_2_SIXMW106_6.SIXMW106_FTORRESU", "OrderNumber": 2, "Mandatory": "Yes", "PreSpecifiedValue": "m"}], "Coding": [{"System": "/mdr/bc/biomedicalconcepts/C115805", "Code": "C115805", "SystemName": "CDISC Biomedical Concept"}, {"System": "/mdr/specializations/sdtm/datasetspecializations/SIXMW106", "Code": "SIXMW106", "SystemName": "CDISC SDTM Dataset Specialization"}]}], "ItemDef": [{"OID": "IT.SIXMW_01_1_SIXMW1_1.SIXMW1_FTPERF", "Name": "SIXMW1_FTPERF", "DataType": "text", "Length": 1, "Question": {"TranslatedText": [{"_content": "Was the Six Minute Walk Test performed?", "Type": "text/plain", "lang": "en"}]}, "CodeListRef": {"CodeListOID": "CL.SIXMW_01_SIXMW1_1.SIXMW1_FTPERF.C66742"}, "Alias": [{"Context": "SDTM", "Name": "[NOT SUBMITTED]; FTSTAT = NOT DONE"}]}, {"OID": "IT.SIXMW_01_1_SIXMW1_1.SIXMW1_FTDAT", "Name": "SIXMW1_FTDAT", "DataType": "date", "Length": 10, "Prompt": {"TranslatedText": [{"_content": "Date of Assessment", "Type": "text/plain", "lang": "en"}]}, "Alias": [{"Context": "SDTM", "Name": "FTDTC"}]}, {"OID": "IT.SIXMW_01_1_SIXMW1_1.SIXMW1_FTCAT", "Name": "SIXMW1_FTCAT", "DataType": "text", "Length": 50, "Prompt": {"TranslatedText": [{"_content": "Category", "Type": "text/plain", "lang": "en"}]}, "CodeListRef": {"CodeListOID": "CL.SIXMW_01_SIXMW1_1.SIXMW1_FTCAT.C115304"}, "Alias": [{"Context": "SDTM", "Name": "FTCAT = SIX MINUTE WALK"}]}, {"OID": "IT.SIXMW_01_1_SIXMW1_1.SIXMW1_FTASTDEV", "Name": "SIXMW1_FTASTDEV", "DataType": "text", "Length": 200, "Prompt": {"TranslatedText": [{"_content": "Assisted Device", "Type": "text/plain", "lang": "en"}]}, "Alias": [{"Context": "SDTM", "Name": "FTASTDEV in SUPPFT"}]}, {"OID": "IT.SIXMW_02_2_SIXMW101_1.SIXMW101_FTORRES", "Name": "SIXMW101_FTORRES", "DataType": "integer", "Length": 3, "Prompt": {"TranslatedText": [{"_content": "Distance at 1 Minute", "Type": "text/plain", "lang": "en"}]}, "Alias": [{"Context": "SDTM", "Name": "FTORRES when FTTESTCD = SIXMW101"}]}, {"OID": "IT.SIXMW_02_2_SIXMW101_1.SIXMW101_FTORRESU", "Name": "SIXMW101_FTORRESU", "DataType": "text", "Length": 1, "Prompt": {"TranslatedText": [{"_content": "Unit", "Type": "text/plain", "lang": "en"}]}, "CodeListRef": {"CodeListOID": "CL.SIXMW_02_SIXMW101_1.SIXMW101_FTORRESU.C71620"}, "Alias": [{"Context": "SDTM", "Name": "FTORRESU = m when FTTESTCD = SIXMW101"}]}, {"OID": "IT.SIXMW_02_2_SIXMW102_2.SIXMW102_FTORRES", "Name": "SIXMW102_FTORRES", "DataType": "integer", "Length": 3, "Prompt": {"TranslatedText": [{"_content": "Distance at 2 Minutes", "Type": "text/plain", "lang": "en"}]}, "Alias": [{"Context": "SDTM", "Name": "FTORRES when FTTESTCD = SIXMW102"}]}, {"OID": "IT.SIXMW_02_2_SIXMW102_2.SIXMW102_FTORRESU", "Name": "SIXMW102_FTORRESU", "DataType": "text", "Length": 1, "Prompt": {"TranslatedText": [{"_content": "Unit", "Type": "text/plain", "lang": "en"}]}, "CodeListRef": {"CodeListOID": "CL.SIXMW_02_SIXMW102_2.SIXMW102_FTORRESU.C71620"}, "Alias": [{"Context": "SDTM", "Name": "FTORRESU = m when FTTESTCD = SIXMW102"}]}, {"OID": "IT.SIXMW_02_2_SIXMW103_3.SIXMW103_FTORRES", "Name": "SIXMW103_FTORRES", "DataType": "integer", "Length": 3, "Prompt": {"TranslatedText": [{"_content": "Distance at 3 Minutes", "Type": "text/plain", "lang": "en"}]}, "Alias": [{"Context": "SDTM", "Name": "FTORRES when FTTESTCD = SIXMW103"}]}, {"OID": "IT.SIXMW_02_2_SIXMW103_3.SIXMW103_FTORRESU", "Name": "SIXMW103_FTORRESU", "DataType": "text", "Length": 1, "Prompt": {"TranslatedText": [{"_content": "Unit", "Type": "text/plain", "lang": "en"}]}, "CodeListRef": {"CodeListOID": "CL.SIXMW_02_SIXMW103_3.SIXMW103_FTORRESU.C71620"}, "Alias": [{"Context": "SDTM", "Name": "FTORRESU = m when FTTESTCD = SIXMW103"}]}, {"OID": "IT.SIXMW_02_2_SIXMW104_4.SIXMW104_FTORRES", "Name": "SIXMW104_FTORRES", "DataType": "integer", "Length": 3, "Prompt": {"TranslatedText": [{"_content": "Distance at 4 Minutes", "Type": "text/plain", "lang": "en"}]}, "Alias": [{"Context": "SDTM", "Name": "FTORRES when FTTESTCD = SIXMW104"}]}, {"OID": "IT.SIXMW_02_2_SIXMW104_4.SIXMW104_FTORRESU", "Name": "SIXMW104_FTORRESU", "DataType": "text", "Length": 1, "Prompt": {"TranslatedText": [{"_content": "Unit", "Type": "text/plain", "lang": "en"}]}, "CodeListRef": {"CodeListOID": "CL.SIXMW_02_SIXMW104_4.SIXMW104_FTORRESU.C71620"}, "Alias": [{"Context": "SDTM", "Name": "FTORRESU = m when FTTESTCD = SIXMW104"}]}, {"OID": "IT.SIXMW_02_2_SIXMW105_5.SIXMW105_FTORRES", "Name": "SIXMW105_FTORRES", "DataType": "integer", "Length": 3, "Prompt": {"TranslatedText": [{"_content": "Distance at 5 Minutes", "Type": "text/plain", "lang": "en"}]}, "Alias": [{"Context": "SDTM", "Name": "FTORRES when FTTESTCD = SIXMW105"}]}, {"OID": "IT.SIXMW_02_2_SIXMW105_5.SIXMW105_FTORRESU", "Name": "SIXMW105_FTORRESU", "DataType": "text", "Length": 1, "Prompt": {"TranslatedText": [{"_content": "Unit", "Type": "text/plain", "lang": "en"}]}, "CodeListRef": {"CodeListOID": "CL.SIXMW_02_SIXMW105_5.SIXMW105_FTORRESU.C71620"}, "Alias": [{"Context": "SDTM", "Name": "FTORRESU = m when FTTESTCD = SIXMW105"}]}, {"OID": "IT.SIXMW_02_2_SIXMW106_6.SIXMW106_FTORRES", "Name": "SIXMW106_FTORRES", "DataType": "integer", "Length": 3, "Prompt": {"TranslatedText": [{"_content": "Distance at 6 Minutes", "Type": "text/plain", "lang": "en"}]}, "Alias": [{"Context": "SDTM", "Name": "FTORRES when FTTESTCD = SIXMW106"}]}, {"OID": "IT.SIXMW_02_2_SIXMW106_6.SIXMW106_FTORRESU", "Name": "SIXMW106_FTORRESU", "DataType": "text", "Length": 1, "Prompt": {"TranslatedText": [{"_content": "Unit", "Type": "text/plain", "lang": "en"}]}, "CodeListRef": {"CodeListOID": "CL.SIXMW_02_SIXMW106_6.SIXMW106_FTORRESU.C71620"}, "Alias": [{"Context": "SDTM", "Name": "FTORRESU = m when FTTESTCD = SIXMW106"}]}], "CodeList": [{"OID": "CL.SIXMW_01_SIXMW1_1.SIXMW1_FTPERF.C66742", "Name": "NY", "DataType": "text", "CodeListItem": [{"CodedValue": "N", "Decode": {"TranslatedText": [{"_content": "No", "Type": "text/plain", "lang": "en"}]}}, {"CodedValue": "Y", "Decode": {"TranslatedText": [{"_content": "Yes", "Type": "text/plain", "lang": "en"}]}}], "Coding": [{"System": "https://www.cdisc.org/standards/terminology", "Code": "C66742", "SystemName": "CDISC/NCI CT"}]}, {"OID": "CL.SIXMW_01_SIXMW1_1.SIXMW1_FTCAT.C115304", "Name": "FTCAT", "DataType": "text", "CodeListItem": [{"CodedValue": "SIX MINUTE WALK", "Coding": [{"System": "https://www.cdisc.org/standards/terminology", "Code": "C115789", "SystemName": "CDISC/NCI CT"}]}], "Coding": [{"System": "https://www.cdisc.org/standards/terminology", "Code": "C115304", "SystemName": "CDISC/NCI CT"}]}, {"OID": "CL.SIXMW_02_SIXMW101_1.SIXMW101_FTORRESU.C71620", "Name": "UNIT", "DataType": "text", "CodeListItem": [{"CodedValue": "m", "Coding": [{"System": "https://www.cdisc.org/standards/terminology", "Code": "C41139", "SystemName": "CDISC/NCI CT"}]}], "Coding": [{"System": "https://www.cdisc.org/standards/terminology", "Code": "C71620", "SystemName": "CDISC/NCI CT"}]}, {"OID": "CL.SIXMW_02_SIXMW102_2.SIXMW102_FTORRESU.C71620", "Name": "UNIT", "DataType": "text", "CodeListItem": [{"CodedValue": "m", "Coding": [{"System": "https://www.cdisc.org/standards/terminology", "Code": "C41139", "SystemName": "CDISC/NCI CT"}]}], "Coding": [{"System": "https://www.cdisc.org/standards/terminology", "Code": "C71620", "SystemName": "CDISC/NCI CT"}]}, {"OID": "CL.SIXMW_02_SIXMW103_3.SIXMW103_FTORRESU.C71620", "Name": "UNIT", "DataType": "text", "CodeListItem": [{"CodedValue": "m", "Coding": [{"System": "https://www.cdisc.org/standards/terminology", "Code": "C41139", "SystemName": "CDISC/NCI CT"}]}], "Coding": [{"System": "https://www.cdisc.org/standards/terminology", "Code": "C71620", "SystemName": "CDISC/NCI CT"}]}, {"OID": "CL.SIXMW_02_SIXMW104_4.SIXMW104_FTORRESU.C71620", "Name": "UNIT", "DataType": "text", "CodeListItem": [{"CodedValue": "m", "Coding": [{"System": "https://www.cdisc.org/standards/terminology", "Code": "C41139", "SystemName": "CDISC/NCI CT"}]}], "Coding": [{"System": "https://www.cdisc.org/standards/terminology", "Code": "C71620", "SystemName": "CDISC/NCI CT"}]}, {"OID": "CL.SIXMW_02_SIXMW105_5.SIXMW105_FTORRESU.C71620", "Name": "UNIT", "DataType": "text", "CodeListItem": [{"CodedValue": "m", "Coding": [{"System": "https://www.cdisc.org/standards/terminology", "Code": "C41139", "SystemName": "CDISC/NCI CT"}]}], "Coding": [{"System": "https://www.cdisc.org/standards/terminology", "Code": "C71620", "SystemName": "CDISC/NCI CT"}]}, {"OID": "CL.SIXMW_02_SIXMW106_6.SIXMW106_FTORRESU.C71620", "Name": "UNIT", "DataType": "text", "CodeListItem": [{"CodedValue": "m", "Coding": [{"System": "https://www.cdisc.org/standards/terminology", "Code": "C41139", "SystemName": "CDISC/NCI CT"}]}], "Coding": [{"System": "https://www.cdisc.org/standards/terminology", "Code": "C71620", "SystemName": "CDISC/NCI CT"}]}]}]}]}