<?xml version='1.0' encoding='utf-8'?>
<ODM FileOID="ODM.CDASH.POC" Granularity="Metadata" CreationDateTime="2025-09-24T20:33:39.203354+00:00" ODMVersion="1.3.2" FileType="Snapshot" Originator="Lex Jansen" SourceSystem="odmlib" SourceSystemVersion="0.1" xmlns="http://www.cdisc.org/ns/odm/v1.3" xmlns:xs="http://www.w3.org/2001/XMLSchema-instance" xmlns:xml="http://www.w3.org/XML/1998/namespace" xmlns:xlink="http://www.w3.org/1999/xlink"><Study OID="ODM.CDASH.STUDY"><GlobalVariables><StudyName>Six Minute Walk Test</StudyName><StudyDescription>Six Minute Walk Test</StudyDescription><ProtocolName>Six Minute Walk Test</ProtocolName></GlobalVariables><BasicDefinitions><MeasurementUnit OID="mu.m" Name="m"><Symbol><TranslatedText>m</TranslatedText></Symbol></MeasurementUnit></BasicDefinitions><MetaDataVersion OID="ODM.CDASH.STUDY.MDV" Name="Six Minute Walk Test" Description="Six Minute Walk Test"><FormDef OID="FORM.SIXMW1" Name="Six Minute Walk Test" Repeating="No"><Description><TranslatedText xml:lang="en">Six Minute Walk Test</TranslatedText></Description><ItemGroupRef ItemGroupOID="IG.SIXMW_01_1" OrderNumber="1" Mandatory="Yes" /><ItemGroupRef ItemGroupOID="IG.SIXMW_02_2" OrderNumber="2" Mandatory="Yes" /><Alias Context="formAnnotation" Name="DOMAIN = FT; FTCAT = SIX MINUTE WALK" /></FormDef><ItemGroupDef OID="IG.SIXMW_01_1" Name="6 Minute Walk Test - Lead Question" Repeating="No"><ItemRef ItemOID="IT.SIXMW_01_1_SIXMW1_1.SIXMW1_FTPERF" OrderNumber="1" Mandatory="No" /><ItemRef ItemOID="IT.SIXMW_01_1_SIXMW1_1.SIXMW1_FTDAT" OrderNumber="2" Mandatory="Yes" /><ItemRef ItemOID="IT.SIXMW_01_1_SIXMW1_1.SIXMW1_FTCAT" OrderNumber="3" Mandatory="Yes" /><ItemRef ItemOID="IT.SIXMW_01_1_SIXMW1_1.SIXMW1_FTASTDEV" OrderNumber="4" Mandatory="Yes" /></ItemGroupDef><ItemGroupDef OID="IG.SIXMW_02_2" Name="6 Minute Walk Test" Repeating="No"><ItemRef ItemOID="IT.SIXMW_02_2_SIXMW101_1.SIXMW101_FTORRES" OrderNumber="1" Mandatory="Yes" /><ItemRef ItemOID="IT.SIXMW_02_2_SIXMW101_1.SIXMW101_FTORRESU" OrderNumber="2" Mandatory="Yes" /><ItemRef ItemOID="IT.SIXMW_02_2_SIXMW102_2.SIXMW102_FTORRES" OrderNumber="3" Mandatory="Yes" /><ItemRef ItemOID="IT.SIXMW_02_2_SIXMW102_2.SIXMW102_FTORRESU" OrderNumber="4" Mandatory="Yes" /><ItemRef ItemOID="IT.SIXMW_02_2_SIXMW103_3.SIXMW103_FTORRES" OrderNumber="5" Mandatory="Yes" /><ItemRef ItemOID="IT.SIXMW_02_2_SIXMW103_3.SIXMW103_FTORRESU" OrderNumber="6" Mandatory="Yes" /><ItemRef ItemOID="IT.SIXMW_02_2_SIXMW104_4.SIXMW104_FTORRES" OrderNumber="7" Mandatory="Yes" /><ItemRef ItemOID="IT.SIXMW_02_2_SIXMW104_4.SIXMW104_FTORRESU" OrderNumber="8" Mandatory="Yes" /><ItemRef ItemOID="IT.SIXMW_02_2_SIXMW105_5.SIXMW105_FTORRES" OrderNumber="9" Mandatory="Yes" /><ItemRef ItemOID="IT.SIXMW_02_2_SIXMW105_5.SIXMW105_FTORRESU" OrderNumber="10" Mandatory="Yes" /><ItemRef ItemOID="IT.SIXMW_02_2_SIXMW106_6.SIXMW106_FTORRES" OrderNumber="11" Mandatory="Yes" /><ItemRef ItemOID="IT.SIXMW_02_2_SIXMW106_6.SIXMW106_FTORRESU" OrderNumber="12" Mandatory="Yes" /></ItemGroupDef><ItemDef OID="IT.SIXMW_01_1_SIXMW1_1.SIXMW1_FTPERF" Name="SIXMW1_FTPERF" DataType="text" Length="1"><Description><TranslatedText xml:lang="en">FTPERF</TranslatedText></Description><Question><TranslatedText xml:lang="en">Was the Six Minute Walk Test performed?</TranslatedText></Question><CodeListRef CodeListOID="CL.SIXMW_01_SIXMW1_1.SIXMW1_FTPERF.C66742" /><Alias Context="SDTM" Name="[NOT SUBMITTED]; FTSTAT = NOT DONE" /><Alias Context="CDASH" Name="SIXMW1_FTPERF" /></ItemDef><ItemDef OID="IT.SIXMW_01_1_SIXMW1_1.SIXMW1_FTDAT" Name="SIXMW1_FTDAT" DataType="date" Length="10"><Description><TranslatedText xml:lang="en">FTDAT</TranslatedText></Description><Alias Context="prompt" Name="Date of Assessment" /><Alias Context="SDTM" Name="FTDTC" /><Alias Context="CDASH" Name="SIXMW1_FTDAT" /></ItemDef><ItemDef OID="IT.SIXMW_01_1_SIXMW1_1.SIXMW1_FTCAT" Name="SIXMW1_FTCAT" DataType="text" Length="50"><Description><TranslatedText xml:lang="en">FTCAT</TranslatedText></Description><CodeListRef CodeListOID="CL.SIXMW_01_SIXMW1_1.SIXMW1_FTCAT.C115304" /><Alias Context="prompt" Name="Category" /><Alias Context="SDTM" Name="FTCAT = SIX MINUTE WALK" /><Alias Context="CDASH" Name="SIXMW1_FTCAT" /></ItemDef><ItemDef OID="IT.SIXMW_01_1_SIXMW1_1.SIXMW1_FTASTDEV" Name="SIXMW1_FTASTDEV" DataType="text" Length="200"><Description><TranslatedText xml:lang="en">FTASTDEV</TranslatedText></Description><Alias Context="prompt" Name="Assisted Device" /><Alias Context="SDTM" Name="FTASTDEV in SUPPFT" /><Alias Context="CDASH" Name="SIXMW1_FTASTDEV" /></ItemDef><ItemDef OID="IT.SIXMW_02_2_SIXMW101_1.SIXMW101_FTORRES" Name="SIXMW101_FTORRES" DataType="integer" Length="3"><Description><TranslatedText xml:lang="en">FTORRES</TranslatedText></Description><Alias Context="prompt" Name="Distance at 1 Minute" /><Alias Context="SDTM" Name="FTORRES when FTTESTCD = SIXMW101" /><Alias Context="CDASH" Name="SIXMW101_FTORRES" /></ItemDef><ItemDef OID="IT.SIXMW_02_2_SIXMW101_1.SIXMW101_FTORRESU" Name="SIXMW101_FTORRESU" DataType="text" Length="1"><Description><TranslatedText xml:lang="en">FTORRESU</TranslatedText></Description><MeasurementUnitRef MeasurementUnitOID="mu.m" /><CodeListRef CodeListOID="CL.SIXMW_02_SIXMW101_1.SIXMW101_FTORRESU.C71620" /><Alias Context="prompt" Name="Unit" /><Alias Context="SDTM" Name="FTORRESU = m when FTTESTCD = SIXMW101" /><Alias Context="CDASH" Name="SIXMW101_FTORRESU" /></ItemDef><ItemDef OID="IT.SIXMW_02_2_SIXMW102_2.SIXMW102_FTORRES" Name="SIXMW102_FTORRES" DataType="integer" Length="3"><Description><TranslatedText xml:lang="en">FTORRES</TranslatedText></Description><Alias Context="prompt" Name="Distance at 2 Minutes" /><Alias Context="SDTM" Name="FTORRES when FTTESTCD = SIXMW102" /><Alias Context="CDASH" Name="SIXMW102_FTORRES" /></ItemDef><ItemDef OID="IT.SIXMW_02_2_SIXMW102_2.SIXMW102_FTORRESU" Name="SIXMW102_FTORRESU" DataType="text" Length="1"><Description><TranslatedText xml:lang="en">FTORRESU</TranslatedText></Description><MeasurementUnitRef MeasurementUnitOID="mu.m" /><CodeListRef CodeListOID="CL.SIXMW_02_SIXMW102_2.SIXMW102_FTORRESU.C71620" /><Alias Context="prompt" Name="Unit" /><Alias Context="SDTM" Name="FTORRESU = m when FTTESTCD = SIXMW102" /><Alias Context="CDASH" Name="SIXMW102_FTORRESU" /></ItemDef><ItemDef OID="IT.SIXMW_02_2_SIXMW103_3.SIXMW103_FTORRES" Name="SIXMW103_FTORRES" DataType="integer" Length="3"><Description><TranslatedText xml:lang="en">FTORRES</TranslatedText></Description><Alias Context="prompt" Name="Distance at 3 Minutes" /><Alias Context="SDTM" Name="FTORRES when FTTESTCD = SIXMW103" /><Alias Context="CDASH" Name="SIXMW103_FTORRES" /></ItemDef><ItemDef OID="IT.SIXMW_02_2_SIXMW103_3.SIXMW103_FTORRESU" Name="SIXMW103_FTORRESU" DataType="text" Length="1"><Description><TranslatedText xml:lang="en">FTORRESU</TranslatedText></Description><MeasurementUnitRef MeasurementUnitOID="mu.m" /><CodeListRef CodeListOID="CL.SIXMW_02_SIXMW103_3.SIXMW103_FTORRESU.C71620" /><Alias Context="prompt" Name="Unit" /><Alias Context="SDTM" Name="FTORRESU = m when FTTESTCD = SIXMW103" /><Alias Context="CDASH" Name="SIXMW103_FTORRESU" /></ItemDef><ItemDef OID="IT.SIXMW_02_2_SIXMW104_4.SIXMW104_FTORRES" Name="SIXMW104_FTORRES" DataType="integer" Length="3"><Description><TranslatedText xml:lang="en">FTORRES</TranslatedText></Description><Alias Context="prompt" Name="Distance at 4 Minutes" /><Alias Context="SDTM" Name="FTORRES when FTTESTCD = SIXMW104" /><Alias Context="CDASH" Name="SIXMW104_FTORRES" /></ItemDef><ItemDef OID="IT.SIXMW_02_2_SIXMW104_4.SIXMW104_FTORRESU" Name="SIXMW104_FTORRESU" DataType="text" Length="1"><Description><TranslatedText xml:lang="en">FTORRESU</TranslatedText></Description><MeasurementUnitRef MeasurementUnitOID="mu.m" /><CodeListRef CodeListOID="CL.SIXMW_02_SIXMW104_4.SIXMW104_FTORRESU.C71620" /><Alias Context="prompt" Name="Unit" /><Alias Context="SDTM" Name="FTORRESU = m when FTTESTCD = SIXMW104" /><Alias Context="CDASH" Name="SIXMW104_FTORRESU" /></ItemDef><ItemDef OID="IT.SIXMW_02_2_SIXMW105_5.SIXMW105_FTORRES" Name="SIXMW105_FTORRES" DataType="integer" Length="3"><Description><TranslatedText xml:lang="en">FTORRES</TranslatedText></Description><Alias Context="prompt" Name="Distance at 5 Minutes" /><Alias Context="SDTM" Name="FTORRES when FTTESTCD = SIXMW105" /><Alias Context="CDASH" Name="SIXMW105_FTORRES" /></ItemDef><ItemDef OID="IT.SIXMW_02_2_SIXMW105_5.SIXMW105_FTORRESU" Name="SIXMW105_FTORRESU" DataType="text" Length="1"><Description><TranslatedText xml:lang="en">FTORRESU</TranslatedText></Description><MeasurementUnitRef MeasurementUnitOID="mu.m" /><CodeListRef CodeListOID="CL.SIXMW_02_SIXMW105_5.SIXMW105_FTORRESU.C71620" /><Alias Context="prompt" Name="Unit" /><Alias Context="SDTM" Name="FTORRESU = m when FTTESTCD = SIXMW105" /><Alias Context="CDASH" Name="SIXMW105_FTORRESU" /></ItemDef><ItemDef OID="IT.SIXMW_02_2_SIXMW106_6.SIXMW106_FTORRES" Name="SIXMW106_FTORRES" DataType="integer" Length="3"><Description><TranslatedText xml:lang="en">FTORRES</TranslatedText></Description><Alias Context="prompt" Name="Distance at 6 Minutes" /><Alias Context="SDTM" Name="FTORRES when FTTESTCD = SIXMW106" /><Alias Context="CDASH" Name="SIXMW106_FTORRES" /></ItemDef><ItemDef OID="IT.SIXMW_02_2_SIXMW106_6.SIXMW106_FTORRESU" Name="SIXMW106_FTORRESU" DataType="text" Length="1"><Description><TranslatedText xml:lang="en">FTORRESU</TranslatedText></Description><MeasurementUnitRef MeasurementUnitOID="mu.m" /><CodeListRef CodeListOID="CL.SIXMW_02_SIXMW106_6.SIXMW106_FTORRESU.C71620" /><Alias Context="prompt" Name="Unit" /><Alias Context="SDTM" Name="FTORRESU = m when FTTESTCD = SIXMW106" /><Alias Context="CDASH" Name="SIXMW106_FTORRESU" /></ItemDef><CodeList OID="CL.SIXMW_01_SIXMW1_1.SIXMW1_FTPERF.C66742" Name="NY" DataType="text"><CodeListItem CodedValue="N"><Decode><TranslatedText xml:lang="en">No</TranslatedText></Decode></CodeListItem><CodeListItem CodedValue="Y"><Decode><TranslatedText xml:lang="en">Yes</TranslatedText></Decode></CodeListItem></CodeList><CodeList OID="CL.SIXMW_01_SIXMW1_1.SIXMW1_FTCAT.C115304" Name="FTCAT" DataType="text"><EnumeratedItem CodedValue="SIX MINUTE WALK" /></CodeList><CodeList OID="CL.SIXMW_02_SIXMW101_1.SIXMW101_FTORRESU.C71620" Name="UNIT" DataType="text"><EnumeratedItem CodedValue="m" /></CodeList><CodeList OID="CL.SIXMW_02_SIXMW102_2.SIXMW102_FTORRESU.C71620" Name="UNIT" DataType="text"><EnumeratedItem CodedValue="m" /></CodeList><CodeList OID="CL.SIXMW_02_SIXMW103_3.SIXMW103_FTORRESU.C71620" Name="UNIT" DataType="text"><EnumeratedItem CodedValue="m" /></CodeList><CodeList OID="CL.SIXMW_02_SIXMW104_4.SIXMW104_FTORRESU.C71620" Name="UNIT" DataType="text"><EnumeratedItem CodedValue="m" /></CodeList><CodeList OID="CL.SIXMW_02_SIXMW105_5.SIXMW105_FTORRESU.C71620" Name="UNIT" DataType="text"><EnumeratedItem CodedValue="m" /></CodeList><CodeList OID="CL.SIXMW_02_SIXMW106_6.SIXMW106_FTORRESU.C71620" Name="UNIT" DataType="text"><EnumeratedItem CodedValue="m" /></CodeList></MetaDataVersion></Study></ODM>