{"FileOID": "ODM.CDASH.POC", "Granularity": "Metadata", "CreationDateTime": "2025-11-26T20:26:07.272232+00:00", "ODMVersion": "1.3.2", "FileType": "Snapshot", "Originator": "Lex Jansen", "SourceSystem": "odmlib", "SourceSystemVersion": "0.1", "Study": [{"OID": "ODM.CDASH.STUDY", "GlobalVariables": {"StudyName": {"_content": "Vital Signs"}, "StudyDescription": {"_content": "Vital Signs"}, "ProtocolName": {"_content": "Vital Signs"}}, "BasicDefinitions": {"MeasurementUnit": [{"OID": "mu.beats/min", "Name": "beats/min", "Symbol": {"TranslatedText": [{"_content": "beats/min"}]}}, {"OID": "mu.mmHg", "Name": "mmHg", "Symbol": {"TranslatedText": [{"_content": "mmHg"}]}}, {"OID": "mu.breaths/min", "Name": "breaths/min", "Symbol": {"TranslatedText": [{"_content": "breaths/min"}]}}]}, "MetaDataVersion": [{"OID": "ODM.CDASH.STUDY.MDV", "Name": "Vital Signs", "Description": "Vital Signs", "ItemGroupDef": [{"OID": "FORM.VS1", "Name": "Vital Signs", "Repeating": "No", "Description": {"TranslatedText": [{"_content": "Vital Signs", "lang": "en"}]}, "ItemGroupRef": [{"ItemGroupOID": "IG.VS_01_1", "OrderNumber": 1, "Mandatory": "Yes"}, {"ItemGroupOID": "IG.VS_02_2", "OrderNumber": 2, "Mandatory": "Yes"}], "Alias": [{"Context": "formAnnotation", "Name": "DOMAIN = VS"}]}, {"OID": "IG.VS_01_1", "Name": "Vital Signs Performed", "Repeating": "No", "ItemRef": [{"ItemOID": "IT.VS_01_1_VSPERF_1.VSPERF", "OrderNumber": 1, "Mandatory": "Yes"}, {"ItemOID": "IT.VS_01_1_VSPERF_1.VSDAT", "OrderNumber": 2, "Mandatory": "No"}], "Alias": []}, {"OID": "IG.VS_02_2", "Name": "Vital Signs", "Repeating": "Yes", "ItemRef": [{"ItemOID": "IT.VS_02_2_SYSBP_DENORMALIZED_1.VSDAT", "OrderNumber": 1, "Mandatory": "No"}, {"ItemOID": "IT.VS_02_2_SYSBP_DENORMALIZED_1.SYSBP_VSPOS", "OrderNumber": 2, "Mandatory": "No"}, {"ItemOID": "IT.VS_02_2_SYSBP_DENORMALIZED_1.SYSBP_VSLOC", "OrderNumber": 3, "Mandatory": "No"}, {"ItemOID": "IT.VS_02_2_SYSBP_DENORMALIZED_1.SYSBP_VSORRES", "OrderNumber": 4, "Mandatory": "Yes"}, {"ItemOID": "IT.VS_02_2_SYSBP_DENORMALIZED_1.SYSBP_VSORRESU", "OrderNumber": 5, "Mandatory": "Yes"}, {"ItemOID": "IT.VS_02_2_DIABP_DENORMALIZED_2.VSDAT", "OrderNumber": 6, "Mandatory": "No"}, {"ItemOID": "IT.VS_02_2_DIABP_DENORMALIZED_2.DIABP_VSPOS", "OrderNumber": 7, "Mandatory": "No"}, {"ItemOID": "IT.VS_02_2_DIABP_DENORMALIZED_2.DIABP_VSLOC", "OrderNumber": 8, "Mandatory": "No"}, {"ItemOID": "IT.VS_02_2_DIABP_DENORMALIZED_2.DIABP_VSORRES", "OrderNumber": 9, "Mandatory": "Yes"}, {"ItemOID": "IT.VS_02_2_DIABP_DENORMALIZED_2.DIABP_VSORRESU", "OrderNumber": 10, "Mandatory": "Yes"}, {"ItemOID": "IT.VS_02_2_HEIGHT_DENORMALIZED_3.VSDAT", "OrderNumber": 11, "Mandatory": "No"}, {"ItemOID": "IT.VS_02_2_HEIGHT_DENORMALIZED_3.HEIGHT_VSORRES", "OrderNumber": 12, "Mandatory": "Yes"}, {"ItemOID": "IT.VS_02_2_HEIGHT_DENORMALIZED_3.HEIGHT_VSORRESU", "OrderNumber": 13, "Mandatory": "Yes"}, {"ItemOID": "IT.VS_02_2_WEIGHT_DENORMALIZED_4.VSDAT", "OrderNumber": 14, "Mandatory": "No"}, {"ItemOID": "IT.VS_02_2_WEIGHT_DENORMALIZED_4.WEIGHT_VSORRES", "OrderNumber": 15, "Mandatory": "Yes"}, {"ItemOID": "IT.VS_02_2_WEIGHT_DENORMALIZED_4.WEIGHT_VSORRESU", "OrderNumber": 16, "Mandatory": "Yes"}, {"ItemOID": "IT.VS_02_2_BMI_DENORMALIZED_5.VSDAT", "OrderNumber": 17, "Mandatory": "No"}, {"ItemOID": "IT.VS_02_2_BMI_DENORMALIZED_5.BMI_VSORRES", "OrderNumber": 18, "Mandatory": "Yes"}, {"ItemOID": "IT.VS_02_2_BMI_DENORMALIZED_5.BMI_VSORRESU", "OrderNumber": 19, "Mandatory": "Yes"}, {"ItemOID": "IT.VS_02_2_PULSE_DENORMALIZED_6.VSDAT", "OrderNumber": 20, "Mandatory": "No"}, {"ItemOID": "IT.VS_02_2_PULSE_DENORMALIZED_6.PULSE_VSPOS", "OrderNumber": 21, "Mandatory": "No"}, {"ItemOID": "IT.VS_02_2_PULSE_DENORMALIZED_6.PULSE_VSLOC", "OrderNumber": 22, "Mandatory": "No"}, {"ItemOID": "IT.VS_02_2_PULSE_DENORMALIZED_6.PULSE_VSLAT", "OrderNumber": 23, "Mandatory": "No"}, {"ItemOID": "IT.VS_02_2_PULSE_DENORMALIZED_6.PULSE_VSORRES", "OrderNumber": 24, "Mandatory": "Yes"}, {"ItemOID": "IT.VS_02_2_PULSE_DENORMALIZED_6.PULSE_VSORRESU", "OrderNumber": 25, "Mandatory": "Yes"}, {"ItemOID": "IT.VS_02_2_RESP_DENORMALIZED_7.VSDAT", "OrderNumber": 26, "Mandatory": "No"}, {"ItemOID": "IT.VS_02_2_RESP_DENORMALIZED_7.RESP_VSORRES", "OrderNumber": 27, "Mandatory": "Yes"}, {"ItemOID": "IT.VS_02_2_RESP_DENORMALIZED_7.RESP_VSORRESU", "OrderNumber": 28, "Mandatory": "Yes"}, {"ItemOID": "IT.VS_02_2_TEMP_DENORMALIZED_8.VSDAT", "OrderNumber": 29, "Mandatory": "No"}, {"ItemOID": "IT.VS_02_2_TEMP_DENORMALIZED_8.TEMP_VSORRES", "OrderNumber": 30, "Mandatory": "Yes"}, {"ItemOID": "IT.VS_02_2_TEMP_DENORMALIZED_8.TEMP_VSORRESU", "OrderNumber": 31, "Mandatory": "Yes"}, {"ItemOID": "IT.VS_02_2_TEMP_DENORMALIZED_8.TEMP_VSLOC", "OrderNumber": 32, "Mandatory": "No"}, {"ItemOID": "IT.VS_02_2_HR_DENORMALIZED_9.VSDAT", "OrderNumber": 33, "Mandatory": "No"}, {"ItemOID": "IT.VS_02_2_HR_DENORMALIZED_9.HR_VSPOS", "OrderNumber": 34, "Mandatory": "No"}, {"ItemOID": "IT.VS_02_2_HR_DENORMALIZED_9.HR_VSLOC", "OrderNumber": 35, "Mandatory": "No"}, {"ItemOID": "IT.VS_02_2_HR_DENORMALIZED_9.HR_VSLAT", "OrderNumber": 36, "Mandatory": "No"}, {"ItemOID": "IT.VS_02_2_HR_DENORMALIZED_9.HR_VSORRES", "OrderNumber": 37, "Mandatory": "Yes"}, {"ItemOID": "IT.VS_02_2_HR_DENORMALIZED_9.HR_VSORRESU", "OrderNumber": 38, "Mandatory": "Yes"}], "Alias": []}], "ItemDef": [{"OID": "IT.VS_01_1_VSPERF_1.VSPERF", "Name": "VSPERF", "DataType": "text", "Length": 1, "Description": {"TranslatedText": [{"_content": "VSPERF", "lang": "en"}]}, "Question": {"TranslatedText": [{"_content": "Were vital signs performed?", "lang": "en"}]}, "CodeListRef": {"CodeListOID": "CL.VS_01_VSPERF_1.VSPERF.C66742"}, "Alias": [{"Context": "SDTM", "Name": "[NOT SUBMITTED]; VSSTAT = NOT DONE when VSTESTCD = VSALL"}, {"Context": "CDASH", "Name": "VSPERF"}]}, {"OID": "IT.VS_01_1_VSPERF_1.VSDAT", "Name": "VSDAT", "DataType": "date", "Length": 10, "Description": {"TranslatedText": [{"_content": "VSDAT", "lang": "en"}]}, "Question": {"TranslatedText": [{"_content": "Date of Assessment", "lang": "en"}]}, "Alias": [{"Context": "SDTM", "Name": "VSDTC"}, {"Context": "CDASH", "Name": "VSDAT"}]}, {"OID": "IT.VS_02_2_SYSBP_DENORMALIZED_1.VSDAT", "Name": "VSDAT", "DataType": "date", "Length": 10, "Description": {"TranslatedText": [{"_content": "VSDAT", "lang": "en"}]}, "Question": {"TranslatedText": [{"_content": "What was the date of the measurement?", "lang": "en"}]}, "Alias": [{"Context": "SDTM", "Name": "VSDTC"}, {"Context": "CDASH", "Name": "VSDAT"}]}, {"OID": "IT.VS_02_2_SYSBP_DENORMALIZED_1.SYSBP_VSPOS", "Name": "SYSBP_VSPOS", "DataType": "text", "Length": 50, "Description": {"TranslatedText": [{"_content": "VSPOS", "lang": "en"}]}, "Question": {"TranslatedText": [{"_content": "What was the position of the subject during the Systolic Blood Pressure measurement?", "lang": "en"}]}, "CodeListRef": {"CodeListOID": "CL.VS_02_SYSBP_DENORMALIZED_1.SYSBP_VSPOS.C71148"}, "Alias": [{"Context": "SDTM", "Name": "VSPOS when VSTESTCD = SYSBP"}, {"Context": "CDASH", "Name": "SYSBP_VSPOS"}]}, {"OID": "IT.VS_02_2_SYSBP_DENORMALIZED_1.SYSBP_VSLOC", "Name": "SYSBP_VSLOC", "DataType": "text", "Length": 10, "Description": {"TranslatedText": [{"_content": "VSLOC", "lang": "en"}]}, "Question": {"TranslatedText": [{"_content": "What was the location of the subject during the Systolic Blood Pressure measurement?", "lang": "en"}]}, "CodeListRef": {"CodeListOID": "CL.VS_02_SYSBP_DENORMALIZED_1.SYSBP_VSLOC.C74456"}, "Alias": [{"Context": "SDTM", "Name": "VSLOC when VSTESTCD = SYSBP"}, {"Context": "CDASH", "Name": "SYSBP_VSLOC"}]}, {"OID": "IT.VS_02_2_SYSBP_DENORMALIZED_1.SYSBP_VSORRES", "Name": "SYSBP_VSORRES", "DataType": "integer", "Length": 3, "Description": {"TranslatedText": [{"_content": "VSORRES", "lang": "en"}]}, "Question": {"TranslatedText": [{"_content": "What was the result of the Systolic Blood Pressure measurement?", "lang": "en"}]}, "MeasurementUnitRef": [{"MeasurementUnitOID": "mu.mmHg"}], "Alias": [{"Context": "SDTM", "Name": "VSORRES when VSTESTCD = SYSBP"}, {"Context": "CDASH", "Name": "SYSBP_VSORRES"}]}, {"OID": "IT.VS_02_2_SYSBP_DENORMALIZED_1.SYSBP_VSORRESU", "Name": "SYSBP_VSORRESU", "DataType": "text", "Length": 10, "Description": {"TranslatedText": [{"_content": "VSORRESU", "lang": "en"}]}, "Question": {"TranslatedText": [{"_content": "What was the unit of the Systolic Blood Pressure measurement?", "lang": "en"}]}, "CodeListRef": {"CodeListOID": "CL.VS_02_SYSBP_DENORMALIZED_1.SYSBP_VSORRESU.C66770"}, "Alias": [{"Context": "SDTM", "Name": "VSORRESU = mmHg when VSTESTCD = SYSBP"}, {"Context": "CDASH", "Name": "SYSBP_VSORRESU"}]}, {"OID": "IT.VS_02_2_DIABP_DENORMALIZED_2.VSDAT", "Name": "VSDAT", "DataType": "date", "Length": 10, "Description": {"TranslatedText": [{"_content": "VSDAT", "lang": "en"}]}, "Question": {"TranslatedText": [{"_content": "What was the date of the measurement?", "lang": "en"}]}, "Alias": [{"Context": "SDTM", "Name": "VSDTC"}, {"Context": "CDASH", "Name": "VSDAT"}]}, {"OID": "IT.VS_02_2_DIABP_DENORMALIZED_2.DIABP_VSPOS", "Name": "DIABP_VSPOS", "DataType": "text", "Length": 50, "Description": {"TranslatedText": [{"_content": "VSPOS", "lang": "en"}]}, "Question": {"TranslatedText": [{"_content": "What was the position of the subject during the Diastolic Blood Pressure measurement?", "lang": "en"}]}, "CodeListRef": {"CodeListOID": "CL.VS_02_DIABP_DENORMALIZED_2.DIABP_VSPOS.C71148"}, "Alias": [{"Context": "SDTM", "Name": "VSPOS when VSTESTCD = DIABP"}, {"Context": "CDASH", "Name": "DIABP_VSPOS"}]}, {"OID": "IT.VS_02_2_DIABP_DENORMALIZED_2.DIABP_VSLOC", "Name": "DIABP_VSLOC", "DataType": "text", "Length": 50, "Description": {"TranslatedText": [{"_content": "VSLOC", "lang": "en"}]}, "Question": {"TranslatedText": [{"_content": "What was the position of the subject during the Diastolic Blood Pressure measurement?", "lang": "en"}]}, "CodeListRef": {"CodeListOID": "CL.VS_02_DIABP_DENORMALIZED_2.DIABP_VSLOC.C74456"}, "Alias": [{"Context": "SDTM", "Name": "VSLOC when VSTESTCD = DIABP"}, {"Context": "CDASH", "Name": "DIABP_VSLOC"}]}, {"OID": "IT.VS_02_2_DIABP_DENORMALIZED_2.DIABP_VSORRES", "Name": "DIABP_VSORRES", "DataType": "integer", "Length": 3, "Description": {"TranslatedText": [{"_content": "VSORRES", "lang": "en"}]}, "Question": {"TranslatedText": [{"_content": "What was the result of the Diastolic Blood Pressure measurement?", "lang": "en"}]}, "MeasurementUnitRef": [{"MeasurementUnitOID": "mu.mmHg"}], "Alias": [{"Context": "SDTM", "Name": "VSORRES when VSTESTCD = DIABP"}, {"Context": "CDASH", "Name": "DIABP_VSORRES"}]}, {"OID": "IT.VS_02_2_DIABP_DENORMALIZED_2.DIABP_VSORRESU", "Name": "DIABP_VSORRESU", "DataType": "text", "Length": 10, "Description": {"TranslatedText": [{"_content": "VSORRESU", "lang": "en"}]}, "Question": {"TranslatedText": [{"_content": "What was the unit of the Diastolic Blood Pressure measurement?", "lang": "en"}]}, "CodeListRef": {"CodeListOID": "CL.VS_02_DIABP_DENORMALIZED_2.DIABP_VSORRESU.C66770"}, "Alias": [{"Context": "SDTM", "Name": "VSORRESU = mmHg when VSTESTCD = DIABP"}, {"Context": "CDASH", "Name": "DIABP_VSORRESU"}]}, {"OID": "IT.VS_02_2_HEIGHT_DENORMALIZED_3.VSDAT", "Name": "VSDAT", "DataType": "date", "Length": 10, "Description": {"TranslatedText": [{"_content": "VSDAT", "lang": "en"}]}, "Alias": [{"Context": "prompt", "Name": "Date of Assessment"}, {"Context": "SDTM", "Name": "VSDTC"}, {"Context": "CDASH", "Name": "VSDAT"}]}, {"OID": "IT.VS_02_2_HEIGHT_DENORMALIZED_3.HEIGHT_VSORRES", "Name": "HEIGHT_VSORRES", "DataType": "float", "Length": 4, "SignificantDigits": 2, "Description": {"TranslatedText": [{"_content": "VSORRES", "lang": "en"}]}, "Alias": [{"Context": "prompt", "Name": "Height"}, {"Context": "SDTM", "Name": "VSORRES when VSTESTCD = HEIGHT"}, {"Context": "CDASH", "Name": "HEIGHT_VSORRES"}]}, {"OID": "IT.VS_02_2_HEIGHT_DENORMALIZED_3.HEIGHT_VSORRESU", "Name": "HEIGHT_VSORRESU", "DataType": "text", "Length": 2, "Description": {"TranslatedText": [{"_content": "VSORRESU", "lang": "en"}]}, "CodeListRef": {"CodeListOID": "CL.VS_02_HEIGHT_DENORMALIZED_3.HEIGHT_VSORRESU.C66770"}, "Alias": [{"Context": "prompt", "Name": "Height Unit"}, {"Context": "SDTM", "Name": "VSORRESU when VSTESTCD = HEIGHT"}, {"Context": "CDASH", "Name": "HEIGHT_VSORRESU"}]}, {"OID": "IT.VS_02_2_WEIGHT_DENORMALIZED_4.VSDAT", "Name": "VSDAT", "DataType": "date", "Length": 10, "Description": {"TranslatedText": [{"_content": "VSDAT", "lang": "en"}]}, "Alias": [{"Context": "prompt", "Name": "Date of Assessment"}, {"Context": "SDTM", "Name": "VSDTC"}, {"Context": "CDASH", "Name": "VSDAT"}]}, {"OID": "IT.VS_02_2_WEIGHT_DENORMALIZED_4.WEIGHT_VSORRES", "Name": "WEIGHT_VSORRES", "DataType": "float", "Length": 4, "SignificantDigits": 2, "Description": {"TranslatedText": [{"_content": "VSORRES", "lang": "en"}]}, "Alias": [{"Context": "prompt", "Name": "Weight"}, {"Context": "SDTM", "Name": "VSORRES when VSTESTCD = WEIGHT"}, {"Context": "CDASH", "Name": "WEIGHT_VSORRES"}]}, {"OID": "IT.VS_02_2_WEIGHT_DENORMALIZED_4.WEIGHT_VSORRESU", "Name": "WEIGHT_VSORRESU", "DataType": "text", "Length": 10, "Description": {"TranslatedText": [{"_content": "VSORRESU", "lang": "en"}]}, "CodeListRef": {"CodeListOID": "CL.VS_02_WEIGHT_DENORMALIZED_4.WEIGHT_VSORRESU.C66770"}, "Alias": [{"Context": "prompt", "Name": "Weight Unit"}, {"Context": "SDTM", "Name": "VSORRESU when VSTESTCD = WEIGHT"}, {"Context": "CDASH", "Name": "WEIGHT_VSORRESU"}]}, {"OID": "IT.VS_02_2_BMI_DENORMALIZED_5.VSDAT", "Name": "VSDAT", "DataType": "date", "Length": 10, "Description": {"TranslatedText": [{"_content": "VSDAT", "lang": "en"}]}, "Alias": [{"Context": "prompt", "Name": "Date of Assessment"}, {"Context": "SDTM", "Name": "VSDTC"}, {"Context": "CDASH", "Name": "VSDAT"}]}, {"OID": "IT.VS_02_2_BMI_DENORMALIZED_5.BMI_VSORRES", "Name": "BMI_VSORRES", "DataType": "float", "Length": 4, "SignificantDigits": 2, "Description": {"TranslatedText": [{"_content": "VSORRES", "lang": "en"}]}, "Alias": [{"Context": "prompt", "Name": "BMI"}, {"Context": "SDTM", "Name": "VSORRES when VSTESTCD = BMI"}, {"Context": "CDASH", "Name": "BMI_VSORRES"}]}, {"OID": "IT.VS_02_2_BMI_DENORMALIZED_5.BMI_VSORRESU", "Name": "BMI_VSORRESU", "DataType": "text", "Length": 3, "Description": {"TranslatedText": [{"_content": "VSORRESU", "lang": "en"}]}, "CodeListRef": {"CodeListOID": "CL.VS_02_BMI_DENORMALIZED_5.BMI_VSORRESU.C71620"}, "Alias": [{"Context": "prompt", "Name": "BMI Unit"}, {"Context": "SDTM", "Name": "VSORRESU when VSTESTCD = BMI"}, {"Context": "CDASH", "Name": "BMI_VSORRESU"}]}, {"OID": "IT.VS_02_2_PULSE_DENORMALIZED_6.VSDAT", "Name": "VSDAT", "DataType": "date", "Length": 10, "Description": {"TranslatedText": [{"_content": "VSDAT", "lang": "en"}]}, "Alias": [{"Context": "prompt", "Name": "Date of Assessment"}, {"Context": "SDTM", "Name": "VSDTC"}, {"Context": "CDASH", "Name": "VSDAT"}]}, {"OID": "IT.VS_02_2_PULSE_DENORMALIZED_6.PULSE_VSPOS", "Name": "PULSE_VSPOS", "DataType": "text", "Length": 50, "Description": {"TranslatedText": [{"_content": "VSPOS", "lang": "en"}]}, "CodeListRef": {"CodeListOID": "CL.VS_02_PULSE_DENORMALIZED_6.PULSE_VSPOS.C71148"}, "Alias": [{"Context": "prompt", "Name": "Position"}, {"Context": "SDTM", "Name": "VSPOS when VSTESTCD = PULSE"}, {"Context": "CDASH", "Name": "PULSE_VSPOS"}]}, {"OID": "IT.VS_02_2_PULSE_DENORMALIZED_6.PULSE_VSLOC", "Name": "PULSE_VSLOC", "DataType": "text", "Length": 50, "Description": {"TranslatedText": [{"_content": "VSLOC", "lang": "en"}]}, "CodeListRef": {"CodeListOID": "CL.VS_02_PULSE_DENORMALIZED_6.PULSE_VSLOC.C74456"}, "Alias": [{"Context": "prompt", "Name": "Anatomical Location"}, {"Context": "SDTM", "Name": "VSLOC when VSTESTCD = PULSE"}, {"Context": "CDASH", "Name": "PULSE_VSLOC"}]}, {"OID": "IT.VS_02_2_PULSE_DENORMALIZED_6.PULSE_VSLAT", "Name": "PULSE_VSLAT", "DataType": "text", "Length": 10, "Description": {"TranslatedText": [{"_content": "VSLAT", "lang": "en"}]}, "CodeListRef": {"CodeListOID": "CL.VS_02_PULSE_DENORMALIZED_6.PULSE_VSLAT.C99073"}, "Alias": [{"Context": "prompt", "Name": "Side"}, {"Context": "SDTM", "Name": "VSLAT when VSTESTCD = PULSE"}, {"Context": "CDASH", "Name": "PULSE_VSLAT"}]}, {"OID": "IT.VS_02_2_PULSE_DENORMALIZED_6.PULSE_VSORRES", "Name": "PULSE_VSORRES", "DataType": "float", "Length": 4, "SignificantDigits": 1, "Description": {"TranslatedText": [{"_content": "VSORRES", "lang": "en"}]}, "MeasurementUnitRef": [{"MeasurementUnitOID": "mu.beats/min"}], "Alias": [{"Context": "prompt", "Name": "Pulse Rate"}, {"Context": "SDTM", "Name": "VSORRES when VSTESTCD = PULSE"}, {"Context": "CDASH", "Name": "PULSE_VSORRES"}]}, {"OID": "IT.VS_02_2_PULSE_DENORMALIZED_6.PULSE_VSORRESU", "Name": "PULSE_VSORRESU", "DataType": "text", "Length": 2, "Description": {"TranslatedText": [{"_content": "VSORRESU", "lang": "en"}]}, "CodeListRef": {"CodeListOID": "CL.VS_02_PULSE_DENORMALIZED_6.PULSE_VSORRESU.C66770"}, "Alias": [{"Context": "prompt", "Name": "Pulse Rate Unit"}, {"Context": "SDTM", "Name": "VSORRESU = beats/min when VSTESTCD = PULSE"}, {"Context": "CDASH", "Name": "PULSE_VSORRESU"}]}, {"OID": "IT.VS_02_2_RESP_DENORMALIZED_7.VSDAT", "Name": "VSDAT", "DataType": "date", "Length": 10, "Description": {"TranslatedText": [{"_content": "VSDAT", "lang": "en"}]}, "Alias": [{"Context": "prompt", "Name": "Date of Assessment"}, {"Context": "SDTM", "Name": "VSDTC"}, {"Context": "CDASH", "Name": "VSDAT"}]}, {"OID": "IT.VS_02_2_RESP_DENORMALIZED_7.RESP_VSORRES", "Name": "RESP_VSORRES", "DataType": "integer", "Length": 2, "Description": {"TranslatedText": [{"_content": "VSORRES", "lang": "en"}]}, "MeasurementUnitRef": [{"MeasurementUnitOID": "mu.breaths/min"}], "Alias": [{"Context": "prompt", "Name": "Respiratory Rate"}, {"Context": "SDTM", "Name": "VSORRES when VSTESTCD = RESP"}, {"Context": "CDASH", "Name": "RESP_VSORRES"}]}, {"OID": "IT.VS_02_2_RESP_DENORMALIZED_7.RESP_VSORRESU", "Name": "RESP_VSORRESU", "DataType": "text", "Length": 10, "Description": {"TranslatedText": [{"_content": "VSORRESU", "lang": "en"}]}, "CodeListRef": {"CodeListOID": "CL.VS_02_RESP_DENORMALIZED_7.RESP_VSORRESU.C66770"}, "Alias": [{"Context": "prompt", "Name": "Respiratory Rate Unit"}, {"Context": "SDTM", "Name": "VSORRESU = breaths/min when VSTESTCD = RESP"}, {"Context": "CDASH", "Name": "RESP_VSORRESU"}]}, {"OID": "IT.VS_02_2_TEMP_DENORMALIZED_8.VSDAT", "Name": "VSDAT", "DataType": "date", "Length": 10, "Description": {"TranslatedText": [{"_content": "VSDAT", "lang": "en"}]}, "Alias": [{"Context": "prompt", "Name": "Date of Assessment"}, {"Context": "SDTM", "Name": "VSDTC"}, {"Context": "CDASH", "Name": "VSDAT"}]}, {"OID": "IT.VS_02_2_TEMP_DENORMALIZED_8.TEMP_VSORRES", "Name": "TEMP_VSORRES", "DataType": "float", "Length": 4, "SignificantDigits": 1, "Description": {"TranslatedText": [{"_content": "VSORRES", "lang": "en"}]}, "Alias": [{"Context": "prompt", "Name": "Temperature"}, {"Context": "SDTM", "Name": "VSORRES when VSTESTCD = TEMP"}, {"Context": "CDASH", "Name": "TEMP_VSORRES"}]}, {"OID": "IT.VS_02_2_TEMP_DENORMALIZED_8.TEMP_VSORRESU", "Name": "TEMP_VSORRESU", "DataType": "text", "Length": 2, "Description": {"TranslatedText": [{"_content": "VSORRESU", "lang": "en"}]}, "CodeListRef": {"CodeListOID": "CL.VS_02_TEMP_DENORMALIZED_8.TEMP_VSORRESU.C66770"}, "Alias": [{"Context": "prompt", "Name": "Temperature Unit"}, {"Context": "SDTM", "Name": "VSORRESU when VSTESTCD = TEMP"}, {"Context": "CDASH", "Name": "TEMP_VSORRESU"}]}, {"OID": "IT.VS_02_2_TEMP_DENORMALIZED_8.TEMP_VSLOC", "Name": "TEMP_VSLOC", "DataType": "text", "Length": 11, "Description": {"TranslatedText": [{"_content": "VSLOC", "lang": "en"}]}, "CodeListRef": {"CodeListOID": "CL.VS_02_TEMP_DENORMALIZED_8.TEMP_VSLOC.C74456"}, "Alias": [{"Context": "prompt", "Name": "Anatomical Location"}, {"Context": "SDTM", "Name": "VSLOC when VSTESTCD = TEMP"}, {"Context": "CDASH", "Name": "TEMP_VSLOC"}]}, {"OID": "IT.VS_02_2_HR_DENORMALIZED_9.VSDAT", "Name": "VSDAT", "DataType": "date", "Length": 10, "Description": {"TranslatedText": [{"_content": "VSDAT", "lang": "en"}]}, "Alias": [{"Context": "prompt", "Name": "Date of Assessment"}, {"Context": "SDTM", "Name": "VSDTC"}, {"Context": "CDASH", "Name": "VSDAT"}]}, {"OID": "IT.VS_02_2_HR_DENORMALIZED_9.HR_VSPOS", "Name": "HR_VSPOS", "DataType": "text", "Length": 50, "Description": {"TranslatedText": [{"_content": "VSPOS", "lang": "en"}]}, "CodeListRef": {"CodeListOID": "CL.VS_02_HR_DENORMALIZED_9.HR_VSPOS.C71148"}, "Alias": [{"Context": "prompt", "Name": "Position"}, {"Context": "SDTM", "Name": "VSPOS when VSTESTCD = HR"}, {"Context": "CDASH", "Name": "HR_VSPOS"}]}, {"OID": "IT.VS_02_2_HR_DENORMALIZED_9.HR_VSLOC", "Name": "HR_VSLOC", "DataType": "text", "Length": 50, "Description": {"TranslatedText": [{"_content": "VSLOC", "lang": "en"}]}, "CodeListRef": {"CodeListOID": "CL.VS_02_HR_DENORMALIZED_9.HR_VSLOC.C74456"}, "Alias": [{"Context": "prompt", "Name": "Anatomical Location"}, {"Context": "SDTM", "Name": "VSLOC when VSTESTCD = HR"}, {"Context": "CDASH", "Name": "HR_VSLOC"}]}, {"OID": "IT.VS_02_2_HR_DENORMALIZED_9.HR_VSLAT", "Name": "HR_VSLAT", "DataType": "text", "Length": 10, "Description": {"TranslatedText": [{"_content": "VSLAT", "lang": "en"}]}, "CodeListRef": {"CodeListOID": "CL.VS_02_HR_DENORMALIZED_9.HR_VSLAT.C99073"}, "Alias": [{"Context": "prompt", "Name": "Side"}, {"Context": "SDTM", "Name": "VSLAT when VSTESTCD = HR"}, {"Context": "CDASH", "Name": "HR_VSLAT"}]}, {"OID": "IT.VS_02_2_HR_DENORMALIZED_9.HR_VSORRES", "Name": "HR_VSORRES", "DataType": "integer", "Length": 3, "Description": {"TranslatedText": [{"_content": "VSORRES", "lang": "en"}]}, "MeasurementUnitRef": [{"MeasurementUnitOID": "mu.beats/min"}], "Alias": [{"Context": "prompt", "Name": "Heart Rate"}, {"Context": "SDTM", "Name": "VSORRES when VSTESTCD = HR"}, {"Context": "CDASH", "Name": "HR_VSORRES"}]}, {"OID": "IT.VS_02_2_HR_DENORMALIZED_9.HR_VSORRESU", "Name": "HR_VSORRESU", "DataType": "text", "Length": 10, "Description": {"TranslatedText": [{"_content": "VSORRESU", "lang": "en"}]}, "CodeListRef": {"CodeListOID": "CL.VS_02_HR_DENORMALIZED_9.HR_VSORRESU.C66770"}, "Alias": [{"Context": "prompt", "Name": "Heart Rate Unit"}, {"Context": "SDTM", "Name": "VSORRESU = beats/min when VSTESTCD = HR"}, {"Context": "CDASH", "Name": "HR_VSORRESU"}]}], "CodeList": [{"OID": "CL.VS_01_VSPERF_1.VSPERF.C66742", "Name": "NY", "DataType": "text", "CodeListItem": [{"CodedValue": "N", "Decode": {"TranslatedText": [{"_content": "No", "lang": "en"}]}}, {"CodedValue": "Y", "Decode": {"TranslatedText": [{"_content": "Yes", "lang": "en"}]}}]}, {"OID": "CL.VS_02_SYSBP_DENORMALIZED_1.SYSBP_VSPOS.C71148", "Name": "POSITION", "DataType": "text", "CodeListItem": [{"CodedValue": "PRONE", "Decode": {"TranslatedText": [{"_content": "Prone", "lang": "en"}]}}, {"CodedValue": "SEMI-RECUMBENT", "Decode": {"TranslatedText": [{"_content": "Semi-recumbent", "lang": "en"}]}}, {"CodedValue": "SITTING", "Decode": {"TranslatedText": [{"_content": "Sitting", "lang": "en"}]}}, {"CodedValue": "STANDING", "Decode": {"TranslatedText": [{"_content": "Standing", "lang": "en"}]}}, {"CodedValue": "SUPINE", "Decode": {"TranslatedText": [{"_content": "Supine", "lang": "en"}]}}]}, {"OID": "CL.VS_02_SYSBP_DENORMALIZED_1.SYSBP_VSLOC.C74456", "Name": "LOC", "DataType": "text", "CodeListItem": [{"CodedValue": "BRACHIAL ARTERY", "Decode": {"TranslatedText": [{"_content": "Brachial Artery", "lang": "en"}]}}, {"CodedValue": "FEMORAL ARTERY", "Decode": {"TranslatedText": [{"_content": "Femoral Artery", "lang": "en"}]}}, {"CodedValue": "PERIPHERAL ARTERY", "Decode": {"TranslatedText": [{"_content": "Peripheral Artery", "lang": "en"}]}}, {"CodedValue": "RADIAL ARTERY", "Decode": {"TranslatedText": [{"_content": "Radial Artery", "lang": "en"}]}}]}, {"OID": "CL.VS_02_SYSBP_DENORMALIZED_1.SYSBP_VSORRESU.C66770", "Name": "VSRESU", "DataType": "text", "EnumeratedItem": [{"CodedValue": "mmHg"}]}, {"OID": "CL.VS_02_DIABP_DENORMALIZED_2.DIABP_VSPOS.C71148", "Name": "POSITION", "DataType": "text", "CodeListItem": [{"CodedValue": "PRONE", "Decode": {"TranslatedText": [{"_content": "Prone", "lang": "en"}]}}, {"CodedValue": "SEMI-RECUMBENT", "Decode": {"TranslatedText": [{"_content": "Semi-recumbent", "lang": "en"}]}}, {"CodedValue": "SITTING", "Decode": {"TranslatedText": [{"_content": "Sitting", "lang": "en"}]}}, {"CodedValue": "STANDING", "Decode": {"TranslatedText": [{"_content": "Standing", "lang": "en"}]}}, {"CodedValue": "SUPINE", "Decode": {"TranslatedText": [{"_content": "Supine", "lang": "en"}]}}]}, {"OID": "CL.VS_02_DIABP_DENORMALIZED_2.DIABP_VSLOC.C74456", "Name": "LOC", "DataType": "text", "CodeListItem": [{"CodedValue": "BRACHIAL ARTERY", "Decode": {"TranslatedText": [{"_content": "Brachial Artery", "lang": "en"}]}}, {"CodedValue": "FEMORAL ARTERY", "Decode": {"TranslatedText": [{"_content": "Femoral Artery", "lang": "en"}]}}, {"CodedValue": "PERIPHERAL ARTERY", "Decode": {"TranslatedText": [{"_content": "Peripheral Artery", "lang": "en"}]}}, {"CodedValue": "RADIAL ARTERY", "Decode": {"TranslatedText": [{"_content": "Radial Artery", "lang": "en"}]}}]}, {"OID": "CL.VS_02_DIABP_DENORMALIZED_2.DIABP_VSORRESU.C66770", "Name": "VSRESU", "DataType": "text", "EnumeratedItem": [{"CodedValue": "mmHg"}]}, {"OID": "CL.VS_02_HEIGHT_DENORMALIZED_3.HEIGHT_VSORRESU.C66770", "Name": "VSRESU", "DataType": "text", "CodeListItem": [{"CodedValue": "cm", "Decode": {"TranslatedText": [{"_content": "cm", "lang": "en"}]}}, {"CodedValue": "in", "Decode": {"TranslatedText": [{"_content": "in", "lang": "en"}]}}, {"CodedValue": "m", "Decode": {"TranslatedText": [{"_content": "m", "lang": "en"}]}}]}, {"OID": "CL.VS_02_WEIGHT_DENORMALIZED_4.WEIGHT_VSORRESU.C66770", "Name": "VSRESU", "DataType": "text", "CodeListItem": [{"CodedValue": "LB", "Decode": {"TranslatedText": [{"_content": "LB", "lang": "en"}]}}, {"CodedValue": "g", "Decode": {"TranslatedText": [{"_content": "g", "lang": "en"}]}}, {"CodedValue": "kg", "Decode": {"TranslatedText": [{"_content": "kg", "lang": "en"}]}}]}, {"OID": "CL.VS_02_BMI_DENORMALIZED_5.BMI_VSORRESU.C71620", "Name": "UNIT", "DataType": "text", "CodeListItem": [{"CodedValue": "kg/m2", "Decode": {"TranslatedText": [{"_content": "kg/m2", "lang": "en"}]}}, {"CodedValue": "psi", "Decode": {"TranslatedText": [{"_content": "psi", "lang": "en"}]}}]}, {"OID": "CL.VS_02_PULSE_DENORMALIZED_6.PULSE_VSPOS.C71148", "Name": "POSITION", "DataType": "text", "CodeListItem": [{"CodedValue": "PRONE", "Decode": {"TranslatedText": [{"_content": "Prone", "lang": "en"}]}}, {"CodedValue": "SEMI-RECUMBENT", "Decode": {"TranslatedText": [{"_content": "Semi-recumbent", "lang": "en"}]}}, {"CodedValue": "SITTING", "Decode": {"TranslatedText": [{"_content": "Sitting", "lang": "en"}]}}, {"CodedValue": "STANDING", "Decode": {"TranslatedText": [{"_content": "Standing", "lang": "en"}]}}, {"CodedValue": "SUPINE", "Decode": {"TranslatedText": [{"_content": "Supine", "lang": "en"}]}}]}, {"OID": "CL.VS_02_PULSE_DENORMALIZED_6.PULSE_VSLOC.C74456", "Name": "LOC", "DataType": "text", "CodeListItem": [{"CodedValue": "BRACHIAL ARTERY", "Decode": {"TranslatedText": [{"_content": "Brachial Artery", "lang": "en"}]}}, {"CodedValue": "CAROTID ARTERY", "Decode": {"TranslatedText": [{"_content": "Carotid Artery", "lang": "en"}]}}, {"CodedValue": "DORSALIS PEDIS ARTERY", "Decode": {"TranslatedText": [{"_content": "Dorsalis Pedis Artery", "lang": "en"}]}}, {"CodedValue": "FEMORAL ARTERY", "Decode": {"TranslatedText": [{"_content": "Femoral Artery", "lang": "en"}]}}, {"CodedValue": "PERIPHERAL ARTERY", "Decode": {"TranslatedText": [{"_content": "Peripheral Artery", "lang": "en"}]}}, {"CodedValue": "RADIAL ARTERY", "Decode": {"TranslatedText": [{"_content": "Radial Artery", "lang": "en"}]}}]}, {"OID": "CL.VS_02_PULSE_DENORMALIZED_6.PULSE_VSLAT.C99073", "Name": "LAT", "DataType": "text", "CodeListItem": [{"CodedValue": "LEFT", "Decode": {"TranslatedText": [{"_content": "Left", "lang": "en"}]}}, {"CodedValue": "RIGHT", "Decode": {"TranslatedText": [{"_content": "Right", "lang": "en"}]}}]}, {"OID": "CL.VS_02_PULSE_DENORMALIZED_6.PULSE_VSORRESU.C66770", "Name": "VSRESU", "DataType": "text", "EnumeratedItem": [{"CodedValue": "beats/min"}]}, {"OID": "CL.VS_02_RESP_DENORMALIZED_7.RESP_VSORRESU.C66770", "Name": "VSRESU", "DataType": "text", "EnumeratedItem": [{"CodedValue": "breaths/min"}]}, {"OID": "CL.VS_02_TEMP_DENORMALIZED_8.TEMP_VSORRESU.C66770", "Name": "VSRESU", "DataType": "text", "CodeListItem": [{"CodedValue": "C", "Decode": {"TranslatedText": [{"_content": "Celsius", "lang": "en"}]}}, {"CodedValue": "F", "Decode": {"TranslatedText": [{"_content": "Fahrenheit", "lang": "en"}]}}]}, {"OID": "CL.VS_02_TEMP_DENORMALIZED_8.TEMP_VSLOC.C74456", "Name": "LOC", "DataType": "text", "CodeListItem": [{"CodedValue": "AXILLA", "Decode": {"TranslatedText": [{"_content": "Axilla", "lang": "en"}]}}, {"CodedValue": "EAR", "Decode": {"TranslatedText": [{"_content": "Ear", "lang": "en"}]}}, {"CodedValue": "FOREHEAD", "Decode": {"TranslatedText": [{"_content": "Forehead", "lang": "en"}]}}, {"CodedValue": "ORAL CAVITY", "Decode": {"TranslatedText": [{"_content": "Oral Cavity", "lang": "en"}]}}, {"CodedValue": "RECTUM", "Decode": {"TranslatedText": [{"_content": "Rectum", "lang": "en"}]}}]}, {"OID": "CL.VS_02_HR_DENORMALIZED_9.HR_VSPOS.C71148", "Name": "POSITION", "DataType": "text", "CodeListItem": [{"CodedValue": "PRONE", "Decode": {"TranslatedText": [{"_content": "Prone", "lang": "en"}]}}, {"CodedValue": "SEMI-RECUMBENT", "Decode": {"TranslatedText": [{"_content": "Semi-recumbent", "lang": "en"}]}}, {"CodedValue": "SITTING", "Decode": {"TranslatedText": [{"_content": "Sitting", "lang": "en"}]}}, {"CodedValue": "STANDING", "Decode": {"TranslatedText": [{"_content": "Standing", "lang": "en"}]}}, {"CodedValue": "SUPINE", "Decode": {"TranslatedText": [{"_content": "Supine", "lang": "en"}]}}]}, {"OID": "CL.VS_02_HR_DENORMALIZED_9.HR_VSLOC.C74456", "Name": "LOC", "DataType": "text", "CodeListItem": [{"CodedValue": "BRACHIAL ARTERY", "Decode": {"TranslatedText": [{"_content": "Brachial Artery", "lang": "en"}]}}, {"CodedValue": "FEMORAL ARTERY", "Decode": {"TranslatedText": [{"_content": "Femoral Artery", "lang": "en"}]}}, {"CodedValue": "PERIPHERAL ARTERY", "Decode": {"TranslatedText": [{"_content": "Peripheral Artery", "lang": "en"}]}}, {"CodedValue": "RADIAL ARTERY", "Decode": {"TranslatedText": [{"_content": "Radial Artery", "lang": "en"}]}}]}, {"OID": "CL.VS_02_HR_DENORMALIZED_9.HR_VSLAT.C99073", "Name": "LAT", "DataType": "text", "CodeListItem": [{"CodedValue": "LEFT", "Decode": {"TranslatedText": [{"_content": "Left", "lang": "en"}]}}, {"CodedValue": "RIGHT", "Decode": {"TranslatedText": [{"_content": "Right", "lang": "en"}]}}]}, {"OID": "CL.VS_02_HR_DENORMALIZED_9.HR_VSORRESU.C66770", "Name": "VSRESU", "DataType": "text", "EnumeratedItem": [{"CodedValue": "beats/min"}]}]}]}]}