{"FileOID": "ODM.CDASH.POC", "Granularity": "Metadata", "CreationDateTime": "2025-09-24T20:32:23.821999+00:00", "ODMVersion": "2.0", "FileType": "Snapshot", "Originator": "Lex Jansen", "SourceSystem": "odmlib", "SourceSystemVersion": "0.1", "Study": [{"OID": "ODM.CDASH.STUDY", "StudyName": "Vital Signs", "Description": {"TranslatedText": [{"_content": "Vital Signs", "Type": "text/plain", "lang": "en"}]}, "ProtocolName": "Vital Signs", "MetaDataVersion": [{"OID": "ODM.CDASH.STUDY.MDV", "Name": "Vital Signs", "Description": {"TranslatedText": [{"_content": "Vital Signs", "Type": "text/plain", "lang": "en"}]}, "ItemGroupDef": [{"OID": "IG_FORM.VS1", "Name": "Vital Signs", "Repeating": "No", "Type": "Form", "Description": {"TranslatedText": [{"_content": "Vital Signs", "Type": "text/plain", "lang": "en"}]}, "ItemGroupRef": [{"ItemGroupOID": "IG.VS_01_1", "OrderNumber": 1, "Mandatory": "Yes"}, {"ItemGroupOID": "IG.VS_02_2", "OrderNumber": 2, "Mandatory": "Yes"}], "Alias": [{"Context": "formAnnotation", "Name": "DOMAIN = VS"}]}, {"OID": "IG.VS_01_1", "Name": "Vital Signs Performed", "Repeating": "No", "Type": "Section", "Description": {"TranslatedText": [{"_content": "Vital Signs Performed", "Type": "text/plain", "lang": "en"}]}, "ItemGroupRef": [{"ItemGroupOID": "IG.VS_01_1_VSPERF_1", "OrderNumber": 1, "Mandatory": "Yes"}], "Alias": []}, {"OID": "IG.VS_02_2", "Name": "Vital Signs", "Repeating": "Simple", "Type": "Section", "Description": {"TranslatedText": [{"_content": "Vital Signs", "Type": "text/plain", "lang": "en"}]}, "ItemGroupRef": [{"ItemGroupOID": "IG.VS_02_2_SYSBP_DENORMALIZED_1", "OrderNumber": 1, "Mandatory": "Yes"}, {"ItemGroupOID": "IG.VS_02_2_DIABP_DENORMALIZED_2", "OrderNumber": 2, "Mandatory": "Yes"}, {"ItemGroupOID": "IG.VS_02_2_HEIGHT_DENORMALIZED_3", "OrderNumber": 3, "Mandatory": "Yes"}, {"ItemGroupOID": "IG.VS_02_2_WEIGHT_DENORMALIZED_4", "OrderNumber": 4, "Mandatory": "Yes"}, {"ItemGroupOID": "IG.VS_02_2_BMI_DENORMALIZED_5", "OrderNumber": 5, "Mandatory": "Yes"}, {"ItemGroupOID": "IG.VS_02_2_PULSE_DENORMALIZED_6", "OrderNumber": 6, "Mandatory": "Yes"}, {"ItemGroupOID": "IG.VS_02_2_RESP_DENORMALIZED_7", "OrderNumber": 7, "Mandatory": "Yes"}, {"ItemGroupOID": "IG.VS_02_2_TEMP_DENORMALIZED_8", "OrderNumber": 8, "Mandatory": "Yes"}, {"ItemGroupOID": "IG.VS_02_2_HR_DENORMALIZED_9", "OrderNumber": 9, "Mandatory": "Yes"}], "Alias": []}, {"OID": "IG.VS_01_1_VSPERF_1", "Name": "Vital Signs Performed", "Repeating": "No", "Type": "Concept", "Description": {"TranslatedText": [{"_content": "Vital Signs Performed", "Type": "text/plain", "lang": "en"}]}, "ItemRef": [{"ItemOID": "IT.VS_01_1_VSPERF_1.VSPERF", "OrderNumber": 1, "Mandatory": "Yes"}, {"ItemOID": "IT.VS_01_1_VSPERF_1.VSDAT", "OrderNumber": 2, "Mandatory": "No"}], "Coding": [{"System": "/mdr/bc/biomedicalconcepts/C82525", "Code": "C82525", "SystemName": "CDISC Biomedical Concept"}]}, {"OID": "IG.VS_02_2_SYSBP_DENORMALIZED_1", "Name": "Systolic Blood Pressure (Denormalized)", "Repeating": "No", "Type": "Concept", "Description": {"TranslatedText": [{"_content": "Systolic Blood Pressure (Denormalized)", "Type": "text/plain", "lang": "en"}]}, "ItemRef": [{"ItemOID": "IT.VS_02_2_SYSBP_DENORMALIZED_1.VSDAT", "OrderNumber": 1, "Mandatory": "No"}, {"ItemOID": "IT.VS_02_2_SYSBP_DENORMALIZED_1.SYSBP_VSPOS", "OrderNumber": 2, "Mandatory": "No"}, {"ItemOID": "IT.VS_02_2_SYSBP_DENORMALIZED_1.SYSBP_VSLOC", "OrderNumber": 3, "Mandatory": "No"}, {"ItemOID": "IT.VS_02_2_SYSBP_DENORMALIZED_1.SYSBP_VSORRES", "OrderNumber": 4, "Mandatory": "Yes"}, {"ItemOID": "IT.VS_02_2_SYSBP_DENORMALIZED_1.SYSBP_VSORRESU", "OrderNumber": 5, "Mandatory": "Yes", "PreSpecifiedValue": "mmHg"}], "Coding": [{"System": "/mdr/bc/biomedicalconcepts/C25298", "Code": "C25298", "SystemName": "CDISC Biomedical Concept"}, {"System": "/mdr/specializations/sdtm/datasetspecializations/SYSBP", "Code": "SYSBP", "SystemName": "CDISC SDTM Dataset Specialization"}]}, {"OID": "IG.VS_02_2_DIABP_DENORMALIZED_2", "Name": "Diastolic Blood Pressure (Denormalized)", "Repeating": "No", "Type": "Concept", "Description": {"TranslatedText": [{"_content": "Diastolic Blood Pressure (Denormalized)", "Type": "text/plain", "lang": "en"}]}, "ItemRef": [{"ItemOID": "IT.VS_02_2_DIABP_DENORMALIZED_2.VSDAT", "OrderNumber": 1, "Mandatory": "No"}, {"ItemOID": "IT.VS_02_2_DIABP_DENORMALIZED_2.DIABP_VSPOS", "OrderNumber": 2, "Mandatory": "No"}, {"ItemOID": "IT.VS_02_2_DIABP_DENORMALIZED_2.DIABP_VSLOC", "OrderNumber": 3, "Mandatory": "No"}, {"ItemOID": "IT.VS_02_2_DIABP_DENORMALIZED_2.DIABP_VSORRES", "OrderNumber": 4, "Mandatory": "Yes"}, {"ItemOID": "IT.VS_02_2_DIABP_DENORMALIZED_2.DIABP_VSORRESU", "OrderNumber": 5, "Mandatory": "Yes", "PreSpecifiedValue": "mmHg"}], "Coding": [{"System": "/mdr/bc/biomedicalconcepts/C25299", "Code": "C25299", "SystemName": "CDISC Biomedical Concept"}, {"System": "/mdr/specializations/sdtm/datasetspecializations/DIABP", "Code": "DIABP", "SystemName": "CDISC SDTM Dataset Specialization"}]}, {"OID": "IG.VS_02_2_HEIGHT_DENORMALIZED_3", "Name": "Height (Denormalized)", "Repeating": "No", "Type": "Concept", "Description": {"TranslatedText": [{"_content": "Height (Denormalized)", "Type": "text/plain", "lang": "en"}]}, "ItemRef": [{"ItemOID": "IT.VS_02_2_HEIGHT_DENORMALIZED_3.VSDAT", "OrderNumber": 1, "Mandatory": "No"}, {"ItemOID": "IT.VS_02_2_HEIGHT_DENORMALIZED_3.HEIGHT_VSORRES", "OrderNumber": 2, "Mandatory": "Yes"}, {"ItemOID": "IT.VS_02_2_HEIGHT_DENORMALIZED_3.HEIGHT_VSORRESU", "OrderNumber": 3, "Mandatory": "Yes"}], "Coding": [{"System": "/mdr/bc/biomedicalconcepts/C164634", "Code": "C164634", "SystemName": "CDISC Biomedical Concept"}, {"System": "/mdr/specializations/sdtm/datasetspecializations/HEIGHT", "Code": "HEIGHT", "SystemName": "CDISC SDTM Dataset Specialization"}]}, {"OID": "IG.VS_02_2_WEIGHT_DENORMALIZED_4", "Name": "Weight (Denormalized)", "Repeating": "No", "Type": "Concept", "Description": {"TranslatedText": [{"_content": "Weight (Denormalized)", "Type": "text/plain", "lang": "en"}]}, "ItemRef": [{"ItemOID": "IT.VS_02_2_WEIGHT_DENORMALIZED_4.VSDAT", "OrderNumber": 1, "Mandatory": "No"}, {"ItemOID": "IT.VS_02_2_WEIGHT_DENORMALIZED_4.WEIGHT_VSORRES", "OrderNumber": 2, "Mandatory": "Yes"}, {"ItemOID": "IT.VS_02_2_WEIGHT_DENORMALIZED_4.WEIGHT_VSORRESU", "OrderNumber": 3, "Mandatory": "Yes"}], "Coding": [{"System": "/mdr/bc/biomedicalconcepts/C81328", "Code": "C81328", "SystemName": "CDISC Biomedical Concept"}, {"System": "/mdr/specializations/sdtm/datasetspecializations/WEIGHT", "Code": "WEIGHT", "SystemName": "CDISC SDTM Dataset Specialization"}]}, {"OID": "IG.VS_02_2_BMI_DENORMALIZED_5", "Name": "Body Mass Index (Denormalized)", "Repeating": "No", "Type": "Concept", "Description": {"TranslatedText": [{"_content": "Body Mass Index (Denormalized)", "Type": "text/plain", "lang": "en"}]}, "ItemRef": [{"ItemOID": "IT.VS_02_2_BMI_DENORMALIZED_5.VSDAT", "OrderNumber": 1, "Mandatory": "No"}, {"ItemOID": "IT.VS_02_2_BMI_DENORMALIZED_5.BMI_VSORRES", "OrderNumber": 2, "Mandatory": "Yes"}, {"ItemOID": "IT.VS_02_2_BMI_DENORMALIZED_5.BMI_VSORRESU", "OrderNumber": 3, "Mandatory": "Yes"}], "Coding": [{"System": "/mdr/bc/biomedicalconcepts/C16358", "Code": "C16358", "SystemName": "CDISC Biomedical Concept"}, {"System": "/mdr/specializations/sdtm/datasetspecializations/BMI", "Code": "BMI", "SystemName": "CDISC SDTM Dataset Specialization"}]}, {"OID": "IG.VS_02_2_PULSE_DENORMALIZED_6", "Name": "Pulse (Denormalized)", "Repeating": "No", "Type": "Concept", "Description": {"TranslatedText": [{"_content": "Pulse (Denormalized)", "Type": "text/plain", "lang": "en"}]}, "ItemRef": [{"ItemOID": "IT.VS_02_2_PULSE_DENORMALIZED_6.VSDAT", "OrderNumber": 1, "Mandatory": "No"}, {"ItemOID": "IT.VS_02_2_PULSE_DENORMALIZED_6.PULSE_VSPOS", "OrderNumber": 2, "Mandatory": "No"}, {"ItemOID": "IT.VS_02_2_PULSE_DENORMALIZED_6.PULSE_VSLOC", "OrderNumber": 3, "Mandatory": "No"}, {"ItemOID": "IT.VS_02_2_PULSE_DENORMALIZED_6.PULSE_VSLAT", "OrderNumber": 4, "Mandatory": "No"}, {"ItemOID": "IT.VS_02_2_PULSE_DENORMALIZED_6.PULSE_VSORRES", "OrderNumber": 5, "Mandatory": "Yes"}, {"ItemOID": "IT.VS_02_2_PULSE_DENORMALIZED_6.PULSE_VSORRESU", "OrderNumber": 6, "Mandatory": "Yes", "PreSpecifiedValue": "beats/min"}], "Coding": [{"System": "/mdr/bc/biomedicalconcepts/C49676", "Code": "C49676", "SystemName": "CDISC Biomedical Concept"}, {"System": "/mdr/specializations/sdtm/datasetspecializations/PULSE", "Code": "PULSE", "SystemName": "CDISC SDTM Dataset Specialization"}]}, {"OID": "IG.VS_02_2_RESP_DENORMALIZED_7", "Name": "Respiratory Rate (Denormalized)", "Repeating": "No", "Type": "Concept", "Description": {"TranslatedText": [{"_content": "Respiratory Rate (Denormalized)", "Type": "text/plain", "lang": "en"}]}, "ItemRef": [{"ItemOID": "IT.VS_02_2_RESP_DENORMALIZED_7.VSDAT", "OrderNumber": 1, "Mandatory": "No"}, {"ItemOID": "IT.VS_02_2_RESP_DENORMALIZED_7.RESP_VSORRES", "OrderNumber": 2, "Mandatory": "Yes"}, {"ItemOID": "IT.VS_02_2_RESP_DENORMALIZED_7.RESP_VSORRESU", "OrderNumber": 3, "Mandatory": "Yes", "PreSpecifiedValue": "breaths/min"}], "Coding": [{"System": "/mdr/bc/biomedicalconcepts/C49678", "Code": "C49678", "SystemName": "CDISC Biomedical Concept"}, {"System": "/mdr/specializations/sdtm/datasetspecializations/RESP", "Code": "RESP", "SystemName": "CDISC SDTM Dataset Specialization"}]}, {"OID": "IG.VS_02_2_TEMP_DENORMALIZED_8", "Name": "Temperature (Denormalized)", "Repeating": "No", "Type": "Concept", "Description": {"TranslatedText": [{"_content": "Temperature (Denormalized)", "Type": "text/plain", "lang": "en"}]}, "ItemRef": [{"ItemOID": "IT.VS_02_2_TEMP_DENORMALIZED_8.VSDAT", "OrderNumber": 1, "Mandatory": "No"}, {"ItemOID": "IT.VS_02_2_TEMP_DENORMALIZED_8.TEMP_VSORRES", "OrderNumber": 2, "Mandatory": "Yes"}, {"ItemOID": "IT.VS_02_2_TEMP_DENORMALIZED_8.TEMP_VSORRESU", "OrderNumber": 3, "Mandatory": "Yes"}, {"ItemOID": "IT.VS_02_2_TEMP_DENORMALIZED_8.TEMP_VSLOC", "OrderNumber": 4, "Mandatory": "No"}], "Coding": [{"System": "/mdr/bc/biomedicalconcepts/C174446", "Code": "C174446", "SystemName": "CDISC Biomedical Concept"}, {"System": "/mdr/specializations/sdtm/datasetspecializations/TEMP", "Code": "TEMP", "SystemName": "CDISC SDTM Dataset Specialization"}]}, {"OID": "IG.VS_02_2_HR_DENORMALIZED_9", "Name": "Heart Rate (Denormalized)", "Repeating": "No", "Type": "Concept", "Description": {"TranslatedText": [{"_content": "Heart Rate (Denormalized)", "Type": "text/plain", "lang": "en"}]}, "ItemRef": [{"ItemOID": "IT.VS_02_2_HR_DENORMALIZED_9.VSDAT", "OrderNumber": 1, "Mandatory": "No"}, {"ItemOID": "IT.VS_02_2_HR_DENORMALIZED_9.HR_VSPOS", "OrderNumber": 2, "Mandatory": "No"}, {"ItemOID": "IT.VS_02_2_HR_DENORMALIZED_9.HR_VSLOC", "OrderNumber": 3, "Mandatory": "No"}, {"ItemOID": "IT.VS_02_2_HR_DENORMALIZED_9.HR_VSLAT", "OrderNumber": 4, "Mandatory": "No"}, {"ItemOID": "IT.VS_02_2_HR_DENORMALIZED_9.HR_VSORRES", "OrderNumber": 5, "Mandatory": "Yes"}, {"ItemOID": "IT.VS_02_2_HR_DENORMALIZED_9.HR_VSORRESU", "OrderNumber": 6, "Mandatory": "Yes", "PreSpecifiedValue": "beats/min"}], "Coding": [{"System": "/mdr/bc/biomedicalconcepts/C49677", "Code": "C49677", "SystemName": "CDISC Biomedical Concept"}, {"System": "/mdr/specializations/sdtm/datasetspecializations/HR", "Code": "HR", "SystemName": "CDISC SDTM Dataset Specialization"}]}], "ItemDef": [{"OID": "IT.VS_01_1_VSPERF_1.VSPERF", "Name": "VSPERF", "DataType": "text", "Length": 1, "Question": {"TranslatedText": [{"_content": "Were vital signs performed?", "Type": "text/plain", "lang": "en"}]}, "CodeListRef": {"CodeListOID": "CL.VS_01_VSPERF_1.VSPERF.C66742"}, "Alias": [{"Context": "SDTM", "Name": "[NOT SUBMITTED]; VSSTAT = NOT DONE when VSTESTCD = VSALL"}, {"Context": "CDASH", "Name": "VSPERF"}]}, {"OID": "IT.VS_01_1_VSPERF_1.VSDAT", "Name": "VSDAT", "DataType": "date", "Length": 10, "Question": {"TranslatedText": [{"_content": "Date of Assessment", "Type": "text/plain", "lang": "en"}]}, "Alias": [{"Context": "SDTM", "Name": "VSDTC"}, {"Context": "CDASH", "Name": "VSDAT"}]}, {"OID": "IT.VS_02_2_SYSBP_DENORMALIZED_1.VSDAT", "Name": "VSDAT", "DataType": "date", "Length": 10, "Question": {"TranslatedText": [{"_content": "What was the date of the measurement?", "Type": "text/plain", "lang": "en"}]}, "Alias": [{"Context": "SDTM", "Name": "VSDTC"}, {"Context": "CDASH", "Name": "VSDAT"}]}, {"OID": "IT.VS_02_2_SYSBP_DENORMALIZED_1.SYSBP_VSPOS", "Name": "SYSBP_VSPOS", "DataType": "text", "Length": 50, "Question": {"TranslatedText": [{"_content": "What was the position of the subject during the Systolic Blood Pressure measurement?", "Type": "text/plain", "lang": "en"}]}, "CodeListRef": {"CodeListOID": "CL.VS_02_SYSBP_DENORMALIZED_1.SYSBP_VSPOS.C71148"}, "Alias": [{"Context": "SDTM", "Name": "VSPOS when VSTESTCD = SYSBP"}, {"Context": "CDASH", "Name": "SYSBP_VSPOS"}]}, {"OID": "IT.VS_02_2_SYSBP_DENORMALIZED_1.SYSBP_VSLOC", "Name": "SYSBP_VSLOC", "DataType": "text", "Length": 10, "Question": {"TranslatedText": [{"_content": "What was the location of the subject during the Systolic Blood Pressure measurement?", "Type": "text/plain", "lang": "en"}]}, "CodeListRef": {"CodeListOID": "CL.VS_02_SYSBP_DENORMALIZED_1.SYSBP_VSLOC.C74456"}, "Alias": [{"Context": "SDTM", "Name": "VSLOC when VSTESTCD = SYSBP"}, {"Context": "CDASH", "Name": "SYSBP_VSLOC"}]}, {"OID": "IT.VS_02_2_SYSBP_DENORMALIZED_1.SYSBP_VSORRES", "Name": "SYSBP_VSORRES", "DataType": "integer", "Length": 3, "Question": {"TranslatedText": [{"_content": "What was the result of the Systolic Blood Pressure measurement?", "Type": "text/plain", "lang": "en"}]}, "Alias": [{"Context": "SDTM", "Name": "VSORRES when VSTESTCD = SYSBP"}, {"Context": "CDASH", "Name": "SYSBP_VSORRES"}]}, {"OID": "IT.VS_02_2_SYSBP_DENORMALIZED_1.SYSBP_VSORRESU", "Name": "SYSBP_VSORRESU", "DataType": "text", "Length": 10, "Question": {"TranslatedText": [{"_content": "What was the unit of the Systolic Blood Pressure measurement?", "Type": "text/plain", "lang": "en"}]}, "CodeListRef": {"CodeListOID": "CL.VS_02_SYSBP_DENORMALIZED_1.SYSBP_VSORRESU.C66770"}, "Alias": [{"Context": "SDTM", "Name": "VSORRESU = mmHg when VSTESTCD = SYSBP"}, {"Context": "CDASH", "Name": "SYSBP_VSORRESU"}]}, {"OID": "IT.VS_02_2_DIABP_DENORMALIZED_2.VSDAT", "Name": "VSDAT", "DataType": "date", "Length": 10, "Question": {"TranslatedText": [{"_content": "What was the date of the measurement?", "Type": "text/plain", "lang": "en"}]}, "Alias": [{"Context": "SDTM", "Name": "VSDTC"}, {"Context": "CDASH", "Name": "VSDAT"}]}, {"OID": "IT.VS_02_2_DIABP_DENORMALIZED_2.DIABP_VSPOS", "Name": "DIABP_VSPOS", "DataType": "text", "Length": 50, "Question": {"TranslatedText": [{"_content": "What was the position of the subject during the Diastolic Blood Pressure measurement?", "Type": "text/plain", "lang": "en"}]}, "CodeListRef": {"CodeListOID": "CL.VS_02_DIABP_DENORMALIZED_2.DIABP_VSPOS.C71148"}, "Alias": [{"Context": "SDTM", "Name": "VSPOS when VSTESTCD = DIABP"}, {"Context": "CDASH", "Name": "DIABP_VSPOS"}]}, {"OID": "IT.VS_02_2_DIABP_DENORMALIZED_2.DIABP_VSLOC", "Name": "DIABP_VSLOC", "DataType": "text", "Length": 50, "Question": {"TranslatedText": [{"_content": "What was the position of the subject during the Diastolic Blood Pressure measurement?", "Type": "text/plain", "lang": "en"}]}, "CodeListRef": {"CodeListOID": "CL.VS_02_DIABP_DENORMALIZED_2.DIABP_VSLOC.C74456"}, "Alias": [{"Context": "SDTM", "Name": "VSLOC when VSTESTCD = DIABP"}, {"Context": "CDASH", "Name": "DIABP_VSLOC"}]}, {"OID": "IT.VS_02_2_DIABP_DENORMALIZED_2.DIABP_VSORRES", "Name": "DIABP_VSORRES", "DataType": "integer", "Length": 3, "Question": {"TranslatedText": [{"_content": "What was the result of the Diastolic Blood Pressure measurement?", "Type": "text/plain", "lang": "en"}]}, "Alias": [{"Context": "SDTM", "Name": "VSORRES when VSTESTCD = DIABP"}, {"Context": "CDASH", "Name": "DIABP_VSORRES"}]}, {"OID": "IT.VS_02_2_DIABP_DENORMALIZED_2.DIABP_VSORRESU", "Name": "DIABP_VSORRESU", "DataType": "text", "Length": 10, "Question": {"TranslatedText": [{"_content": "What was the result of the Diastolic Blood Pressure measurement?", "Type": "text/plain", "lang": "en"}]}, "CodeListRef": {"CodeListOID": "CL.VS_02_DIABP_DENORMALIZED_2.DIABP_VSORRESU.C66770"}, "Alias": [{"Context": "SDTM", "Name": "VSORRESU = mmHg when VSTESTCD = DIABP"}, {"Context": "CDASH", "Name": "DIABP_VSORRESU"}]}, {"OID": "IT.VS_02_2_HEIGHT_DENORMALIZED_3.VSDAT", "Name": "VSDAT", "DataType": "date", "Length": 10, "Prompt": {"TranslatedText": [{"_content": "Date of Assessment", "Type": "text/plain", "lang": "en"}]}, "Alias": [{"Context": "SDTM", "Name": "VSDTC"}, {"Context": "CDASH", "Name": "VSDAT"}]}, {"OID": "IT.VS_02_2_HEIGHT_DENORMALIZED_3.HEIGHT_VSORRES", "Name": "HEIGHT_VSORRES", "DataType": "decimal", "Length": 4, "Prompt": {"TranslatedText": [{"_content": "Height", "Type": "text/plain", "lang": "en"}]}, "Alias": [{"Context": "SDTM", "Name": "VSORRES when VSTESTCD = HEIGHT"}, {"Context": "CDASH", "Name": "HEIGHT_VSORRES"}]}, {"OID": "IT.VS_02_2_HEIGHT_DENORMALIZED_3.HEIGHT_VSORRESU", "Name": "HEIGHT_VSORRESU", "DataType": "text", "Length": 2, "Prompt": {"TranslatedText": [{"_content": "Height Unit", "Type": "text/plain", "lang": "en"}]}, "CodeListRef": {"CodeListOID": "CL.VS_02_HEIGHT_DENORMALIZED_3.HEIGHT_VSORRESU.C66770"}, "Alias": [{"Context": "SDTM", "Name": "VSORRESU when VSTESTCD = HEIGHT"}, {"Context": "CDASH", "Name": "HEIGHT_VSORRESU"}]}, {"OID": "IT.VS_02_2_WEIGHT_DENORMALIZED_4.VSDAT", "Name": "VSDAT", "DataType": "date", "Length": 10, "Prompt": {"TranslatedText": [{"_content": "Date of Assessment", "Type": "text/plain", "lang": "en"}]}, "Alias": [{"Context": "SDTM", "Name": "VSDTC"}, {"Context": "CDASH", "Name": "VSDAT"}]}, {"OID": "IT.VS_02_2_WEIGHT_DENORMALIZED_4.WEIGHT_VSORRES", "Name": "WEIGHT_VSORRES", "DataType": "decimal", "Length": 4, "Prompt": {"TranslatedText": [{"_content": "Weight", "Type": "text/plain", "lang": "en"}]}, "Alias": [{"Context": "SDTM", "Name": "VSORRES when VSTESTCD = WEIGHT"}, {"Context": "CDASH", "Name": "WEIGHT_VSORRES"}]}, {"OID": "IT.VS_02_2_WEIGHT_DENORMALIZED_4.WEIGHT_VSORRESU", "Name": "WEIGHT_VSORRESU", "DataType": "text", "Length": 10, "Prompt": {"TranslatedText": [{"_content": "Weight Unit", "Type": "text/plain", "lang": "en"}]}, "CodeListRef": {"CodeListOID": "CL.VS_02_WEIGHT_DENORMALIZED_4.WEIGHT_VSORRESU.C66770"}, "Alias": [{"Context": "SDTM", "Name": "VSORRESU when VSTESTCD = WEIGHT"}, {"Context": "CDASH", "Name": "WEIGHT_VSORRESU"}]}, {"OID": "IT.VS_02_2_BMI_DENORMALIZED_5.VSDAT", "Name": "VSDAT", "DataType": "date", "Length": 10, "Prompt": {"TranslatedText": [{"_content": "Date of Assessment", "Type": "text/plain", "lang": "en"}]}, "Alias": [{"Context": "SDTM", "Name": "VSDTC"}, {"Context": "CDASH", "Name": "VSDAT"}]}, {"OID": "IT.VS_02_2_BMI_DENORMALIZED_5.BMI_VSORRES", "Name": "BMI_VSORRES", "DataType": "decimal", "Length": 4, "Prompt": {"TranslatedText": [{"_content": "BMI", "Type": "text/plain", "lang": "en"}]}, "Alias": [{"Context": "SDTM", "Name": "VSORRES when VSTESTCD = BMI"}, {"Context": "CDASH", "Name": "BMI_VSORRES"}]}, {"OID": "IT.VS_02_2_BMI_DENORMALIZED_5.BMI_VSORRESU", "Name": "BMI_VSORRESU", "DataType": "text", "Length": 3, "Prompt": {"TranslatedText": [{"_content": "BMI Unit", "Type": "text/plain", "lang": "en"}]}, "CodeListRef": {"CodeListOID": "CL.VS_02_BMI_DENORMALIZED_5.BMI_VSORRESU.C71620"}, "Alias": [{"Context": "SDTM", "Name": "VSORRESU when VSTESTCD = BMI"}, {"Context": "CDASH", "Name": "BMI_VSORRESU"}]}, {"OID": "IT.VS_02_2_PULSE_DENORMALIZED_6.VSDAT", "Name": "VSDAT", "DataType": "date", "Length": 10, "Prompt": {"TranslatedText": [{"_content": "Date of Assessment", "Type": "text/plain", "lang": "en"}]}, "Alias": [{"Context": "SDTM", "Name": "VSDTC"}, {"Context": "CDASH", "Name": "VSDAT"}]}, {"OID": "IT.VS_02_2_PULSE_DENORMALIZED_6.PULSE_VSPOS", "Name": "PULSE_VSPOS", "DataType": "text", "Length": 50, "Prompt": {"TranslatedText": [{"_content": "Position", "Type": "text/plain", "lang": "en"}]}, "CodeListRef": {"CodeListOID": "CL.VS_02_PULSE_DENORMALIZED_6.PULSE_VSPOS.C71148"}, "Alias": [{"Context": "SDTM", "Name": "VSPOS when VSTESTCD = PULSE"}, {"Context": "CDASH", "Name": "PULSE_VSPOS"}]}, {"OID": "IT.VS_02_2_PULSE_DENORMALIZED_6.PULSE_VSLOC", "Name": "PULSE_VSLOC", "DataType": "text", "Length": 50, "Prompt": {"TranslatedText": [{"_content": "Anatomical Location", "Type": "text/plain", "lang": "en"}]}, "CodeListRef": {"CodeListOID": "CL.VS_02_PULSE_DENORMALIZED_6.PULSE_VSLOC.C74456"}, "Alias": [{"Context": "SDTM", "Name": "VSLOC when VSTESTCD = PULSE"}, {"Context": "CDASH", "Name": "PULSE_VSLOC"}]}, {"OID": "IT.VS_02_2_PULSE_DENORMALIZED_6.PULSE_VSLAT", "Name": "PULSE_VSLAT", "DataType": "text", "Length": 10, "Prompt": {"TranslatedText": [{"_content": "Side", "Type": "text/plain", "lang": "en"}]}, "CodeListRef": {"CodeListOID": "CL.VS_02_PULSE_DENORMALIZED_6.PULSE_VSLAT.C99073"}, "Alias": [{"Context": "SDTM", "Name": "VSLAT when VSTESTCD = PULSE"}, {"Context": "CDASH", "Name": "PULSE_VSLAT"}]}, {"OID": "IT.VS_02_2_PULSE_DENORMALIZED_6.PULSE_VSORRES", "Name": "PULSE_VSORRES", "DataType": "decimal", "Length": 4, "Prompt": {"TranslatedText": [{"_content": "Pulse Rate", "Type": "text/plain", "lang": "en"}]}, "Alias": [{"Context": "SDTM", "Name": "VSORRES when VSTESTCD = PULSE"}, {"Context": "CDASH", "Name": "PULSE_VSORRES"}]}, {"OID": "IT.VS_02_2_PULSE_DENORMALIZED_6.PULSE_VSORRESU", "Name": "PULSE_VSORRESU", "DataType": "text", "Length": 2, "Prompt": {"TranslatedText": [{"_content": "Pulse Rate Unit", "Type": "text/plain", "lang": "en"}]}, "CodeListRef": {"CodeListOID": "CL.VS_02_PULSE_DENORMALIZED_6.PULSE_VSORRESU.C66770"}, "Alias": [{"Context": "SDTM", "Name": "VSORRESU = beats/min when VSTESTCD = PULSE"}, {"Context": "CDASH", "Name": "PULSE_VSORRESU"}]}, {"OID": "IT.VS_02_2_RESP_DENORMALIZED_7.VSDAT", "Name": "VSDAT", "DataType": "date", "Length": 10, "Prompt": {"TranslatedText": [{"_content": "Date of Assessment", "Type": "text/plain", "lang": "en"}]}, "Alias": [{"Context": "SDTM", "Name": "VSDTC"}, {"Context": "CDASH", "Name": "VSDAT"}]}, {"OID": "IT.VS_02_2_RESP_DENORMALIZED_7.RESP_VSORRES", "Name": "RESP_VSORRES", "DataType": "integer", "Length": 2, "Prompt": {"TranslatedText": [{"_content": "Respiratory Rate", "Type": "text/plain", "lang": "en"}]}, "Alias": [{"Context": "SDTM", "Name": "VSORRES when VSTESTCD = RESP"}, {"Context": "CDASH", "Name": "RESP_VSORRES"}]}, {"OID": "IT.VS_02_2_RESP_DENORMALIZED_7.RESP_VSORRESU", "Name": "RESP_VSORRESU", "DataType": "text", "Length": 10, "Prompt": {"TranslatedText": [{"_content": "Respiratory Rate Unit", "Type": "text/plain", "lang": "en"}]}, "CodeListRef": {"CodeListOID": "CL.VS_02_RESP_DENORMALIZED_7.RESP_VSORRESU.C66770"}, "Alias": [{"Context": "SDTM", "Name": "VSORRESU = breaths/min when VSTESTCD = RESP"}, {"Context": "CDASH", "Name": "RESP_VSORRESU"}]}, {"OID": "IT.VS_02_2_TEMP_DENORMALIZED_8.VSDAT", "Name": "VSDAT", "DataType": "date", "Length": 10, "Prompt": {"TranslatedText": [{"_content": "Date of Assessment", "Type": "text/plain", "lang": "en"}]}, "Alias": [{"Context": "SDTM", "Name": "VSDTC"}, {"Context": "CDASH", "Name": "VSDAT"}]}, {"OID": "IT.VS_02_2_TEMP_DENORMALIZED_8.TEMP_VSORRES", "Name": "TEMP_VSORRES", "DataType": "decimal", "Length": 4, "Prompt": {"TranslatedText": [{"_content": "Temperature", "Type": "text/plain", "lang": "en"}]}, "Alias": [{"Context": "SDTM", "Name": "VSORRES when VSTESTCD = TEMP"}, {"Context": "CDASH", "Name": "TEMP_VSORRES"}]}, {"OID": "IT.VS_02_2_TEMP_DENORMALIZED_8.TEMP_VSORRESU", "Name": "TEMP_VSORRESU", "DataType": "text", "Length": 2, "Prompt": {"TranslatedText": [{"_content": "Temperature Unit", "Type": "text/plain", "lang": "en"}]}, "CodeListRef": {"CodeListOID": "CL.VS_02_TEMP_DENORMALIZED_8.TEMP_VSORRESU.C66770"}, "Alias": [{"Context": "SDTM", "Name": "VSORRESU when VSTESTCD = TEMP"}, {"Context": "CDASH", "Name": "TEMP_VSORRESU"}]}, {"OID": "IT.VS_02_2_TEMP_DENORMALIZED_8.TEMP_VSLOC", "Name": "TEMP_VSLOC", "DataType": "text", "Length": 11, "Prompt": {"TranslatedText": [{"_content": "Anatomical Location", "Type": "text/plain", "lang": "en"}]}, "CodeListRef": {"CodeListOID": "CL.VS_02_TEMP_DENORMALIZED_8.TEMP_VSLOC.C74456"}, "Alias": [{"Context": "SDTM", "Name": "VSLOC when VSTESTCD = TEMP"}, {"Context": "CDASH", "Name": "TEMP_VSLOC"}]}, {"OID": "IT.VS_02_2_HR_DENORMALIZED_9.VSDAT", "Name": "VSDAT", "DataType": "date", "Length": 10, "Prompt": {"TranslatedText": [{"_content": "Date of Assessment", "Type": "text/plain", "lang": "en"}]}, "Alias": [{"Context": "SDTM", "Name": "VSDTC"}, {"Context": "CDASH", "Name": "VSDAT"}]}, {"OID": "IT.VS_02_2_HR_DENORMALIZED_9.HR_VSPOS", "Name": "HR_VSPOS", "DataType": "text", "Length": 50, "Prompt": {"TranslatedText": [{"_content": "Position", "Type": "text/plain", "lang": "en"}]}, "CodeListRef": {"CodeListOID": "CL.VS_02_HR_DENORMALIZED_9.HR_VSPOS.C71148"}, "Alias": [{"Context": "SDTM", "Name": "VSPOS when VSTESTCD = HR"}, {"Context": "CDASH", "Name": "HR_VSPOS"}]}, {"OID": "IT.VS_02_2_HR_DENORMALIZED_9.HR_VSLOC", "Name": "HR_VSLOC", "DataType": "text", "Length": 50, "Prompt": {"TranslatedText": [{"_content": "Anatomical Location", "Type": "text/plain", "lang": "en"}]}, "CodeListRef": {"CodeListOID": "CL.VS_02_HR_DENORMALIZED_9.HR_VSLOC.C74456"}, "Alias": [{"Context": "SDTM", "Name": "VSLOC when VSTESTCD = HR"}, {"Context": "CDASH", "Name": "HR_VSLOC"}]}, {"OID": "IT.VS_02_2_HR_DENORMALIZED_9.HR_VSLAT", "Name": "HR_VSLAT", "DataType": "text", "Length": 10, "Prompt": {"TranslatedText": [{"_content": "Side", "Type": "text/plain", "lang": "en"}]}, "CodeListRef": {"CodeListOID": "CL.VS_02_HR_DENORMALIZED_9.HR_VSLAT.C99073"}, "Alias": [{"Context": "SDTM", "Name": "VSLAT when VSTESTCD = HR"}, {"Context": "CDASH", "Name": "HR_VSLAT"}]}, {"OID": "IT.VS_02_2_HR_DENORMALIZED_9.HR_VSORRES", "Name": "HR_VSORRES", "DataType": "integer", "Length": 3, "Prompt": {"TranslatedText": [{"_content": "Heart Rate", "Type": "text/plain", "lang": "en"}]}, "Alias": [{"Context": "SDTM", "Name": "VSORRES when VSTESTCD = HR"}, {"Context": "CDASH", "Name": "HR_VSORRES"}]}, {"OID": "IT.VS_02_2_HR_DENORMALIZED_9.HR_VSORRESU", "Name": "HR_VSORRESU", "DataType": "text", "Length": 10, "Prompt": {"TranslatedText": [{"_content": "Heart Rate Unit", "Type": "text/plain", "lang": "en"}]}, "CodeListRef": {"CodeListOID": "CL.VS_02_HR_DENORMALIZED_9.HR_VSORRESU.C66770"}, "Alias": [{"Context": "SDTM", "Name": "VSORRESU = beats/min when VSTESTCD = HR"}, {"Context": "CDASH", "Name": "HR_VSORRESU"}]}], "CodeList": [{"OID": "CL.VS_01_VSPERF_1.VSPERF.C66742", "Name": "NY", "DataType": "text", "CodeListItem": [{"CodedValue": "N", "Decode": {"TranslatedText": [{"_content": "No", "Type": "text/plain", "lang": "en"}]}}, {"CodedValue": "Y", "Decode": {"TranslatedText": [{"_content": "Yes", "Type": "text/plain", "lang": "en"}]}}], "Coding": [{"System": "https://www.cdisc.org/standards/terminology", "Code": "C66742", "SystemName": "CDISC/NCI CT"}]}, {"OID": "CL.VS_02_SYSBP_DENORMALIZED_1.SYSBP_VSPOS.C71148", "Name": "POSITION", "DataType": "text", "CodeListItem": [{"CodedValue": "PRONE", "Decode": {"TranslatedText": [{"_content": "Prone", "Type": "text/plain", "lang": "en"}]}}, {"CodedValue": "SEMI-RECUMBENT", "Decode": {"TranslatedText": [{"_content": "Semi-recumbent", "Type": "text/plain", "lang": "en"}]}}, {"CodedValue": "SITTING", "Decode": {"TranslatedText": [{"_content": "Sitting", "Type": "text/plain", "lang": "en"}]}}, {"CodedValue": "STANDING", "Decode": {"TranslatedText": [{"_content": "Standing", "Type": "text/plain", "lang": "en"}]}}, {"CodedValue": "SUPINE", "Decode": {"TranslatedText": [{"_content": "Supine", "Type": "text/plain", "lang": "en"}]}}], "Coding": [{"System": "https://www.cdisc.org/standards/terminology", "Code": "C71148", "SystemName": "CDISC/NCI CT"}]}, {"OID": "CL.VS_02_SYSBP_DENORMALIZED_1.SYSBP_VSLOC.C74456", "Name": "LOC", "DataType": "text", "CodeListItem": [{"CodedValue": "BRACHIAL ARTERY", "Decode": {"TranslatedText": [{"_content": "Brachial Artery", "Type": "text/plain", "lang": "en"}]}}, {"CodedValue": "FEMORAL ARTERY", "Decode": {"TranslatedText": [{"_content": "Femoral Artery", "Type": "text/plain", "lang": "en"}]}}, {"CodedValue": "PERIPHERAL ARTERY", "Decode": {"TranslatedText": [{"_content": "Peripheral Artery", "Type": "text/plain", "lang": "en"}]}}, {"CodedValue": "RADIAL ARTERY", "Decode": {"TranslatedText": [{"_content": "Radial Artery", "Type": "text/plain", "lang": "en"}]}}], "Coding": [{"System": "https://www.cdisc.org/standards/terminology", "Code": "C74456", "SystemName": "CDISC/NCI CT"}]}, {"OID": "CL.VS_02_SYSBP_DENORMALIZED_1.SYSBP_VSORRESU.C66770", "Name": "VSRESU", "DataType": "text", "CodeListItem": [{"CodedValue": "mmHg", "Coding": [{"System": "https://www.cdisc.org/standards/terminology", "Code": "C49670", "SystemName": "CDISC/NCI CT"}]}], "Coding": [{"System": "https://www.cdisc.org/standards/terminology", "Code": "C66770", "SystemName": "CDISC/NCI CT"}]}, {"OID": "CL.VS_02_DIABP_DENORMALIZED_2.DIABP_VSPOS.C71148", "Name": "POSITION", "DataType": "text", "CodeListItem": [{"CodedValue": "PRONE", "Decode": {"TranslatedText": [{"_content": "Prone", "Type": "text/plain", "lang": "en"}]}}, {"CodedValue": "SEMI-RECUMBENT", "Decode": {"TranslatedText": [{"_content": "Semi-recumbent", "Type": "text/plain", "lang": "en"}]}}, {"CodedValue": "SITTING", "Decode": {"TranslatedText": [{"_content": "Sitting", "Type": "text/plain", "lang": "en"}]}}, {"CodedValue": "STANDING", "Decode": {"TranslatedText": [{"_content": "Standing", "Type": "text/plain", "lang": "en"}]}}, {"CodedValue": "SUPINE", "Decode": {"TranslatedText": [{"_content": "Supine", "Type": "text/plain", "lang": "en"}]}}], "Coding": [{"System": "https://www.cdisc.org/standards/terminology", "Code": "C71148", "SystemName": "CDISC/NCI CT"}]}, {"OID": "CL.VS_02_DIABP_DENORMALIZED_2.DIABP_VSLOC.C74456", "Name": "LOC", "DataType": "text", "CodeListItem": [{"CodedValue": "BRACHIAL ARTERY", "Decode": {"TranslatedText": [{"_content": "Brachial Artery", "Type": "text/plain", "lang": "en"}]}}, {"CodedValue": "FEMORAL ARTERY", "Decode": {"TranslatedText": [{"_content": "Femoral Artery", "Type": "text/plain", "lang": "en"}]}}, {"CodedValue": "PERIPHERAL ARTERY", "Decode": {"TranslatedText": [{"_content": "Peripheral Artery", "Type": "text/plain", "lang": "en"}]}}, {"CodedValue": "RADIAL ARTERY", "Decode": {"TranslatedText": [{"_content": "Radial Artery", "Type": "text/plain", "lang": "en"}]}}], "Coding": [{"System": "https://www.cdisc.org/standards/terminology", "Code": "C74456", "SystemName": "CDISC/NCI CT"}]}, {"OID": "CL.VS_02_DIABP_DENORMALIZED_2.DIABP_VSORRESU.C66770", "Name": "VSRESU", "DataType": "text", "CodeListItem": [{"CodedValue": "mmHg", "Coding": [{"System": "https://www.cdisc.org/standards/terminology", "Code": "C49670", "SystemName": "CDISC/NCI CT"}]}], "Coding": [{"System": "https://www.cdisc.org/standards/terminology", "Code": "C66770", "SystemName": "CDISC/NCI CT"}]}, {"OID": "CL.VS_02_HEIGHT_DENORMALIZED_3.HEIGHT_VSORRESU.C66770", "Name": "VSRESU", "DataType": "text", "CodeListItem": [{"CodedValue": "cm", "Decode": {"TranslatedText": [{"_content": "cm", "Type": "text/plain", "lang": "en"}]}}, {"CodedValue": "in", "Decode": {"TranslatedText": [{"_content": "in", "Type": "text/plain", "lang": "en"}]}}, {"CodedValue": "m", "Decode": {"TranslatedText": [{"_content": "m", "Type": "text/plain", "lang": "en"}]}}], "Coding": [{"System": "https://www.cdisc.org/standards/terminology", "Code": "C66770", "SystemName": "CDISC/NCI CT"}]}, {"OID": "CL.VS_02_WEIGHT_DENORMALIZED_4.WEIGHT_VSORRESU.C66770", "Name": "VSRESU", "DataType": "text", "CodeListItem": [{"CodedValue": "LB", "Decode": {"TranslatedText": [{"_content": "LB", "Type": "text/plain", "lang": "en"}]}}, {"CodedValue": "g", "Decode": {"TranslatedText": [{"_content": "g", "Type": "text/plain", "lang": "en"}]}}, {"CodedValue": "kg", "Decode": {"TranslatedText": [{"_content": "kg", "Type": "text/plain", "lang": "en"}]}}], "Coding": [{"System": "https://www.cdisc.org/standards/terminology", "Code": "C66770", "SystemName": "CDISC/NCI CT"}]}, {"OID": "CL.VS_02_BMI_DENORMALIZED_5.BMI_VSORRESU.C71620", "Name": "UNIT", "DataType": "text", "CodeListItem": [{"CodedValue": "kg/m2", "Decode": {"TranslatedText": [{"_content": "kg/m2", "Type": "text/plain", "lang": "en"}]}}, {"CodedValue": "psi", "Decode": {"TranslatedText": [{"_content": "psi", "Type": "text/plain", "lang": "en"}]}}], "Coding": [{"System": "https://www.cdisc.org/standards/terminology", "Code": "C71620", "SystemName": "CDISC/NCI CT"}]}, {"OID": "CL.VS_02_PULSE_DENORMALIZED_6.PULSE_VSPOS.C71148", "Name": "POSITION", "DataType": "text", "CodeListItem": [{"CodedValue": "PRONE", "Decode": {"TranslatedText": [{"_content": "Prone", "Type": "text/plain", "lang": "en"}]}}, {"CodedValue": "SEMI-RECUMBENT", "Decode": {"TranslatedText": [{"_content": "Semi-recumbent", "Type": "text/plain", "lang": "en"}]}}, {"CodedValue": "SITTING", "Decode": {"TranslatedText": [{"_content": "Sitting", "Type": "text/plain", "lang": "en"}]}}, {"CodedValue": "STANDING", "Decode": {"TranslatedText": [{"_content": "Standing", "Type": "text/plain", "lang": "en"}]}}, {"CodedValue": "SUPINE", "Decode": {"TranslatedText": [{"_content": "Supine", "Type": "text/plain", "lang": "en"}]}}], "Coding": [{"System": "https://www.cdisc.org/standards/terminology", "Code": "C71148", "SystemName": "CDISC/NCI CT"}]}, {"OID": "CL.VS_02_PULSE_DENORMALIZED_6.PULSE_VSLOC.C74456", "Name": "LOC", "DataType": "text", "CodeListItem": [{"CodedValue": "BRACHIAL ARTERY", "Decode": {"TranslatedText": [{"_content": "Brachial Artery", "Type": "text/plain", "lang": "en"}]}}, {"CodedValue": "CAROTID ARTERY", "Decode": {"TranslatedText": [{"_content": "Carotid Artery", "Type": "text/plain", "lang": "en"}]}}, {"CodedValue": "DORSALIS PEDIS ARTERY", "Decode": {"TranslatedText": [{"_content": "Dorsalis Pedis Artery", "Type": "text/plain", "lang": "en"}]}}, {"CodedValue": "FEMORAL ARTERY", "Decode": {"TranslatedText": [{"_content": "Femoral Artery", "Type": "text/plain", "lang": "en"}]}}, {"CodedValue": "PERIPHERAL ARTERY", "Decode": {"TranslatedText": [{"_content": "Peripheral Artery", "Type": "text/plain", "lang": "en"}]}}, {"CodedValue": "RADIAL ARTERY", "Decode": {"TranslatedText": [{"_content": "Radial Artery", "Type": "text/plain", "lang": "en"}]}}], "Coding": [{"System": "https://www.cdisc.org/standards/terminology", "Code": "C74456", "SystemName": "CDISC/NCI CT"}]}, {"OID": "CL.VS_02_PULSE_DENORMALIZED_6.PULSE_VSLAT.C99073", "Name": "LAT", "DataType": "text", "CodeListItem": [{"CodedValue": "LEFT", "Decode": {"TranslatedText": [{"_content": "Left", "Type": "text/plain", "lang": "en"}]}}, {"CodedValue": "RIGHT", "Decode": {"TranslatedText": [{"_content": "Right", "Type": "text/plain", "lang": "en"}]}}], "Coding": [{"System": "https://www.cdisc.org/standards/terminology", "Code": "C99073", "SystemName": "CDISC/NCI CT"}]}, {"OID": "CL.VS_02_PULSE_DENORMALIZED_6.PULSE_VSORRESU.C66770", "Name": "VSRESU", "DataType": "text", "CodeListItem": [{"CodedValue": "beats/min", "Coding": [{"System": "https://www.cdisc.org/standards/terminology", "Code": "C49673", "SystemName": "CDISC/NCI CT"}]}], "Coding": [{"System": "https://www.cdisc.org/standards/terminology", "Code": "C66770", "SystemName": "CDISC/NCI CT"}]}, {"OID": "CL.VS_02_RESP_DENORMALIZED_7.RESP_VSORRESU.C66770", "Name": "VSRESU", "DataType": "text", "CodeListItem": [{"CodedValue": "breaths/min", "Coding": [{"System": "https://www.cdisc.org/standards/terminology", "Code": "C49674", "SystemName": "CDISC/NCI CT"}]}], "Coding": [{"System": "https://www.cdisc.org/standards/terminology", "Code": "C66770", "SystemName": "CDISC/NCI CT"}]}, {"OID": "CL.VS_02_TEMP_DENORMALIZED_8.TEMP_VSORRESU.C66770", "Name": "VSRESU", "DataType": "text", "CodeListItem": [{"CodedValue": "C", "Decode": {"TranslatedText": [{"_content": "Celsius", "Type": "text/plain", "lang": "en"}]}}, {"CodedValue": "F", "Decode": {"TranslatedText": [{"_content": "Fahrenheit", "Type": "text/plain", "lang": "en"}]}}], "Coding": [{"System": "https://www.cdisc.org/standards/terminology", "Code": "C66770", "SystemName": "CDISC/NCI CT"}]}, {"OID": "CL.VS_02_TEMP_DENORMALIZED_8.TEMP_VSLOC.C74456", "Name": "LOC", "DataType": "text", "CodeListItem": [{"CodedValue": "AXILLA", "Decode": {"TranslatedText": [{"_content": "Axilla", "Type": "text/plain", "lang": "en"}]}}, {"CodedValue": "EAR", "Decode": {"TranslatedText": [{"_content": "Ear", "Type": "text/plain", "lang": "en"}]}}, {"CodedValue": "FOREHEAD", "Decode": {"TranslatedText": [{"_content": "Forehead", "Type": "text/plain", "lang": "en"}]}}, {"CodedValue": "ORAL CAVITY", "Decode": {"TranslatedText": [{"_content": "Oral Cavity", "Type": "text/plain", "lang": "en"}]}}, {"CodedValue": "RECTUM", "Decode": {"TranslatedText": [{"_content": "Rectum", "Type": "text/plain", "lang": "en"}]}}], "Coding": [{"System": "https://www.cdisc.org/standards/terminology", "Code": "C74456", "SystemName": "CDISC/NCI CT"}]}, {"OID": "CL.VS_02_HR_DENORMALIZED_9.HR_VSPOS.C71148", "Name": "POSITION", "DataType": "text", "CodeListItem": [{"CodedValue": "PRONE", "Decode": {"TranslatedText": [{"_content": "Prone", "Type": "text/plain", "lang": "en"}]}}, {"CodedValue": "SEMI-RECUMBENT", "Decode": {"TranslatedText": [{"_content": "Semi-recumbent", "Type": "text/plain", "lang": "en"}]}}, {"CodedValue": "SITTING", "Decode": {"TranslatedText": [{"_content": "Sitting", "Type": "text/plain", "lang": "en"}]}}, {"CodedValue": "STANDING", "Decode": {"TranslatedText": [{"_content": "Standing", "Type": "text/plain", "lang": "en"}]}}, {"CodedValue": "SUPINE", "Decode": {"TranslatedText": [{"_content": "Supine", "Type": "text/plain", "lang": "en"}]}}], "Coding": [{"System": "https://www.cdisc.org/standards/terminology", "Code": "C71148", "SystemName": "CDISC/NCI CT"}]}, {"OID": "CL.VS_02_HR_DENORMALIZED_9.HR_VSLOC.C74456", "Name": "LOC", "DataType": "text", "CodeListItem": [{"CodedValue": "BRACHIAL ARTERY", "Decode": {"TranslatedText": [{"_content": "Brachial Artery", "Type": "text/plain", "lang": "en"}]}}, {"CodedValue": "FEMORAL ARTERY", "Decode": {"TranslatedText": [{"_content": "Femoral Artery", "Type": "text/plain", "lang": "en"}]}}, {"CodedValue": "PERIPHERAL ARTERY", "Decode": {"TranslatedText": [{"_content": "Peripheral Artery", "Type": "text/plain", "lang": "en"}]}}, {"CodedValue": "RADIAL ARTERY", "Decode": {"TranslatedText": [{"_content": "Radial Artery", "Type": "text/plain", "lang": "en"}]}}], "Coding": [{"System": "https://www.cdisc.org/standards/terminology", "Code": "C74456", "SystemName": "CDISC/NCI CT"}]}, {"OID": "CL.VS_02_HR_DENORMALIZED_9.HR_VSLAT.C99073", "Name": "LAT", "DataType": "text", "CodeListItem": [{"CodedValue": "LEFT", "Decode": {"TranslatedText": [{"_content": "Left", "Type": "text/plain", "lang": "en"}]}}, {"CodedValue": "RIGHT", "Decode": {"TranslatedText": [{"_content": "Right", "Type": "text/plain", "lang": "en"}]}}], "Coding": [{"System": "https://www.cdisc.org/standards/terminology", "Code": "C99073", "SystemName": "CDISC/NCI CT"}]}, {"OID": "CL.VS_02_HR_DENORMALIZED_9.HR_VSORRESU.C66770", "Name": "VSRESU", "DataType": "text", "CodeListItem": [{"CodedValue": "beats/min", "Coding": [{"System": "https://www.cdisc.org/standards/terminology", "Code": "C49673", "SystemName": "CDISC/NCI CT"}]}], "Coding": [{"System": "https://www.cdisc.org/standards/terminology", "Code": "C66770", "SystemName": "CDISC/NCI CT"}]}]}]}]}