<?xml version='1.0' encoding='utf-8'?>
<ODM FileOID="ODM.CDASH.POC" Granularity="Metadata" CreationDateTime="2025-11-26T20:26:07.272232+00:00" ODMVersion="1.3.2" FileType="Snapshot" Originator="Lex Jansen" SourceSystem="odmlib" SourceSystemVersion="0.1" xmlns="http://www.cdisc.org/ns/odm/v1.3" xmlns:xs="http://www.w3.org/2001/XMLSchema-instance" xmlns:xml="http://www.w3.org/XML/1998/namespace" xmlns:xlink="http://www.w3.org/1999/xlink"><Study OID="ODM.CDASH.STUDY"><GlobalVariables><StudyName>Vital Signs</StudyName><StudyDescription>Vital Signs</StudyDescription><ProtocolName>Vital Signs</ProtocolName></GlobalVariables><BasicDefinitions><MeasurementUnit OID="mu.beats/min" Name="beats/min"><Symbol><TranslatedText>beats/min</TranslatedText></Symbol></MeasurementUnit><MeasurementUnit OID="mu.mmHg" Name="mmHg"><Symbol><TranslatedText>mmHg</TranslatedText></Symbol></MeasurementUnit><MeasurementUnit OID="mu.breaths/min" Name="breaths/min"><Symbol><TranslatedText>breaths/min</TranslatedText></Symbol></MeasurementUnit></BasicDefinitions><MetaDataVersion OID="ODM.CDASH.STUDY.MDV" Name="Vital Signs" Description="Vital Signs"><FormDef OID="FORM.VS1" Name="Vital Signs" Repeating="No"><Description><TranslatedText xml:lang="en">Vital Signs</TranslatedText></Description><ItemGroupRef ItemGroupOID="IG.VS_01_1" OrderNumber="1" Mandatory="Yes" /><ItemGroupRef ItemGroupOID="IG.VS_02_2" OrderNumber="2" Mandatory="Yes" /><Alias Context="formAnnotation" Name="DOMAIN = VS" /></FormDef><ItemGroupDef OID="IG.VS_01_1" Name="Vital Signs Performed" Repeating="No"><ItemRef ItemOID="IT.VS_01_1_VSPERF_1.VSPERF" OrderNumber="1" Mandatory="Yes" /><ItemRef ItemOID="IT.VS_01_1_VSPERF_1.VSDAT" OrderNumber="2" Mandatory="No" /></ItemGroupDef><ItemGroupDef OID="IG.VS_02_2" Name="Vital Signs" Repeating="Yes"><ItemRef ItemOID="IT.VS_02_2_SYSBP_DENORMALIZED_1.VSDAT" OrderNumber="1" Mandatory="No" /><ItemRef ItemOID="IT.VS_02_2_SYSBP_DENORMALIZED_1.SYSBP_VSPOS" OrderNumber="2" Mandatory="No" /><ItemRef ItemOID="IT.VS_02_2_SYSBP_DENORMALIZED_1.SYSBP_VSLOC" OrderNumber="3" Mandatory="No" /><ItemRef ItemOID="IT.VS_02_2_SYSBP_DENORMALIZED_1.SYSBP_VSORRES" OrderNumber="4" Mandatory="Yes" /><ItemRef ItemOID="IT.VS_02_2_SYSBP_DENORMALIZED_1.SYSBP_VSORRESU" OrderNumber="5" Mandatory="Yes" /><ItemRef ItemOID="IT.VS_02_2_DIABP_DENORMALIZED_2.VSDAT" OrderNumber="6" Mandatory="No" /><ItemRef ItemOID="IT.VS_02_2_DIABP_DENORMALIZED_2.DIABP_VSPOS" OrderNumber="7" Mandatory="No" /><ItemRef ItemOID="IT.VS_02_2_DIABP_DENORMALIZED_2.DIABP_VSLOC" OrderNumber="8" Mandatory="No" /><ItemRef ItemOID="IT.VS_02_2_DIABP_DENORMALIZED_2.DIABP_VSORRES" OrderNumber="9" Mandatory="Yes" /><ItemRef ItemOID="IT.VS_02_2_DIABP_DENORMALIZED_2.DIABP_VSORRESU" OrderNumber="10" Mandatory="Yes" /><ItemRef ItemOID="IT.VS_02_2_HEIGHT_DENORMALIZED_3.VSDAT" OrderNumber="11" Mandatory="No" /><ItemRef ItemOID="IT.VS_02_2_HEIGHT_DENORMALIZED_3.HEIGHT_VSORRES" OrderNumber="12" Mandatory="Yes" /><ItemRef ItemOID="IT.VS_02_2_HEIGHT_DENORMALIZED_3.HEIGHT_VSORRESU" OrderNumber="13" Mandatory="Yes" /><ItemRef ItemOID="IT.VS_02_2_WEIGHT_DENORMALIZED_4.VSDAT" OrderNumber="14" Mandatory="No" /><ItemRef ItemOID="IT.VS_02_2_WEIGHT_DENORMALIZED_4.WEIGHT_VSORRES" OrderNumber="15" Mandatory="Yes" /><ItemRef ItemOID="IT.VS_02_2_WEIGHT_DENORMALIZED_4.WEIGHT_VSORRESU" OrderNumber="16" Mandatory="Yes" /><ItemRef ItemOID="IT.VS_02_2_BMI_DENORMALIZED_5.VSDAT" OrderNumber="17" Mandatory="No" /><ItemRef ItemOID="IT.VS_02_2_BMI_DENORMALIZED_5.BMI_VSORRES" OrderNumber="18" Mandatory="Yes" /><ItemRef ItemOID="IT.VS_02_2_BMI_DENORMALIZED_5.BMI_VSORRESU" OrderNumber="19" Mandatory="Yes" /><ItemRef ItemOID="IT.VS_02_2_PULSE_DENORMALIZED_6.VSDAT" OrderNumber="20" Mandatory="No" /><ItemRef ItemOID="IT.VS_02_2_PULSE_DENORMALIZED_6.PULSE_VSPOS" OrderNumber="21" Mandatory="No" /><ItemRef ItemOID="IT.VS_02_2_PULSE_DENORMALIZED_6.PULSE_VSLOC" OrderNumber="22" Mandatory="No" /><ItemRef ItemOID="IT.VS_02_2_PULSE_DENORMALIZED_6.PULSE_VSLAT" OrderNumber="23" Mandatory="No" /><ItemRef ItemOID="IT.VS_02_2_PULSE_DENORMALIZED_6.PULSE_VSORRES" OrderNumber="24" Mandatory="Yes" /><ItemRef ItemOID="IT.VS_02_2_PULSE_DENORMALIZED_6.PULSE_VSORRESU" OrderNumber="25" Mandatory="Yes" /><ItemRef ItemOID="IT.VS_02_2_RESP_DENORMALIZED_7.VSDAT" OrderNumber="26" Mandatory="No" /><ItemRef ItemOID="IT.VS_02_2_RESP_DENORMALIZED_7.RESP_VSORRES" OrderNumber="27" Mandatory="Yes" /><ItemRef ItemOID="IT.VS_02_2_RESP_DENORMALIZED_7.RESP_VSORRESU" OrderNumber="28" Mandatory="Yes" /><ItemRef ItemOID="IT.VS_02_2_TEMP_DENORMALIZED_8.VSDAT" OrderNumber="29" Mandatory="No" /><ItemRef ItemOID="IT.VS_02_2_TEMP_DENORMALIZED_8.TEMP_VSORRES" OrderNumber="30" Mandatory="Yes" /><ItemRef ItemOID="IT.VS_02_2_TEMP_DENORMALIZED_8.TEMP_VSORRESU" OrderNumber="31" Mandatory="Yes" /><ItemRef ItemOID="IT.VS_02_2_TEMP_DENORMALIZED_8.TEMP_VSLOC" OrderNumber="32" Mandatory="No" /><ItemRef ItemOID="IT.VS_02_2_HR_DENORMALIZED_9.VSDAT" OrderNumber="33" Mandatory="No" /><ItemRef ItemOID="IT.VS_02_2_HR_DENORMALIZED_9.HR_VSPOS" OrderNumber="34" Mandatory="No" /><ItemRef ItemOID="IT.VS_02_2_HR_DENORMALIZED_9.HR_VSLOC" OrderNumber="35" Mandatory="No" /><ItemRef ItemOID="IT.VS_02_2_HR_DENORMALIZED_9.HR_VSLAT" OrderNumber="36" Mandatory="No" /><ItemRef ItemOID="IT.VS_02_2_HR_DENORMALIZED_9.HR_VSORRES" OrderNumber="37" Mandatory="Yes" /><ItemRef ItemOID="IT.VS_02_2_HR_DENORMALIZED_9.HR_VSORRESU" OrderNumber="38" Mandatory="Yes" /></ItemGroupDef><ItemDef OID="IT.VS_01_1_VSPERF_1.VSPERF" Name="VSPERF" DataType="text" Length="1"><Description><TranslatedText xml:lang="en">VSPERF</TranslatedText></Description><Question><TranslatedText xml:lang="en">Were vital signs performed?</TranslatedText></Question><CodeListRef CodeListOID="CL.VS_01_VSPERF_1.VSPERF.C66742" /><Alias Context="SDTM" Name="[NOT SUBMITTED]; VSSTAT = NOT DONE when VSTESTCD = VSALL" /><Alias Context="CDASH" Name="VSPERF" /></ItemDef><ItemDef OID="IT.VS_01_1_VSPERF_1.VSDAT" Name="VSDAT" DataType="date" Length="10"><Description><TranslatedText xml:lang="en">VSDAT</TranslatedText></Description><Question><TranslatedText xml:lang="en">Date of Assessment</TranslatedText></Question><Alias Context="SDTM" Name="VSDTC" /><Alias Context="CDASH" Name="VSDAT" /></ItemDef><ItemDef OID="IT.VS_02_2_SYSBP_DENORMALIZED_1.VSDAT" Name="VSDAT" DataType="date" Length="10"><Description><TranslatedText xml:lang="en">VSDAT</TranslatedText></Description><Question><TranslatedText xml:lang="en">What was the date of the measurement?</TranslatedText></Question><Alias Context="SDTM" Name="VSDTC" /><Alias Context="CDASH" Name="VSDAT" /></ItemDef><ItemDef OID="IT.VS_02_2_SYSBP_DENORMALIZED_1.SYSBP_VSPOS" Name="SYSBP_VSPOS" DataType="text" Length="50"><Description><TranslatedText xml:lang="en">VSPOS</TranslatedText></Description><Question><TranslatedText xml:lang="en">What was the position of the subject during the Systolic Blood Pressure measurement?</TranslatedText></Question><CodeListRef CodeListOID="CL.VS_02_SYSBP_DENORMALIZED_1.SYSBP_VSPOS.C71148" /><Alias Context="SDTM" Name="VSPOS when VSTESTCD = SYSBP" /><Alias Context="CDASH" Name="SYSBP_VSPOS" /></ItemDef><ItemDef OID="IT.VS_02_2_SYSBP_DENORMALIZED_1.SYSBP_VSLOC" Name="SYSBP_VSLOC" DataType="text" Length="10"><Description><TranslatedText xml:lang="en">VSLOC</TranslatedText></Description><Question><TranslatedText xml:lang="en">What was the location of the subject during the Systolic Blood Pressure measurement?</TranslatedText></Question><CodeListRef CodeListOID="CL.VS_02_SYSBP_DENORMALIZED_1.SYSBP_VSLOC.C74456" /><Alias Context="SDTM" Name="VSLOC when VSTESTCD = SYSBP" /><Alias Context="CDASH" Name="SYSBP_VSLOC" /></ItemDef><ItemDef OID="IT.VS_02_2_SYSBP_DENORMALIZED_1.SYSBP_VSORRES" Name="SYSBP_VSORRES" DataType="integer" Length="3"><Description><TranslatedText xml:lang="en">VSORRES</TranslatedText></Description><Question><TranslatedText xml:lang="en">What was the result of the Systolic Blood Pressure measurement?</TranslatedText></Question><MeasurementUnitRef MeasurementUnitOID="mu.mmHg" /><Alias Context="SDTM" Name="VSORRES when VSTESTCD = SYSBP" /><Alias Context="CDASH" Name="SYSBP_VSORRES" /></ItemDef><ItemDef OID="IT.VS_02_2_SYSBP_DENORMALIZED_1.SYSBP_VSORRESU" Name="SYSBP_VSORRESU" DataType="text" Length="10"><Description><TranslatedText xml:lang="en">VSORRESU</TranslatedText></Description><Question><TranslatedText xml:lang="en">What was the unit of the Systolic Blood Pressure measurement?</TranslatedText></Question><CodeListRef CodeListOID="CL.VS_02_SYSBP_DENORMALIZED_1.SYSBP_VSORRESU.C66770" /><Alias Context="SDTM" Name="VSORRESU = mmHg when VSTESTCD = SYSBP" /><Alias Context="CDASH" Name="SYSBP_VSORRESU" /></ItemDef><ItemDef OID="IT.VS_02_2_DIABP_DENORMALIZED_2.VSDAT" Name="VSDAT" DataType="date" Length="10"><Description><TranslatedText xml:lang="en">VSDAT</TranslatedText></Description><Question><TranslatedText xml:lang="en">What was the date of the measurement?</TranslatedText></Question><Alias Context="SDTM" Name="VSDTC" /><Alias Context="CDASH" Name="VSDAT" /></ItemDef><ItemDef OID="IT.VS_02_2_DIABP_DENORMALIZED_2.DIABP_VSPOS" Name="DIABP_VSPOS" DataType="text" Length="50"><Description><TranslatedText xml:lang="en">VSPOS</TranslatedText></Description><Question><TranslatedText xml:lang="en">What was the position of the subject during the Diastolic Blood Pressure measurement?</TranslatedText></Question><CodeListRef CodeListOID="CL.VS_02_DIABP_DENORMALIZED_2.DIABP_VSPOS.C71148" /><Alias Context="SDTM" Name="VSPOS when VSTESTCD = DIABP" /><Alias Context="CDASH" Name="DIABP_VSPOS" /></ItemDef><ItemDef OID="IT.VS_02_2_DIABP_DENORMALIZED_2.DIABP_VSLOC" Name="DIABP_VSLOC" DataType="text" Length="50"><Description><TranslatedText xml:lang="en">VSLOC</TranslatedText></Description><Question><TranslatedText xml:lang="en">What was the position of the subject during the Diastolic Blood Pressure measurement?</TranslatedText></Question><CodeListRef CodeListOID="CL.VS_02_DIABP_DENORMALIZED_2.DIABP_VSLOC.C74456" /><Alias Context="SDTM" Name="VSLOC when VSTESTCD = DIABP" /><Alias Context="CDASH" Name="DIABP_VSLOC" /></ItemDef><ItemDef OID="IT.VS_02_2_DIABP_DENORMALIZED_2.DIABP_VSORRES" Name="DIABP_VSORRES" DataType="integer" Length="3"><Description><TranslatedText xml:lang="en">VSORRES</TranslatedText></Description><Question><TranslatedText xml:lang="en">What was the result of the Diastolic Blood Pressure measurement?</TranslatedText></Question><MeasurementUnitRef MeasurementUnitOID="mu.mmHg" /><Alias Context="SDTM" Name="VSORRES when VSTESTCD = DIABP" /><Alias Context="CDASH" Name="DIABP_VSORRES" /></ItemDef><ItemDef OID="IT.VS_02_2_DIABP_DENORMALIZED_2.DIABP_VSORRESU" Name="DIABP_VSORRESU" DataType="text" Length="10"><Description><TranslatedText xml:lang="en">VSORRESU</TranslatedText></Description><Question><TranslatedText xml:lang="en">What was the unit of the Diastolic Blood Pressure measurement?</TranslatedText></Question><CodeListRef CodeListOID="CL.VS_02_DIABP_DENORMALIZED_2.DIABP_VSORRESU.C66770" /><Alias Context="SDTM" Name="VSORRESU = mmHg when VSTESTCD = DIABP" /><Alias Context="CDASH" Name="DIABP_VSORRESU" /></ItemDef><ItemDef OID="IT.VS_02_2_HEIGHT_DENORMALIZED_3.VSDAT" Name="VSDAT" DataType="date" Length="10"><Description><TranslatedText xml:lang="en">VSDAT</TranslatedText></Description><Alias Context="prompt" Name="Date of Assessment" /><Alias Context="SDTM" Name="VSDTC" /><Alias Context="CDASH" Name="VSDAT" /></ItemDef><ItemDef OID="IT.VS_02_2_HEIGHT_DENORMALIZED_3.HEIGHT_VSORRES" Name="HEIGHT_VSORRES" DataType="float" Length="4" SignificantDigits="2"><Description><TranslatedText xml:lang="en">VSORRES</TranslatedText></Description><Alias Context="prompt" Name="Height" /><Alias Context="SDTM" Name="VSORRES when VSTESTCD = HEIGHT" /><Alias Context="CDASH" Name="HEIGHT_VSORRES" /></ItemDef><ItemDef OID="IT.VS_02_2_HEIGHT_DENORMALIZED_3.HEIGHT_VSORRESU" Name="HEIGHT_VSORRESU" DataType="text" Length="2"><Description><TranslatedText xml:lang="en">VSORRESU</TranslatedText></Description><CodeListRef CodeListOID="CL.VS_02_HEIGHT_DENORMALIZED_3.HEIGHT_VSORRESU.C66770" /><Alias Context="prompt" Name="Height Unit" /><Alias Context="SDTM" Name="VSORRESU when VSTESTCD = HEIGHT" /><Alias Context="CDASH" Name="HEIGHT_VSORRESU" /></ItemDef><ItemDef OID="IT.VS_02_2_WEIGHT_DENORMALIZED_4.VSDAT" Name="VSDAT" DataType="date" Length="10"><Description><TranslatedText xml:lang="en">VSDAT</TranslatedText></Description><Alias Context="prompt" Name="Date of Assessment" /><Alias Context="SDTM" Name="VSDTC" /><Alias Context="CDASH" Name="VSDAT" /></ItemDef><ItemDef OID="IT.VS_02_2_WEIGHT_DENORMALIZED_4.WEIGHT_VSORRES" Name="WEIGHT_VSORRES" DataType="float" Length="4" SignificantDigits="2"><Description><TranslatedText xml:lang="en">VSORRES</TranslatedText></Description><Alias Context="prompt" Name="Weight" /><Alias Context="SDTM" Name="VSORRES when VSTESTCD = WEIGHT" /><Alias Context="CDASH" Name="WEIGHT_VSORRES" /></ItemDef><ItemDef OID="IT.VS_02_2_WEIGHT_DENORMALIZED_4.WEIGHT_VSORRESU" Name="WEIGHT_VSORRESU" DataType="text" Length="10"><Description><TranslatedText xml:lang="en">VSORRESU</TranslatedText></Description><CodeListRef CodeListOID="CL.VS_02_WEIGHT_DENORMALIZED_4.WEIGHT_VSORRESU.C66770" /><Alias Context="prompt" Name="Weight Unit" /><Alias Context="SDTM" Name="VSORRESU when VSTESTCD = WEIGHT" /><Alias Context="CDASH" Name="WEIGHT_VSORRESU" /></ItemDef><ItemDef OID="IT.VS_02_2_BMI_DENORMALIZED_5.VSDAT" Name="VSDAT" DataType="date" Length="10"><Description><TranslatedText xml:lang="en">VSDAT</TranslatedText></Description><Alias Context="prompt" Name="Date of Assessment" /><Alias Context="SDTM" Name="VSDTC" /><Alias Context="CDASH" Name="VSDAT" /></ItemDef><ItemDef OID="IT.VS_02_2_BMI_DENORMALIZED_5.BMI_VSORRES" Name="BMI_VSORRES" DataType="float" Length="4" SignificantDigits="2"><Description><TranslatedText xml:lang="en">VSORRES</TranslatedText></Description><Alias Context="prompt" Name="BMI" /><Alias Context="SDTM" Name="VSORRES when VSTESTCD = BMI" /><Alias Context="CDASH" Name="BMI_VSORRES" /></ItemDef><ItemDef OID="IT.VS_02_2_BMI_DENORMALIZED_5.BMI_VSORRESU" Name="BMI_VSORRESU" DataType="text" Length="3"><Description><TranslatedText xml:lang="en">VSORRESU</TranslatedText></Description><CodeListRef CodeListOID="CL.VS_02_BMI_DENORMALIZED_5.BMI_VSORRESU.C71620" /><Alias Context="prompt" Name="BMI Unit" /><Alias Context="SDTM" Name="VSORRESU when VSTESTCD = BMI" /><Alias Context="CDASH" Name="BMI_VSORRESU" /></ItemDef><ItemDef OID="IT.VS_02_2_PULSE_DENORMALIZED_6.VSDAT" Name="VSDAT" DataType="date" Length="10"><Description><TranslatedText xml:lang="en">VSDAT</TranslatedText></Description><Alias Context="prompt" Name="Date of Assessment" /><Alias Context="SDTM" Name="VSDTC" /><Alias Context="CDASH" Name="VSDAT" /></ItemDef><ItemDef OID="IT.VS_02_2_PULSE_DENORMALIZED_6.PULSE_VSPOS" Name="PULSE_VSPOS" DataType="text" Length="50"><Description><TranslatedText xml:lang="en">VSPOS</TranslatedText></Description><CodeListRef CodeListOID="CL.VS_02_PULSE_DENORMALIZED_6.PULSE_VSPOS.C71148" /><Alias Context="prompt" Name="Position" /><Alias Context="SDTM" Name="VSPOS when VSTESTCD = PULSE" /><Alias Context="CDASH" Name="PULSE_VSPOS" /></ItemDef><ItemDef OID="IT.VS_02_2_PULSE_DENORMALIZED_6.PULSE_VSLOC" Name="PULSE_VSLOC" DataType="text" Length="50"><Description><TranslatedText xml:lang="en">VSLOC</TranslatedText></Description><CodeListRef CodeListOID="CL.VS_02_PULSE_DENORMALIZED_6.PULSE_VSLOC.C74456" /><Alias Context="prompt" Name="Anatomical Location" /><Alias Context="SDTM" Name="VSLOC when VSTESTCD = PULSE" /><Alias Context="CDASH" Name="PULSE_VSLOC" /></ItemDef><ItemDef OID="IT.VS_02_2_PULSE_DENORMALIZED_6.PULSE_VSLAT" Name="PULSE_VSLAT" DataType="text" Length="10"><Description><TranslatedText xml:lang="en">VSLAT</TranslatedText></Description><CodeListRef CodeListOID="CL.VS_02_PULSE_DENORMALIZED_6.PULSE_VSLAT.C99073" /><Alias Context="prompt" Name="Side" /><Alias Context="SDTM" Name="VSLAT when VSTESTCD = PULSE" /><Alias Context="CDASH" Name="PULSE_VSLAT" /></ItemDef><ItemDef OID="IT.VS_02_2_PULSE_DENORMALIZED_6.PULSE_VSORRES" Name="PULSE_VSORRES" DataType="float" Length="4" SignificantDigits="1"><Description><TranslatedText xml:lang="en">VSORRES</TranslatedText></Description><MeasurementUnitRef MeasurementUnitOID="mu.beats/min" /><Alias Context="prompt" Name="Pulse Rate" /><Alias Context="SDTM" Name="VSORRES when VSTESTCD = PULSE" /><Alias Context="CDASH" Name="PULSE_VSORRES" /></ItemDef><ItemDef OID="IT.VS_02_2_PULSE_DENORMALIZED_6.PULSE_VSORRESU" Name="PULSE_VSORRESU" DataType="text" Length="2"><Description><TranslatedText xml:lang="en">VSORRESU</TranslatedText></Description><CodeListRef CodeListOID="CL.VS_02_PULSE_DENORMALIZED_6.PULSE_VSORRESU.C66770" /><Alias Context="prompt" Name="Pulse Rate Unit" /><Alias Context="SDTM" Name="VSORRESU = beats/min when VSTESTCD = PULSE" /><Alias Context="CDASH" Name="PULSE_VSORRESU" /></ItemDef><ItemDef OID="IT.VS_02_2_RESP_DENORMALIZED_7.VSDAT" Name="VSDAT" DataType="date" Length="10"><Description><TranslatedText xml:lang="en">VSDAT</TranslatedText></Description><Alias Context="prompt" Name="Date of Assessment" /><Alias Context="SDTM" Name="VSDTC" /><Alias Context="CDASH" Name="VSDAT" /></ItemDef><ItemDef OID="IT.VS_02_2_RESP_DENORMALIZED_7.RESP_VSORRES" Name="RESP_VSORRES" DataType="integer" Length="2"><Description><TranslatedText xml:lang="en">VSORRES</TranslatedText></Description><MeasurementUnitRef MeasurementUnitOID="mu.breaths/min" /><Alias Context="prompt" Name="Respiratory Rate" /><Alias Context="SDTM" Name="VSORRES when VSTESTCD = RESP" /><Alias Context="CDASH" Name="RESP_VSORRES" /></ItemDef><ItemDef OID="IT.VS_02_2_RESP_DENORMALIZED_7.RESP_VSORRESU" Name="RESP_VSORRESU" DataType="text" Length="10"><Description><TranslatedText xml:lang="en">VSORRESU</TranslatedText></Description><CodeListRef CodeListOID="CL.VS_02_RESP_DENORMALIZED_7.RESP_VSORRESU.C66770" /><Alias Context="prompt" Name="Respiratory Rate Unit" /><Alias Context="SDTM" Name="VSORRESU = breaths/min when VSTESTCD = RESP" /><Alias Context="CDASH" Name="RESP_VSORRESU" /></ItemDef><ItemDef OID="IT.VS_02_2_TEMP_DENORMALIZED_8.VSDAT" Name="VSDAT" DataType="date" Length="10"><Description><TranslatedText xml:lang="en">VSDAT</TranslatedText></Description><Alias Context="prompt" Name="Date of Assessment" /><Alias Context="SDTM" Name="VSDTC" /><Alias Context="CDASH" Name="VSDAT" /></ItemDef><ItemDef OID="IT.VS_02_2_TEMP_DENORMALIZED_8.TEMP_VSORRES" Name="TEMP_VSORRES" DataType="float" Length="4" SignificantDigits="1"><Description><TranslatedText xml:lang="en">VSORRES</TranslatedText></Description><Alias Context="prompt" Name="Temperature" /><Alias Context="SDTM" Name="VSORRES when VSTESTCD = TEMP" /><Alias Context="CDASH" Name="TEMP_VSORRES" /></ItemDef><ItemDef OID="IT.VS_02_2_TEMP_DENORMALIZED_8.TEMP_VSORRESU" Name="TEMP_VSORRESU" DataType="text" Length="2"><Description><TranslatedText xml:lang="en">VSORRESU</TranslatedText></Description><CodeListRef CodeListOID="CL.VS_02_TEMP_DENORMALIZED_8.TEMP_VSORRESU.C66770" /><Alias Context="prompt" Name="Temperature Unit" /><Alias Context="SDTM" Name="VSORRESU when VSTESTCD = TEMP" /><Alias Context="CDASH" Name="TEMP_VSORRESU" /></ItemDef><ItemDef OID="IT.VS_02_2_TEMP_DENORMALIZED_8.TEMP_VSLOC" Name="TEMP_VSLOC" DataType="text" Length="11"><Description><TranslatedText xml:lang="en">VSLOC</TranslatedText></Description><CodeListRef CodeListOID="CL.VS_02_TEMP_DENORMALIZED_8.TEMP_VSLOC.C74456" /><Alias Context="prompt" Name="Anatomical Location" /><Alias Context="SDTM" Name="VSLOC when VSTESTCD = TEMP" /><Alias Context="CDASH" Name="TEMP_VSLOC" /></ItemDef><ItemDef OID="IT.VS_02_2_HR_DENORMALIZED_9.VSDAT" Name="VSDAT" DataType="date" Length="10"><Description><TranslatedText xml:lang="en">VSDAT</TranslatedText></Description><Alias Context="prompt" Name="Date of Assessment" /><Alias Context="SDTM" Name="VSDTC" /><Alias Context="CDASH" Name="VSDAT" /></ItemDef><ItemDef OID="IT.VS_02_2_HR_DENORMALIZED_9.HR_VSPOS" Name="HR_VSPOS" DataType="text" Length="50"><Description><TranslatedText xml:lang="en">VSPOS</TranslatedText></Description><CodeListRef CodeListOID="CL.VS_02_HR_DENORMALIZED_9.HR_VSPOS.C71148" /><Alias Context="prompt" Name="Position" /><Alias Context="SDTM" Name="VSPOS when VSTESTCD = HR" /><Alias Context="CDASH" Name="HR_VSPOS" /></ItemDef><ItemDef OID="IT.VS_02_2_HR_DENORMALIZED_9.HR_VSLOC" Name="HR_VSLOC" DataType="text" Length="50"><Description><TranslatedText xml:lang="en">VSLOC</TranslatedText></Description><CodeListRef CodeListOID="CL.VS_02_HR_DENORMALIZED_9.HR_VSLOC.C74456" /><Alias Context="prompt" Name="Anatomical Location" /><Alias Context="SDTM" Name="VSLOC when VSTESTCD = HR" /><Alias Context="CDASH" Name="HR_VSLOC" /></ItemDef><ItemDef OID="IT.VS_02_2_HR_DENORMALIZED_9.HR_VSLAT" Name="HR_VSLAT" DataType="text" Length="10"><Description><TranslatedText xml:lang="en">VSLAT</TranslatedText></Description><CodeListRef CodeListOID="CL.VS_02_HR_DENORMALIZED_9.HR_VSLAT.C99073" /><Alias Context="prompt" Name="Side" /><Alias Context="SDTM" Name="VSLAT when VSTESTCD = HR" /><Alias Context="CDASH" Name="HR_VSLAT" /></ItemDef><ItemDef OID="IT.VS_02_2_HR_DENORMALIZED_9.HR_VSORRES" Name="HR_VSORRES" DataType="integer" Length="3"><Description><TranslatedText xml:lang="en">VSORRES</TranslatedText></Description><MeasurementUnitRef MeasurementUnitOID="mu.beats/min" /><Alias Context="prompt" Name="Heart Rate" /><Alias Context="SDTM" Name="VSORRES when VSTESTCD = HR" /><Alias Context="CDASH" Name="HR_VSORRES" /></ItemDef><ItemDef OID="IT.VS_02_2_HR_DENORMALIZED_9.HR_VSORRESU" Name="HR_VSORRESU" DataType="text" Length="10"><Description><TranslatedText xml:lang="en">VSORRESU</TranslatedText></Description><CodeListRef CodeListOID="CL.VS_02_HR_DENORMALIZED_9.HR_VSORRESU.C66770" /><Alias Context="prompt" Name="Heart Rate Unit" /><Alias Context="SDTM" Name="VSORRESU = beats/min when VSTESTCD = HR" /><Alias Context="CDASH" Name="HR_VSORRESU" /></ItemDef><CodeList OID="CL.VS_01_VSPERF_1.VSPERF.C66742" Name="NY" DataType="text"><CodeListItem CodedValue="N"><Decode><TranslatedText xml:lang="en">No</TranslatedText></Decode></CodeListItem><CodeListItem CodedValue="Y"><Decode><TranslatedText xml:lang="en">Yes</TranslatedText></Decode></CodeListItem></CodeList><CodeList OID="CL.VS_02_SYSBP_DENORMALIZED_1.SYSBP_VSPOS.C71148" Name="POSITION" DataType="text"><CodeListItem CodedValue="PRONE"><Decode><TranslatedText xml:lang="en">Prone</TranslatedText></Decode></CodeListItem><CodeListItem CodedValue="SEMI-RECUMBENT"><Decode><TranslatedText xml:lang="en">Semi-recumbent</TranslatedText></Decode></CodeListItem><CodeListItem CodedValue="SITTING"><Decode><TranslatedText xml:lang="en">Sitting</TranslatedText></Decode></CodeListItem><CodeListItem CodedValue="STANDING"><Decode><TranslatedText xml:lang="en">Standing</TranslatedText></Decode></CodeListItem><CodeListItem CodedValue="SUPINE"><Decode><TranslatedText xml:lang="en">Supine</TranslatedText></Decode></CodeListItem></CodeList><CodeList OID="CL.VS_02_SYSBP_DENORMALIZED_1.SYSBP_VSLOC.C74456" Name="LOC" DataType="text"><CodeListItem CodedValue="BRACHIAL ARTERY"><Decode><TranslatedText xml:lang="en">Brachial Artery</TranslatedText></Decode></CodeListItem><CodeListItem CodedValue="FEMORAL ARTERY"><Decode><TranslatedText xml:lang="en">Femoral Artery</TranslatedText></Decode></CodeListItem><CodeListItem CodedValue="PERIPHERAL ARTERY"><Decode><TranslatedText xml:lang="en">Peripheral Artery</TranslatedText></Decode></CodeListItem><CodeListItem CodedValue="RADIAL ARTERY"><Decode><TranslatedText xml:lang="en">Radial Artery</TranslatedText></Decode></CodeListItem></CodeList><CodeList OID="CL.VS_02_SYSBP_DENORMALIZED_1.SYSBP_VSORRESU.C66770" Name="VSRESU" DataType="text"><EnumeratedItem CodedValue="mmHg" /></CodeList><CodeList OID="CL.VS_02_DIABP_DENORMALIZED_2.DIABP_VSPOS.C71148" Name="POSITION" DataType="text"><CodeListItem CodedValue="PRONE"><Decode><TranslatedText xml:lang="en">Prone</TranslatedText></Decode></CodeListItem><CodeListItem CodedValue="SEMI-RECUMBENT"><Decode><TranslatedText xml:lang="en">Semi-recumbent</TranslatedText></Decode></CodeListItem><CodeListItem CodedValue="SITTING"><Decode><TranslatedText xml:lang="en">Sitting</TranslatedText></Decode></CodeListItem><CodeListItem CodedValue="STANDING"><Decode><TranslatedText xml:lang="en">Standing</TranslatedText></Decode></CodeListItem><CodeListItem CodedValue="SUPINE"><Decode><TranslatedText xml:lang="en">Supine</TranslatedText></Decode></CodeListItem></CodeList><CodeList OID="CL.VS_02_DIABP_DENORMALIZED_2.DIABP_VSLOC.C74456" Name="LOC" DataType="text"><CodeListItem CodedValue="BRACHIAL ARTERY"><Decode><TranslatedText xml:lang="en">Brachial Artery</TranslatedText></Decode></CodeListItem><CodeListItem CodedValue="FEMORAL ARTERY"><Decode><TranslatedText xml:lang="en">Femoral Artery</TranslatedText></Decode></CodeListItem><CodeListItem CodedValue="PERIPHERAL ARTERY"><Decode><TranslatedText xml:lang="en">Peripheral Artery</TranslatedText></Decode></CodeListItem><CodeListItem CodedValue="RADIAL ARTERY"><Decode><TranslatedText xml:lang="en">Radial Artery</TranslatedText></Decode></CodeListItem></CodeList><CodeList OID="CL.VS_02_DIABP_DENORMALIZED_2.DIABP_VSORRESU.C66770" Name="VSRESU" DataType="text"><EnumeratedItem CodedValue="mmHg" /></CodeList><CodeList OID="CL.VS_02_HEIGHT_DENORMALIZED_3.HEIGHT_VSORRESU.C66770" Name="VSRESU" DataType="text"><CodeListItem CodedValue="cm"><Decode><TranslatedText xml:lang="en">cm</TranslatedText></Decode></CodeListItem><CodeListItem CodedValue="in"><Decode><TranslatedText xml:lang="en">in</TranslatedText></Decode></CodeListItem><CodeListItem CodedValue="m"><Decode><TranslatedText xml:lang="en">m</TranslatedText></Decode></CodeListItem></CodeList><CodeList OID="CL.VS_02_WEIGHT_DENORMALIZED_4.WEIGHT_VSORRESU.C66770" Name="VSRESU" DataType="text"><CodeListItem CodedValue="LB"><Decode><TranslatedText xml:lang="en">LB</TranslatedText></Decode></CodeListItem><CodeListItem CodedValue="g"><Decode><TranslatedText xml:lang="en">g</TranslatedText></Decode></CodeListItem><CodeListItem CodedValue="kg"><Decode><TranslatedText xml:lang="en">kg</TranslatedText></Decode></CodeListItem></CodeList><CodeList OID="CL.VS_02_BMI_DENORMALIZED_5.BMI_VSORRESU.C71620" Name="UNIT" DataType="text"><CodeListItem CodedValue="kg/m2"><Decode><TranslatedText xml:lang="en">kg/m2</TranslatedText></Decode></CodeListItem><CodeListItem CodedValue="psi"><Decode><TranslatedText xml:lang="en">psi</TranslatedText></Decode></CodeListItem></CodeList><CodeList OID="CL.VS_02_PULSE_DENORMALIZED_6.PULSE_VSPOS.C71148" Name="POSITION" DataType="text"><CodeListItem CodedValue="PRONE"><Decode><TranslatedText xml:lang="en">Prone</TranslatedText></Decode></CodeListItem><CodeListItem CodedValue="SEMI-RECUMBENT"><Decode><TranslatedText xml:lang="en">Semi-recumbent</TranslatedText></Decode></CodeListItem><CodeListItem CodedValue="SITTING"><Decode><TranslatedText xml:lang="en">Sitting</TranslatedText></Decode></CodeListItem><CodeListItem CodedValue="STANDING"><Decode><TranslatedText xml:lang="en">Standing</TranslatedText></Decode></CodeListItem><CodeListItem CodedValue="SUPINE"><Decode><TranslatedText xml:lang="en">Supine</TranslatedText></Decode></CodeListItem></CodeList><CodeList OID="CL.VS_02_PULSE_DENORMALIZED_6.PULSE_VSLOC.C74456" Name="LOC" DataType="text"><CodeListItem CodedValue="BRACHIAL ARTERY"><Decode><TranslatedText xml:lang="en">Brachial Artery</TranslatedText></Decode></CodeListItem><CodeListItem CodedValue="CAROTID ARTERY"><Decode><TranslatedText xml:lang="en">Carotid Artery</TranslatedText></Decode></CodeListItem><CodeListItem CodedValue="DORSALIS PEDIS ARTERY"><Decode><TranslatedText xml:lang="en">Dorsalis Pedis Artery</TranslatedText></Decode></CodeListItem><CodeListItem CodedValue="FEMORAL ARTERY"><Decode><TranslatedText xml:lang="en">Femoral Artery</TranslatedText></Decode></CodeListItem><CodeListItem CodedValue="PERIPHERAL ARTERY"><Decode><TranslatedText xml:lang="en">Peripheral Artery</TranslatedText></Decode></CodeListItem><CodeListItem CodedValue="RADIAL ARTERY"><Decode><TranslatedText xml:lang="en">Radial Artery</TranslatedText></Decode></CodeListItem></CodeList><CodeList OID="CL.VS_02_PULSE_DENORMALIZED_6.PULSE_VSLAT.C99073" Name="LAT" DataType="text"><CodeListItem CodedValue="LEFT"><Decode><TranslatedText xml:lang="en">Left</TranslatedText></Decode></CodeListItem><CodeListItem CodedValue="RIGHT"><Decode><TranslatedText xml:lang="en">Right</TranslatedText></Decode></CodeListItem></CodeList><CodeList OID="CL.VS_02_PULSE_DENORMALIZED_6.PULSE_VSORRESU.C66770" Name="VSRESU" DataType="text"><EnumeratedItem CodedValue="beats/min" /></CodeList><CodeList OID="CL.VS_02_RESP_DENORMALIZED_7.RESP_VSORRESU.C66770" Name="VSRESU" DataType="text"><EnumeratedItem CodedValue="breaths/min" /></CodeList><CodeList OID="CL.VS_02_TEMP_DENORMALIZED_8.TEMP_VSORRESU.C66770" Name="VSRESU" DataType="text"><CodeListItem CodedValue="C"><Decode><TranslatedText xml:lang="en">Celsius</TranslatedText></Decode></CodeListItem><CodeListItem CodedValue="F"><Decode><TranslatedText xml:lang="en">Fahrenheit</TranslatedText></Decode></CodeListItem></CodeList><CodeList OID="CL.VS_02_TEMP_DENORMALIZED_8.TEMP_VSLOC.C74456" Name="LOC" DataType="text"><CodeListItem CodedValue="AXILLA"><Decode><TranslatedText xml:lang="en">Axilla</TranslatedText></Decode></CodeListItem><CodeListItem CodedValue="EAR"><Decode><TranslatedText xml:lang="en">Ear</TranslatedText></Decode></CodeListItem><CodeListItem CodedValue="FOREHEAD"><Decode><TranslatedText xml:lang="en">Forehead</TranslatedText></Decode></CodeListItem><CodeListItem CodedValue="ORAL CAVITY"><Decode><TranslatedText xml:lang="en">Oral Cavity</TranslatedText></Decode></CodeListItem><CodeListItem CodedValue="RECTUM"><Decode><TranslatedText xml:lang="en">Rectum</TranslatedText></Decode></CodeListItem></CodeList><CodeList OID="CL.VS_02_HR_DENORMALIZED_9.HR_VSPOS.C71148" Name="POSITION" DataType="text"><CodeListItem CodedValue="PRONE"><Decode><TranslatedText xml:lang="en">Prone</TranslatedText></Decode></CodeListItem><CodeListItem CodedValue="SEMI-RECUMBENT"><Decode><TranslatedText xml:lang="en">Semi-recumbent</TranslatedText></Decode></CodeListItem><CodeListItem CodedValue="SITTING"><Decode><TranslatedText xml:lang="en">Sitting</TranslatedText></Decode></CodeListItem><CodeListItem CodedValue="STANDING"><Decode><TranslatedText xml:lang="en">Standing</TranslatedText></Decode></CodeListItem><CodeListItem CodedValue="SUPINE"><Decode><TranslatedText xml:lang="en">Supine</TranslatedText></Decode></CodeListItem></CodeList><CodeList OID="CL.VS_02_HR_DENORMALIZED_9.HR_VSLOC.C74456" Name="LOC" DataType="text"><CodeListItem CodedValue="BRACHIAL ARTERY"><Decode><TranslatedText xml:lang="en">Brachial Artery</TranslatedText></Decode></CodeListItem><CodeListItem CodedValue="FEMORAL ARTERY"><Decode><TranslatedText xml:lang="en">Femoral Artery</TranslatedText></Decode></CodeListItem><CodeListItem CodedValue="PERIPHERAL ARTERY"><Decode><TranslatedText xml:lang="en">Peripheral Artery</TranslatedText></Decode></CodeListItem><CodeListItem CodedValue="RADIAL ARTERY"><Decode><TranslatedText xml:lang="en">Radial Artery</TranslatedText></Decode></CodeListItem></CodeList><CodeList OID="CL.VS_02_HR_DENORMALIZED_9.HR_VSLAT.C99073" Name="LAT" DataType="text"><CodeListItem CodedValue="LEFT"><Decode><TranslatedText xml:lang="en">Left</TranslatedText></Decode></CodeListItem><CodeListItem CodedValue="RIGHT"><Decode><TranslatedText xml:lang="en">Right</TranslatedText></Decode></CodeListItem></CodeList><CodeList OID="CL.VS_02_HR_DENORMALIZED_9.HR_VSORRESU.C66770" Name="VSRESU" DataType="text"><EnumeratedItem CodedValue="beats/min" /></CodeList></MetaDataVersion></Study></ODM>