{"FileOID": "ODM.CDASH.POC", "Granularity": "Metadata", "CreationDateTime": "2025-11-13T21:50:05.338600+00:00", "ODMVersion": "1.3.2", "FileType": "Snapshot", "Originator": "Lex Jansen", "SourceSystem": "odmlib", "SourceSystemVersion": "0.1", "Study": [{"OID": "ODM.CDASH.STUDY", "GlobalVariables": {"StudyName": {"_content": "Subject Characteristics Education LZZT"}, "StudyDescription": {"_content": "Subject Characteristics Education LZZT"}, "ProtocolName": {"_content": "Subject Characteristics Education LZZT"}}, "BasicDefinitions": {"MeasurementUnit": [{"OID": "mu.YEARS", "Name": "YEARS", "Symbol": {"TranslatedText": [{"_content": "YEARS"}]}}]}, "MetaDataVersion": [{"OID": "ODM.CDASH.STUDY.MDV", "Name": "Subject Characteristics Education LZZT", "Description": "Subject Characteristics Education LZZT", "ItemGroupDef": [{"OID": "FORM.SC_LZZT", "Name": "Subject Characteristics Education LZZT", "Repeating": "No", "Description": {"TranslatedText": [{"_content": "Subject Characteristics Education LZZT", "lang": "en"}]}, "ItemGroupRef": [{"ItemGroupOID": "IG.EDUCATION_LZZT_1", "OrderNumber": 1, "Mandatory": "Yes"}], "Alias": [{"Context": "formAnnotation", "Name": "DOMAIN = SC"}]}, {"OID": "IG.EDUCATION_LZZT_1", "Name": "EDUCATION", "Repeating": "No", "ItemRef": [{"ItemOID": "IT.EDUCATION_LZZT_1_EDULEVEL_DENORMALIZED_1.EDULEVEL_SCCAT", "OrderNumber": 1, "Mandatory": "No"}, {"ItemOID": "IT.EDUCATION_LZZT_1_EDULEVEL_DENORMALIZED_1.EDULEVEL_SCORRES", "OrderNumber": 2, "Mandatory": "No"}, {"ItemOID": "IT.EDUCATION_LZZT_1_EDUYRNUM_DENORMALIZED_2.EDUYRNUM_SCCAT", "OrderNumber": 3, "Mandatory": "No"}, {"ItemOID": "IT.EDUCATION_LZZT_1_EDUYRNUM_DENORMALIZED_2.EDUYRNUM_SCORRES", "OrderNumber": 4, "Mandatory": "No"}, {"ItemOID": "IT.EDUCATION_LZZT_1_EDUYRNUM_DENORMALIZED_2.EDUYRNUM_SCORRESU", "OrderNumber": 5, "Mandatory": "No"}], "Alias": []}], "ItemDef": [{"OID": "IT.EDUCATION_LZZT_1_EDULEVEL_DENORMALIZED_1.EDULEVEL_SCCAT", "Name": "EDULEVEL_SCCAT", "DataType": "text", "Length": 100, "Description": {"TranslatedText": [{"_content": "SCCAT", "lang": "en"}]}, "Alias": [{"Context": "prompt", "Name": "Subject Characteristics Category"}, {"Context": "SDTM", "Name": "SCCAT = EDUCATION"}, {"Context": "CDASH", "Name": "EDULEVEL_SCCAT"}]}, {"OID": "IT.EDUCATION_LZZT_1_EDULEVEL_DENORMALIZED_1.EDULEVEL_SCORRES", "Name": "EDULEVEL_SCORRES", "DataType": "text", "Length": 100, "Description": {"TranslatedText": [{"_content": "SCORRES", "lang": "en"}]}, "MeasurementUnitRef": [{"MeasurementUnitOID": "mu.nan"}], "Alias": [{"Context": "prompt", "Name": "Level of Education Attained"}, {"Context": "SDTM", "Name": "SCORRES when SCTESTCD = EDULEVEL"}, {"Context": "CDASH", "Name": "EDULEVEL_SCORRES"}]}, {"OID": "IT.EDUCATION_LZZT_1_EDUYRNUM_DENORMALIZED_2.EDUYRNUM_SCCAT", "Name": "EDUYRNUM_SCCAT", "DataType": "text", "Length": 100, "Description": {"TranslatedText": [{"_content": "SCCAT", "lang": "en"}]}, "Alias": [{"Context": "prompt", "Name": "Subject Characteristics Category"}, {"Context": "SDTM", "Name": "SCCAT = EDUCATION"}, {"Context": "CDASH", "Name": "EDUYRNUM_SCCAT"}]}, {"OID": "IT.EDUCATION_LZZT_1_EDUYRNUM_DENORMALIZED_2.EDUYRNUM_SCORRES", "Name": "EDUYRNUM_SCORRES", "DataType": "float", "Length": 4, "SignificantDigits": 1, "Description": {"TranslatedText": [{"_content": "SCORRES", "lang": "en"}]}, "MeasurementUnitRef": [{"MeasurementUnitOID": "mu.YEARS"}], "Alias": [{"Context": "prompt", "Name": "Number of Years of Education"}, {"Context": "SDTM", "Name": "SCORRES when SCTESTCD = EDUYRNUM"}, {"Context": "CDASH", "Name": "EDUYRNUM_SCORRES"}]}, {"OID": "IT.EDUCATION_LZZT_1_EDUYRNUM_DENORMALIZED_2.EDUYRNUM_SCORRESU", "Name": "EDUYRNUM_SCORRESU", "DataType": "text", "Length": 50, "Description": {"TranslatedText": [{"_content": "SCORRESU", "lang": "en"}]}, "CodeListRef": {"CodeListOID": "CL.EDUCATION_LZZT_EDUYRNUM_DENORMALIZED_2.EDUYRNUM_SCORRESU.C71620"}, "Alias": [{"Context": "prompt", "Name": "Unit"}, {"Context": "SDTM", "Name": "SCORRESU when SCTESTCD = EDUYRNUM"}, {"Context": "CDASH", "Name": "EDUYRNUM_SCORRESU"}]}], "CodeList": [{"OID": "CL.EDUCATION_LZZT_EDUYRNUM_DENORMALIZED_2.EDUYRNUM_SCORRESU.C71620", "Name": "UNIT", "DataType": "text", "EnumeratedItem": [{"CodedValue": "YEARS"}]}]}]}]}