{"FileOID": "ODM.CDASH.POC", "Granularity": "Metadata", "CreationDateTime": "2025-09-23T13:27:39.731520+00:00", "ODMVersion": "2.0", "FileType": "Snapshot", "Originator": "Lex Jansen", "SourceSystem": "odmlib", "SourceSystemVersion": "0.1", "Study": [{"OID": "ODM.CDASH.STUDY", "StudyName": "CDISC360i CDASH POC Study", "Description": {"TranslatedText": [{"_content": "CDISC360i CDASH POC Study", "Type": "text/plain", "lang": "en"}]}, "ProtocolName": "CDISC360i CDASH POC Study protocol", "MetaDataVersion": [{"OID": "ODM.CDASH.STUDY.MDV", "Name": "CDISC360i CDASH POC Study Metadata Version", "Description": {"TranslatedText": [{"_content": "CDISC360i CDASH ODM 2.0 metadata version", "Type": "text/plain", "lang": "en"}]}, "ItemGroupDef": [{"OID": "IG_FORM.SC_LZZT", "Name": "Subject Characteristics Education LZZT", "Repeating": "No", "Type": "Form", "Description": {"TranslatedText": [{"_content": "Subject Characteristics Education LZZT", "Type": "text/plain", "lang": "en"}]}, "ItemGroupRef": [{"ItemGroupOID": "IG.EDUCATION_LZZT_1", "OrderNumber": 1, "Mandatory": "Yes"}], "Alias": [{"Context": "formAnnotation", "Name": "DOMAIN = SC"}]}, {"OID": "IG.EDUCATION_LZZT_1", "Name": "EDUCATION", "Repeating": "No", "Type": "Section", "Description": {"TranslatedText": [{"_content": "EDUCATION", "Type": "text/plain", "lang": "en"}]}, "ItemGroupRef": [{"ItemGroupOID": "IG.EDUCATION_LZZT_1_EDULEVEL_DENORMALIZED_1", "OrderNumber": 1, "Mandatory": "Yes"}, {"ItemGroupOID": "IG.EDUCATION_LZZT_1_EDUYRNUM_DENORMALIZED_2", "OrderNumber": 2, "Mandatory": "Yes"}], "Alias": []}, {"OID": "IG.EDUCATION_LZZT_1_EDULEVEL_DENORMALIZED_1", "Name": "Education Level (Denormalized)", "Repeating": "No", "Type": "Concept", "Description": {"TranslatedText": [{"_content": "Education Level (Denormalized)", "Type": "text/plain", "lang": "en"}]}, "ItemRef": [{"ItemOID": "IT.EDUCATION_LZZT_1_EDULEVEL_DENORMALIZED_1.EDULEVEL_SCCAT", "OrderNumber": 1, "Mandatory": "No", "PreSpecifiedValue": "EDUCATION"}, {"ItemOID": "IT.EDUCATION_LZZT_1_EDULEVEL_DENORMALIZED_1.EDULEVEL_SCORRES", "OrderNumber": 2, "Mandatory": "No"}], "Coding": [{"System": "/mdr/bc/biomedicalconcepts/C17953", "Code": "C17953", "SystemName": "CDISC Biomedical Concept"}, {"System": "/mdr/specializations/sdtm/datasetspecializations/EDULEVEL", "Code": "EDULEVEL", "SystemName": "CDISC SDTM Dataset Specialization"}]}, {"OID": "IG.EDUCATION_LZZT_1_EDUYRNUM_DENORMALIZED_2", "Name": "Number of Years of Education (Denormalized)", "Repeating": "No", "Type": "Concept", "Description": {"TranslatedText": [{"_content": "Number of Years of Education (Denormalized)", "Type": "text/plain", "lang": "en"}]}, "ItemRef": [{"ItemOID": "IT.EDUCATION_LZZT_1_EDUYRNUM_DENORMALIZED_2.EDUYRNUM_SCCAT", "OrderNumber": 1, "Mandatory": "No", "PreSpecifiedValue": "EDUCATION"}, {"ItemOID": "IT.EDUCATION_LZZT_1_EDUYRNUM_DENORMALIZED_2.EDUYRNUM_SCORRES", "OrderNumber": 2, "Mandatory": "No"}, {"ItemOID": "IT.EDUCATION_LZZT_1_EDUYRNUM_DENORMALIZED_2.EDUYRNUM_SCORRESU", "OrderNumber": 3, "Mandatory": "No", "PreSpecifiedValue": "YEARS"}], "Coding": [{"System": "/mdr/bc/biomedicalconcepts/C122393", "Code": "C122393", "SystemName": "CDISC Biomedical Concept"}, {"System": "/mdr/specializations/sdtm/datasetspecializations/EDUYRNUM", "Code": "EDUYRNUM", "SystemName": "CDISC SDTM Dataset Specialization"}]}], "ItemDef": [{"OID": "IT.EDUCATION_LZZT_1_EDULEVEL_DENORMALIZED_1.EDULEVEL_SCCAT", "Name": "EDULEVEL_SCCAT", "DataType": "text", "Length": 100, "Prompt": {"TranslatedText": [{"_content": "Subject Characteristics Category", "Type": "text/plain", "lang": "en"}]}, "Alias": [{"Context": "SDTM", "Name": "SCCAT = EDUCATION"}, {"Context": "CDASH", "Name": "EDULEVEL_SCCAT"}]}, {"OID": "IT.EDUCATION_LZZT_1_EDULEVEL_DENORMALIZED_1.EDULEVEL_SCORRES", "Name": "EDULEVEL_SCORRES", "DataType": "text", "Length": 100, "Prompt": {"TranslatedText": [{"_content": "Level of Education Attained", "Type": "text/plain", "lang": "en"}]}, "Alias": [{"Context": "SDTM", "Name": "SCORRES when SCTESTCD = EDULEVEL"}, {"Context": "CDASH", "Name": "EDULEVEL_SCORRES"}]}, {"OID": "IT.EDUCATION_LZZT_1_EDUYRNUM_DENORMALIZED_2.EDUYRNUM_SCCAT", "Name": "EDUYRNUM_SCCAT", "DataType": "text", "Length": 100, "Prompt": {"TranslatedText": [{"_content": "Subject Characteristics Category", "Type": "text/plain", "lang": "en"}]}, "Alias": [{"Context": "SDTM", "Name": "SCCAT = EDUCATION"}, {"Context": "CDASH", "Name": "EDUYRNUM_SCCAT"}]}, {"OID": "IT.EDUCATION_LZZT_1_EDUYRNUM_DENORMALIZED_2.EDUYRNUM_SCORRES", "Name": "EDUYRNUM_SCORRES", "DataType": "decimal", "Length": 4, "Prompt": {"TranslatedText": [{"_content": "Number of Years of Education", "Type": "text/plain", "lang": "en"}]}, "Alias": [{"Context": "SDTM", "Name": "SCORRES when SCTESTCD = EDUYRNUM"}, {"Context": "CDASH", "Name": "EDUYRNUM_SCORRES"}]}, {"OID": "IT.EDUCATION_LZZT_1_EDUYRNUM_DENORMALIZED_2.EDUYRNUM_SCORRESU", "Name": "EDUYRNUM_SCORRESU", "DataType": "text", "Length": 50, "Prompt": {"TranslatedText": [{"_content": "Unit", "Type": "text/plain", "lang": "en"}]}, "CodeListRef": {"CodeListOID": "CL.EDUCATION_LZZT_EDUYRNUM_DENORMALIZED_2.EDUYRNUM_SCORRESU.C71620"}, "Alias": [{"Context": "SDTM", "Name": "SCORRESU when SCTESTCD = EDUYRNUM"}, {"Context": "CDASH", "Name": "EDUYRNUM_SCORRESU"}]}], "CodeList": [{"OID": "CL.EDUCATION_LZZT_EDUYRNUM_DENORMALIZED_2.EDUYRNUM_SCORRESU.C71620", "Name": "UNIT", "DataType": "text", "CodeListItem": [{"CodedValue": "YEARS", "Coding": [{"System": "https://www.cdisc.org/standards/terminology", "Code": "C29848", "SystemName": "CDISC/NCI CT"}]}], "Coding": [{"System": "https://www.cdisc.org/standards/terminology", "Code": "C71620", "SystemName": "CDISC/NCI CT"}]}]}]}]}