<?xml version='1.0' encoding='utf-8'?>
<ODM FileOID="ODM.CDASH.POC" Granularity="Metadata" CreationDateTime="2025-09-24T20:33:59.241634+00:00" ODMVersion="1.3.2" FileType="Snapshot" Originator="Lex Jansen" SourceSystem="odmlib" SourceSystemVersion="0.1" xmlns="http://www.cdisc.org/ns/odm/v1.3" xmlns:xs="http://www.w3.org/2001/XMLSchema-instance" xmlns:xml="http://www.w3.org/XML/1998/namespace" xmlns:xlink="http://www.w3.org/1999/xlink"><Study OID="ODM.CDASH.STUDY"><GlobalVariables><StudyName>Subject Characteristics Education LZZT</StudyName><StudyDescription>Subject Characteristics Education LZZT</StudyDescription><ProtocolName>Subject Characteristics Education LZZT</ProtocolName></GlobalVariables><BasicDefinitions><MeasurementUnit OID="mu.YEARS" Name="YEARS"><Symbol><TranslatedText>YEARS</TranslatedText></Symbol></MeasurementUnit></BasicDefinitions><MetaDataVersion OID="ODM.CDASH.STUDY.MDV" Name="Subject Characteristics Education LZZT" Description="Subject Characteristics Education LZZT"><FormDef OID="FORM.SC_LZZT" Name="Subject Characteristics Education LZZT" Repeating="No"><Description><TranslatedText xml:lang="en">Subject Characteristics Education LZZT</TranslatedText></Description><ItemGroupRef ItemGroupOID="IG.EDUCATION_LZZT_1" OrderNumber="1" Mandatory="Yes" /><Alias Context="formAnnotation" Name="DOMAIN = SC" /></FormDef><ItemGroupDef OID="IG.EDUCATION_LZZT_1" Name="EDUCATION" Repeating="No"><ItemRef ItemOID="IT.EDUCATION_LZZT_1_EDULEVEL_DENORMALIZED_1.EDULEVEL_SCCAT" OrderNumber="1" Mandatory="No" /><ItemRef ItemOID="IT.EDUCATION_LZZT_1_EDULEVEL_DENORMALIZED_1.EDULEVEL_SCORRES" OrderNumber="2" Mandatory="No" /><ItemRef ItemOID="IT.EDUCATION_LZZT_1_EDUYRNUM_DENORMALIZED_2.EDUYRNUM_SCCAT" OrderNumber="3" Mandatory="No" /><ItemRef ItemOID="IT.EDUCATION_LZZT_1_EDUYRNUM_DENORMALIZED_2.EDUYRNUM_SCORRES" OrderNumber="4" Mandatory="No" /><ItemRef ItemOID="IT.EDUCATION_LZZT_1_EDUYRNUM_DENORMALIZED_2.EDUYRNUM_SCORRESU" OrderNumber="5" Mandatory="No" /></ItemGroupDef><ItemDef OID="IT.EDUCATION_LZZT_1_EDULEVEL_DENORMALIZED_1.EDULEVEL_SCCAT" Name="EDULEVEL_SCCAT" DataType="text" Length="100"><Description><TranslatedText xml:lang="en">SCCAT</TranslatedText></Description><Alias Context="prompt" Name="Subject Characteristics Category" /><Alias Context="SDTM" Name="SCCAT = EDUCATION" /><Alias Context="CDASH" Name="EDULEVEL_SCCAT" /></ItemDef><ItemDef OID="IT.EDUCATION_LZZT_1_EDULEVEL_DENORMALIZED_1.EDULEVEL_SCORRES" Name="EDULEVEL_SCORRES" DataType="text" Length="100"><Description><TranslatedText xml:lang="en">SCORRES</TranslatedText></Description><Alias Context="prompt" Name="Level of Education Attained" /><Alias Context="SDTM" Name="SCORRES when SCTESTCD = EDULEVEL" /><Alias Context="CDASH" Name="EDULEVEL_SCORRES" /></ItemDef><ItemDef OID="IT.EDUCATION_LZZT_1_EDUYRNUM_DENORMALIZED_2.EDUYRNUM_SCCAT" Name="EDUYRNUM_SCCAT" DataType="text" Length="100"><Description><TranslatedText xml:lang="en">SCCAT</TranslatedText></Description><Alias Context="prompt" Name="Subject Characteristics Category" /><Alias Context="SDTM" Name="SCCAT = EDUCATION" /><Alias Context="CDASH" Name="EDUYRNUM_SCCAT" /></ItemDef><ItemDef OID="IT.EDUCATION_LZZT_1_EDUYRNUM_DENORMALIZED_2.EDUYRNUM_SCORRES" Name="EDUYRNUM_SCORRES" DataType="float" Length="4"><Description><TranslatedText xml:lang="en">SCORRES</TranslatedText></Description><Alias Context="prompt" Name="Number of Years of Education" /><Alias Context="SDTM" Name="SCORRES when SCTESTCD = EDUYRNUM" /><Alias Context="CDASH" Name="EDUYRNUM_SCORRES" /></ItemDef><ItemDef OID="IT.EDUCATION_LZZT_1_EDUYRNUM_DENORMALIZED_2.EDUYRNUM_SCORRESU" Name="EDUYRNUM_SCORRESU" DataType="text" Length="50"><Description><TranslatedText xml:lang="en">SCORRESU</TranslatedText></Description><MeasurementUnitRef MeasurementUnitOID="mu.YEARS" /><CodeListRef CodeListOID="CL.EDUCATION_LZZT_EDUYRNUM_DENORMALIZED_2.EDUYRNUM_SCORRESU.C71620" /><Alias Context="prompt" Name="Unit" /><Alias Context="SDTM" Name="SCORRESU when SCTESTCD = EDUYRNUM" /><Alias Context="CDASH" Name="EDUYRNUM_SCORRESU" /></ItemDef><CodeList OID="CL.EDUCATION_LZZT_EDUYRNUM_DENORMALIZED_2.EDUYRNUM_SCORRESU.C71620" Name="UNIT" DataType="text"><EnumeratedItem CodedValue="YEARS" /></CodeList></MetaDataVersion></Study></ODM>