<?xml version='1.0' encoding='utf-8'?>
<ODM FileOID="ODM.CDASH.POC" Granularity="Metadata" CreationDateTime="2025-09-23T13:27:39.731520+00:00" ODMVersion="2.0" FileType="Snapshot" Originator="Lex Jansen" SourceSystem="odmlib" SourceSystemVersion="0.1" xmlns="http://www.cdisc.org/ns/odm/v2.0" xmlns:xs="http://www.w3.org/2001/XMLSchema-instance" xmlns:xml="http://www.w3.org/XML/1998/namespace" xmlns:xlink="http://www.w3.org/1999/xlink"><Study OID="ODM.CDASH.STUDY" StudyName="CDISC360i CDASH POC Study" ProtocolName="CDISC360i CDASH POC Study protocol"><Description><TranslatedText Type="text/plain" xml:lang="en">CDISC360i CDASH POC Study</TranslatedText></Description><MetaDataVersion OID="ODM.CDASH.STUDY.MDV" Name="CDISC360i CDASH POC Study Metadata Version"><Description><TranslatedText Type="text/plain" xml:lang="en">CDISC360i CDASH ODM 2.0 metadata version</TranslatedText></Description><ItemGroupDef OID="IG_FORM.SC_LZZT" Name="Subject Characteristics Education LZZT" Repeating="No" Type="Form"><Description><TranslatedText Type="text/plain" xml:lang="en">Subject Characteristics Education LZZT</TranslatedText></Description><ItemGroupRef ItemGroupOID="IG.EDUCATION_LZZT_1" OrderNumber="1" Mandatory="Yes" /><Alias Context="formAnnotation" Name="DOMAIN = SC" /></ItemGroupDef><ItemGroupDef OID="IG.EDUCATION_LZZT_1" Name="EDUCATION" Repeating="No" Type="Section"><Description><TranslatedText Type="text/plain" xml:lang="en">EDUCATION</TranslatedText></Description><ItemGroupRef ItemGroupOID="IG.EDUCATION_LZZT_1_EDULEVEL_DENORMALIZED_1" OrderNumber="1" Mandatory="Yes" /><ItemGroupRef ItemGroupOID="IG.EDUCATION_LZZT_1_EDUYRNUM_DENORMALIZED_2" OrderNumber="2" Mandatory="Yes" /></ItemGroupDef><ItemGroupDef OID="IG.EDUCATION_LZZT_1_EDULEVEL_DENORMALIZED_1" Name="Education Level (Denormalized)" Repeating="No" Type="Concept"><Description><TranslatedText Type="text/plain" xml:lang="en">Education Level (Denormalized)</TranslatedText></Description><ItemRef ItemOID="IT.EDUCATION_LZZT_1_EDULEVEL_DENORMALIZED_1.EDULEVEL_SCCAT" OrderNumber="1" Mandatory="No" PreSpecifiedValue="EDUCATION" /><ItemRef ItemOID="IT.EDUCATION_LZZT_1_EDULEVEL_DENORMALIZED_1.EDULEVEL_SCORRES" OrderNumber="2" Mandatory="No" /><Coding System="/mdr/bc/biomedicalconcepts/C17953" Code="C17953" SystemName="CDISC Biomedical Concept" /><Coding System="/mdr/specializations/sdtm/datasetspecializations/EDULEVEL" Code="EDULEVEL" SystemName="CDISC SDTM Dataset Specialization" /></ItemGroupDef><ItemGroupDef OID="IG.EDUCATION_LZZT_1_EDUYRNUM_DENORMALIZED_2" Name="Number of Years of Education (Denormalized)" Repeating="No" Type="Concept"><Description><TranslatedText Type="text/plain" xml:lang="en">Number of Years of Education (Denormalized)</TranslatedText></Description><ItemRef ItemOID="IT.EDUCATION_LZZT_1_EDUYRNUM_DENORMALIZED_2.EDUYRNUM_SCCAT" OrderNumber="1" Mandatory="No" PreSpecifiedValue="EDUCATION" /><ItemRef ItemOID="IT.EDUCATION_LZZT_1_EDUYRNUM_DENORMALIZED_2.EDUYRNUM_SCORRES" OrderNumber="2" Mandatory="No" /><ItemRef ItemOID="IT.EDUCATION_LZZT_1_EDUYRNUM_DENORMALIZED_2.EDUYRNUM_SCORRESU" OrderNumber="3" Mandatory="No" PreSpecifiedValue="YEARS" /><Coding System="/mdr/bc/biomedicalconcepts/C122393" Code="C122393" SystemName="CDISC Biomedical Concept" /><Coding System="/mdr/specializations/sdtm/datasetspecializations/EDUYRNUM" Code="EDUYRNUM" SystemName="CDISC SDTM Dataset Specialization" /></ItemGroupDef><ItemDef OID="IT.EDUCATION_LZZT_1_EDULEVEL_DENORMALIZED_1.EDULEVEL_SCCAT" Name="EDULEVEL_SCCAT" DataType="text" Length="100"><Prompt><TranslatedText Type="text/plain" xml:lang="en">Subject Characteristics Category</TranslatedText></Prompt><Alias Context="SDTM" Name="SCCAT = EDUCATION" /><Alias Context="CDASH" Name="EDULEVEL_SCCAT" /></ItemDef><ItemDef OID="IT.EDUCATION_LZZT_1_EDULEVEL_DENORMALIZED_1.EDULEVEL_SCORRES" Name="EDULEVEL_SCORRES" DataType="text" Length="100"><Prompt><TranslatedText Type="text/plain" xml:lang="en">Level of Education Attained</TranslatedText></Prompt><Alias Context="SDTM" Name="SCORRES when SCTESTCD = EDULEVEL" /><Alias Context="CDASH" Name="EDULEVEL_SCORRES" /></ItemDef><ItemDef OID="IT.EDUCATION_LZZT_1_EDUYRNUM_DENORMALIZED_2.EDUYRNUM_SCCAT" Name="EDUYRNUM_SCCAT" DataType="text" Length="100"><Prompt><TranslatedText Type="text/plain" xml:lang="en">Subject Characteristics Category</TranslatedText></Prompt><Alias Context="SDTM" Name="SCCAT = EDUCATION" /><Alias Context="CDASH" Name="EDUYRNUM_SCCAT" /></ItemDef><ItemDef OID="IT.EDUCATION_LZZT_1_EDUYRNUM_DENORMALIZED_2.EDUYRNUM_SCORRES" Name="EDUYRNUM_SCORRES" DataType="decimal" Length="4"><Prompt><TranslatedText Type="text/plain" xml:lang="en">Number of Years of Education</TranslatedText></Prompt><Alias Context="SDTM" Name="SCORRES when SCTESTCD = EDUYRNUM" /><Alias Context="CDASH" Name="EDUYRNUM_SCORRES" /></ItemDef><ItemDef OID="IT.EDUCATION_LZZT_1_EDUYRNUM_DENORMALIZED_2.EDUYRNUM_SCORRESU" Name="EDUYRNUM_SCORRESU" DataType="text" Length="50"><Prompt><TranslatedText Type="text/plain" xml:lang="en">Unit</TranslatedText></Prompt><CodeListRef CodeListOID="CL.EDUCATION_LZZT_EDUYRNUM_DENORMALIZED_2.EDUYRNUM_SCORRESU.C71620" /><Alias Context="SDTM" Name="SCORRESU when SCTESTCD = EDUYRNUM" /><Alias Context="CDASH" Name="EDUYRNUM_SCORRESU" /></ItemDef><CodeList OID="CL.EDUCATION_LZZT_EDUYRNUM_DENORMALIZED_2.EDUYRNUM_SCORRESU.C71620" Name="UNIT" DataType="text"><CodeListItem CodedValue="YEARS"><Coding System="https://www.cdisc.org/standards/terminology" Code="C29848" SystemName="CDISC/NCI CT" /></CodeListItem><Coding System="https://www.cdisc.org/standards/terminology" Code="C71620" SystemName="CDISC/NCI CT" /></CodeList></MetaDataVersion></Study></ODM>