{"FileOID": "ODM.CDASH.POC", "Granularity": "Metadata", "CreationDateTime": "2025-11-26T20:26:50.784133+00:00", "ODMVersion": "2.0", "FileType": "Snapshot", "Originator": "Lex Jansen", "SourceSystem": "odmlib", "SourceSystemVersion": "0.1", "Study": [{"OID": "ODM.CDASH.STUDY", "StudyName": "Demographics LZZT", "Description": {"TranslatedText": [{"_content": "Demographics LZZT", "Type": "text/plain", "lang": "en"}]}, "ProtocolName": "Demographics LZZT", "MetaDataVersion": [{"OID": "ODM.CDASH.STUDY.MDV", "Name": "Demographics LZZT", "Description": {"TranslatedText": [{"_content": "Demographics LZZT", "Type": "text/plain", "lang": "en"}]}, "ItemGroupDef": [{"OID": "IG_FORM.DEMOG_LZZT", "Name": "Demographics LZZT", "Repeating": "No", "Type": "Form", "Description": {"TranslatedText": [{"_content": "Demographics LZZT", "Type": "text/plain", "lang": "en"}]}, "ItemGroupRef": [{"ItemGroupOID": "IG.DEMOG_LZZT_1", "OrderNumber": 1, "Mandatory": "Yes"}], "Alias": [{"Context": "formAnnotation", "Name": "DOMAIN = DM"}]}, {"OID": "IG.DEMOG_LZZT_1", "Name": "DEMOGRAPHICS", "Repeating": "No", "Type": "Section", "Description": {"TranslatedText": [{"_content": "DEMOGRAPHICS", "Type": "text/plain", "lang": "en"}]}, "ItemGroupRef": [{"ItemGroupOID": "IG.DEMOG_LZZT_1_BRTHDTC_SHORT_1", "OrderNumber": 1, "Mandatory": "Yes"}, {"ItemGroupOID": "IG.DEMOG_LZZT_1_SEX_MF_2", "OrderNumber": 2, "Mandatory": "Yes"}, {"ItemGroupOID": "IG.DEMOG_LZZT_1_RACE_3", "OrderNumber": 3, "Mandatory": "Yes"}], "Alias": []}, {"OID": "IG.DEMOG_LZZT_1_BRTHDTC_SHORT_1", "Name": "Date of Birth", "Repeating": "No", "Type": "Concept", "Description": {"TranslatedText": [{"_content": "Date of Birth", "Type": "text/plain", "lang": "en"}]}, "ItemRef": [{"ItemOID": "IT.DEMOG_LZZT_1_BRTHDTC_SHORT_1.BRTHDAT", "OrderNumber": 1, "Mandatory": "Yes"}], "Coding": [{"System": "/mdr/bc/biomedicalconcepts/C83217", "Code": "C83217", "SystemName": "CDISC Biomedical Concept"}, {"System": "/mdr/specializations/sdtm/datasetspecializations/BRTHDTC", "Code": "BRTHDTC", "SystemName": "CDISC SDTM Dataset Specialization"}]}, {"OID": "IG.DEMOG_LZZT_1_SEX_MF_2", "Name": "SEX", "Repeating": "No", "Type": "Concept", "Description": {"TranslatedText": [{"_content": "SEX", "Type": "text/plain", "lang": "en"}]}, "ItemRef": [{"ItemOID": "IT.DEMOG_LZZT_1_SEX_MF_2.SEX", "OrderNumber": 1, "Mandatory": "Yes"}], "Coding": [{"System": "/mdr/bc/biomedicalconcepts/C28421", "Code": "C28421", "SystemName": "CDISC Biomedical Concept"}, {"System": "/mdr/specializations/sdtm/datasetspecializations/SEX", "Code": "SEX", "SystemName": "CDISC SDTM Dataset Specialization"}]}, {"OID": "IG.DEMOG_LZZT_1_RACE_3", "Name": "RACE", "Repeating": "No", "Type": "Concept", "Description": {"TranslatedText": [{"_content": "RACE", "Type": "text/plain", "lang": "en"}]}, "ItemRef": [{"ItemOID": "IT.DEMOG_LZZT_1_RACE_3.DMDAT", "OrderNumber": 1, "Mandatory": "No"}, {"ItemOID": "IT.DEMOG_LZZT_1_RACE_3.RACE", "OrderNumber": 2, "Mandatory": "Yes"}, {"ItemOID": "IT.DEMOG_LZZT_1_RACE_3.RACEOTH", "OrderNumber": 3, "Mandatory": "Yes"}], "Coding": [{"System": "/mdr/bc/biomedicalconcepts/C17049", "Code": "C17049", "SystemName": "CDISC Biomedical Concept"}, {"System": "/mdr/specializations/sdtm/datasetspecializations/RACE", "Code": "RACE", "SystemName": "CDISC SDTM Dataset Specialization"}]}], "ItemDef": [{"OID": "IT.DEMOG_LZZT_1_BRTHDTC_SHORT_1.BRTHDAT", "Name": "BRTHDAT", "DataType": "date", "Length": 10, "Question": {"TranslatedText": [{"_content": "What is the subject's date of birth?", "Type": "text/plain", "lang": "en"}]}, "Alias": [{"Context": "SDTM", "Name": "BRTHDTC"}, {"Context": "CDASH", "Name": "BRTHDAT"}]}, {"OID": "IT.DEMOG_LZZT_1_SEX_MF_2.SEX", "Name": "SEX", "DataType": "text", "Length": 100, "Prompt": {"TranslatedText": [{"_content": "Sex", "Type": "text/plain", "lang": "en"}]}, "CodeListRef": {"CodeListOID": "CL.DEMOG_LZZT_SEX_MF_2.SEX.C66731"}, "Alias": [{"Context": "SDTM", "Name": "SEX"}, {"Context": "CDASH", "Name": "SEX"}]}, {"OID": "IT.DEMOG_LZZT_1_RACE_3.DMDAT", "Name": "DMDAT", "DataType": "date", "Length": 10, "Prompt": {"TranslatedText": [{"_content": "Collection Date", "Type": "text/plain", "lang": "en"}]}, "Alias": [{"Context": "SDTM", "Name": "DMDTC"}, {"Context": "CDASH", "Name": "DMDAT"}]}, {"OID": "IT.DEMOG_LZZT_1_RACE_3.RACE", "Name": "RACE", "DataType": "text", "Length": 100, "Question": {"TranslatedText": [{"_content": "Which of the following five racial designations best describes you?", "Type": "text/plain", "lang": "en"}]}, "CodeListRef": {"CodeListOID": "CL.DEMOG_LZZT_RACE_3.RACE.C74457"}, "Alias": [{"Context": "SDTM", "Name": "RACE"}, {"Context": "CDASH", "Name": "RACE"}]}, {"OID": "IT.DEMOG_LZZT_1_RACE_3.RACEOTH", "Name": "RACEOTH", "DataType": "text", "Length": 200, "Prompt": {"TranslatedText": [{"_content": "Specify Other Race", "Type": "text/plain", "lang": "en"}]}, "Alias": [{"Context": "SDTM", "Name": "RACEOTH in SUPPDM"}, {"Context": "CDASH", "Name": "RACEOTH"}]}], "CodeList": [{"OID": "CL.DEMOG_LZZT_SEX_MF_2.SEX.C66731", "Name": "SEX", "DataType": "text", "CodeListItem": [{"CodedValue": "F", "Decode": {"TranslatedText": [{"_content": "Female", "Type": "text/plain", "lang": "en"}]}}, {"CodedValue": "M", "Decode": {"TranslatedText": [{"_content": "Male", "Type": "text/plain", "lang": "en"}]}}], "Coding": [{"System": "https://www.cdisc.org/standards/terminology", "Code": "C66731", "SystemName": "CDISC/NCI CT"}]}, {"OID": "CL.DEMOG_LZZT_RACE_3.RACE.C74457", "Name": "RACE", "DataType": "text", "CodeListItem": [{"CodedValue": "AMERICAN INDIAN OR ALASKA NATIVE", "Decode": {"TranslatedText": [{"_content": "American Indian Or Alaska Native", "Type": "text/plain", "lang": "en"}]}}, {"CodedValue": "ASIAN", "Decode": {"TranslatedText": [{"_content": "Asian", "Type": "text/plain", "lang": "en"}]}}, {"CodedValue": "BLACK OR AFRICAN AMERICAN", "Decode": {"TranslatedText": [{"_content": "Black Or African American", "Type": "text/plain", "lang": "en"}]}}, {"CodedValue": "NATIVE HAWAIIAN OR OTHER PACIFIC ISLANDER", "Decode": {"TranslatedText": [{"_content": "Native Hawaiian Or Other Pacific Islander", "Type": "text/plain", "lang": "en"}]}}, {"CodedValue": "NOT REPORTED", "Decode": {"TranslatedText": [{"_content": "Not Reported", "Type": "text/plain", "lang": "en"}]}}, {"CodedValue": "OTHER", "Decode": {"TranslatedText": [{"_content": "Other", "Type": "text/plain", "lang": "en"}]}}, {"CodedValue": "UNKNOWN", "Decode": {"TranslatedText": [{"_content": "Unknown", "Type": "text/plain", "lang": "en"}]}}, {"CodedValue": "WHITE", "Decode": {"TranslatedText": [{"_content": "White", "Type": "text/plain", "lang": "en"}]}}], "Coding": [{"System": "https://www.cdisc.org/standards/terminology", "Code": "C74457", "SystemName": "CDISC/NCI CT"}]}]}]}]}