<?xml version='1.0' encoding='utf-8'?>
<ODM FileOID="ODM.CDASH.POC" Granularity="Metadata" CreationDateTime="2025-09-23T13:27:42.432670+00:00" ODMVersion="2.0" FileType="Snapshot" Originator="Lex Jansen" SourceSystem="odmlib" SourceSystemVersion="0.1" xmlns="http://www.cdisc.org/ns/odm/v2.0" xmlns:xs="http://www.w3.org/2001/XMLSchema-instance" xmlns:xml="http://www.w3.org/XML/1998/namespace" xmlns:xlink="http://www.w3.org/1999/xlink"><Study OID="ODM.CDASH.STUDY" StudyName="CDISC360i CDASH POC Study" ProtocolName="CDISC360i CDASH POC Study protocol"><Description><TranslatedText Type="text/plain" xml:lang="en">CDISC360i CDASH POC Study</TranslatedText></Description><MetaDataVersion OID="ODM.CDASH.STUDY.MDV" Name="CDISC360i CDASH POC Study Metadata Version"><Description><TranslatedText Type="text/plain" xml:lang="en">CDISC360i CDASH ODM 2.0 metadata version</TranslatedText></Description><ItemGroupDef OID="IG_FORM.DEMOG_LZZT" Name="Demographics LZZT" Repeating="No" Type="Form"><Description><TranslatedText Type="text/plain" xml:lang="en">Demographics LZZT</TranslatedText></Description><ItemGroupRef ItemGroupOID="IG.DEMOG_LZZT_1" OrderNumber="1" Mandatory="Yes" /><Alias Context="formAnnotation" Name="DOMAIN = DM" /></ItemGroupDef><ItemGroupDef OID="IG.DEMOG_LZZT_1" Name="DEMOGRAPHICS" Repeating="No" Type="Section"><Description><TranslatedText Type="text/plain" xml:lang="en">DEMOGRAPHICS</TranslatedText></Description><ItemGroupRef ItemGroupOID="IG.DEMOG_LZZT_1_BRTHDTC_SHORT_1" OrderNumber="1" Mandatory="Yes" /><ItemGroupRef ItemGroupOID="IG.DEMOG_LZZT_1_SEX_MF_2" OrderNumber="2" Mandatory="Yes" /><ItemGroupRef ItemGroupOID="IG.DEMOG_LZZT_1_RACE_3" OrderNumber="3" Mandatory="Yes" /></ItemGroupDef><ItemGroupDef OID="IG.DEMOG_LZZT_1_BRTHDTC_SHORT_1" Name="Date of Birth" Repeating="No" Type="Concept"><Description><TranslatedText Type="text/plain" xml:lang="en">Date of Birth</TranslatedText></Description><ItemRef ItemOID="IT.DEMOG_LZZT_1_BRTHDTC_SHORT_1.BRTHDAT" OrderNumber="1" Mandatory="Yes" /><Coding System="/mdr/bc/biomedicalconcepts/C83217" Code="C83217" SystemName="CDISC Biomedical Concept" /><Coding System="/mdr/specializations/sdtm/datasetspecializations/BRTHDTC" Code="BRTHDTC" SystemName="CDISC SDTM Dataset Specialization" /></ItemGroupDef><ItemGroupDef OID="IG.DEMOG_LZZT_1_SEX_MF_2" Name="SEX" Repeating="No" Type="Concept"><Description><TranslatedText Type="text/plain" xml:lang="en">SEX</TranslatedText></Description><ItemRef ItemOID="IT.DEMOG_LZZT_1_SEX_MF_2.SEX" OrderNumber="1" Mandatory="Yes" /><Coding System="/mdr/bc/biomedicalconcepts/C28421" Code="C28421" SystemName="CDISC Biomedical Concept" /><Coding System="/mdr/specializations/sdtm/datasetspecializations/SEX" Code="SEX" SystemName="CDISC SDTM Dataset Specialization" /></ItemGroupDef><ItemGroupDef OID="IG.DEMOG_LZZT_1_RACE_3" Name="RACE" Repeating="No" Type="Concept"><Description><TranslatedText Type="text/plain" xml:lang="en">RACE</TranslatedText></Description><ItemRef ItemOID="IT.DEMOG_LZZT_1_RACE_3.DMDAT" OrderNumber="1" Mandatory="No" /><ItemRef ItemOID="IT.DEMOG_LZZT_1_RACE_3.RACE" OrderNumber="2" Mandatory="Yes" /><ItemRef ItemOID="IT.DEMOG_LZZT_1_RACE_3.RACEOTH" OrderNumber="3" Mandatory="Yes" /><Coding System="/mdr/bc/biomedicalconcepts/C17049" Code="C17049" SystemName="CDISC Biomedical Concept" /><Coding System="/mdr/specializations/sdtm/datasetspecializations/RACE" Code="RACE" SystemName="CDISC SDTM Dataset Specialization" /></ItemGroupDef><ItemDef OID="IT.DEMOG_LZZT_1_BRTHDTC_SHORT_1.BRTHDAT" Name="BRTHDAT" DataType="date" Length="10"><Question><TranslatedText Type="text/plain" xml:lang="en">What is the subject's date of birth?</TranslatedText></Question><Alias Context="SDTM" Name="BRTHDTC" /><Alias Context="CDASH" Name="BRTHDAT" /></ItemDef><ItemDef OID="IT.DEMOG_LZZT_1_SEX_MF_2.SEX" Name="SEX" DataType="text" Length="100"><Prompt><TranslatedText Type="text/plain" xml:lang="en">Sex</TranslatedText></Prompt><CodeListRef CodeListOID="CL.DEMOG_LZZT_SEX_MF_2.SEX.C66731" /><Alias Context="SDTM" Name="SEX" /><Alias Context="CDASH" Name="SEX" /></ItemDef><ItemDef OID="IT.DEMOG_LZZT_1_RACE_3.DMDAT" Name="DMDAT" DataType="date" Length="10"><Prompt><TranslatedText Type="text/plain" xml:lang="en">Collection Date</TranslatedText></Prompt><Alias Context="SDTM" Name="DMDTC" /><Alias Context="CDASH" Name="DMDAT" /></ItemDef><ItemDef OID="IT.DEMOG_LZZT_1_RACE_3.RACE" Name="RACE" DataType="text" Length="100"><Question><TranslatedText Type="text/plain" xml:lang="en">Which of the following five racial designations best describes you?</TranslatedText></Question><CodeListRef CodeListOID="CL.DEMOG_LZZT_RACE_3.RACE.C74457" /><Alias Context="SDTM" Name="RACE" /><Alias Context="CDASH" Name="RACE" /></ItemDef><ItemDef OID="IT.DEMOG_LZZT_1_RACE_3.RACEOTH" Name="RACEOTH" DataType="text" Length="200"><Prompt><TranslatedText Type="text/plain" xml:lang="en">Specify Other Race</TranslatedText></Prompt><Alias Context="SDTM" Name="RACEOTH in SUPPDM" /><Alias Context="CDASH" Name="RACEOTH" /></ItemDef><CodeList OID="CL.DEMOG_LZZT_SEX_MF_2.SEX.C66731" Name="SEX" DataType="text"><CodeListItem CodedValue="F"><Decode><TranslatedText Type="text/plain" xml:lang="en">Female</TranslatedText></Decode></CodeListItem><CodeListItem CodedValue="M"><Decode><TranslatedText Type="text/plain" xml:lang="en">Male</TranslatedText></Decode></CodeListItem><Coding System="https://www.cdisc.org/standards/terminology" Code="C66731" SystemName="CDISC/NCI CT" /></CodeList><CodeList OID="CL.DEMOG_LZZT_RACE_3.RACE.C74457" Name="RACE" DataType="text"><CodeListItem CodedValue="AMERICAN INDIAN OR ALASKA NATIVE"><Decode><TranslatedText Type="text/plain" xml:lang="en">American Indian Or Alaska Native</TranslatedText></Decode></CodeListItem><CodeListItem CodedValue="ASIAN"><Decode><TranslatedText Type="text/plain" xml:lang="en">Asian</TranslatedText></Decode></CodeListItem><CodeListItem CodedValue="BLACK OR AFRICAN AMERICAN"><Decode><TranslatedText Type="text/plain" xml:lang="en">Black Or African American</TranslatedText></Decode></CodeListItem><CodeListItem CodedValue="NATIVE HAWAIIAN OR OTHER PACIFIC ISLANDER"><Decode><TranslatedText Type="text/plain" xml:lang="en">Native Hawaiian Or Other Pacific Islander</TranslatedText></Decode></CodeListItem><CodeListItem CodedValue="NOT REPORTED"><Decode><TranslatedText Type="text/plain" xml:lang="en">Not Reported</TranslatedText></Decode></CodeListItem><CodeListItem CodedValue="OTHER"><Decode><TranslatedText Type="text/plain" xml:lang="en">Other</TranslatedText></Decode></CodeListItem><CodeListItem CodedValue="UNKNOWN"><Decode><TranslatedText Type="text/plain" xml:lang="en">Unknown</TranslatedText></Decode></CodeListItem><CodeListItem CodedValue="WHITE"><Decode><TranslatedText Type="text/plain" xml:lang="en">White</TranslatedText></Decode></CodeListItem><Coding System="https://www.cdisc.org/standards/terminology" Code="C74457" SystemName="CDISC/NCI CT" /></CodeList></MetaDataVersion></Study></ODM>