<?xml version='1.0' encoding='utf-8'?>
<ODM FileOID="ODM.CDASH.POC" Granularity="Metadata" CreationDateTime="2025-09-23T13:25:36.049022+00:00" ODMVersion="1.3.2" FileType="Snapshot" Originator="Lex Jansen" SourceSystem="odmlib" SourceSystemVersion="0.1" xmlns="http://www.cdisc.org/ns/odm/v1.3" xmlns:xs="http://www.w3.org/2001/XMLSchema-instance" xmlns:xml="http://www.w3.org/XML/1998/namespace" xmlns:xlink="http://www.w3.org/1999/xlink"><Study OID="ODM.CDASH.STUDY"><GlobalVariables><StudyName>CDISC360i CDASH POC Study</StudyName><StudyDescription>CDISC360i CDASH POC Study</StudyDescription><ProtocolName>CDISC360i CDASH POC Study protocol</ProtocolName></GlobalVariables><BasicDefinitions /><MetaDataVersion OID="ODM.CDASH.STUDY.MDV" Name="CDISC360i CDASH POC Study Metadata Version" Description="CDISC360i CDASH ODM 1.3.2 metadata version"><FormDef OID="FORM.DEMOG_LZZT" Name="Demographics LZZT" Repeating="No"><Description><TranslatedText xml:lang="en">Demographics LZZT</TranslatedText></Description><ItemGroupRef ItemGroupOID="IG.DEMOG_LZZT_1" OrderNumber="1" Mandatory="Yes" /><Alias Context="formAnnotation" Name="DOMAIN = DM" /></FormDef><ItemGroupDef OID="IG.DEMOG_LZZT_1" Name="DEMOGRAPHICS" Repeating="No"><ItemRef ItemOID="IT.DEMOG_LZZT_1_BRTHDTC_SHORT_1.BRTHDAT" OrderNumber="1" Mandatory="Yes" /><ItemRef ItemOID="IT.DEMOG_LZZT_1_SEX_MF_2.SEX" OrderNumber="2" Mandatory="Yes" /><ItemRef ItemOID="IT.DEMOG_LZZT_1_RACE_3.DMDAT" OrderNumber="3" Mandatory="No" /><ItemRef ItemOID="IT.DEMOG_LZZT_1_RACE_3.RACE" OrderNumber="4" Mandatory="Yes" /><ItemRef ItemOID="IT.DEMOG_LZZT_1_RACE_3.RACEOTH" OrderNumber="5" Mandatory="Yes" /></ItemGroupDef><ItemDef OID="IT.DEMOG_LZZT_1_BRTHDTC_SHORT_1.BRTHDAT" Name="BRTHDAT" DataType="date" Length="10"><Description><TranslatedText xml:lang="en">BRTHDAT</TranslatedText></Description><Question><TranslatedText xml:lang="en">What is the subject's date of birth?</TranslatedText></Question><Alias Context="SDTM" Name="BRTHDTC" /><Alias Context="CDASH" Name="BRTHDAT" /></ItemDef><ItemDef OID="IT.DEMOG_LZZT_1_SEX_MF_2.SEX" Name="SEX" DataType="text" Length="100"><Description><TranslatedText xml:lang="en">SEX</TranslatedText></Description><CodeListRef CodeListOID="CL.DEMOG_LZZT_SEX_MF_2.SEX.C66731" /><Alias Context="prompt" Name="Sex" /><Alias Context="SDTM" Name="SEX" /><Alias Context="CDASH" Name="SEX" /></ItemDef><ItemDef OID="IT.DEMOG_LZZT_1_RACE_3.DMDAT" Name="DMDAT" DataType="date" Length="10"><Description><TranslatedText xml:lang="en">DMDAT</TranslatedText></Description><Alias Context="prompt" Name="Collection Date" /><Alias Context="SDTM" Name="DMDTC" /><Alias Context="CDASH" Name="DMDAT" /></ItemDef><ItemDef OID="IT.DEMOG_LZZT_1_RACE_3.RACE" Name="RACE" DataType="text" Length="100"><Description><TranslatedText xml:lang="en">RACE</TranslatedText></Description><Question><TranslatedText xml:lang="en">Which of the following five racial designations best describes you?</TranslatedText></Question><CodeListRef CodeListOID="CL.DEMOG_LZZT_RACE_3.RACE.C74457" /><Alias Context="SDTM" Name="RACE" /><Alias Context="CDASH" Name="RACE" /></ItemDef><ItemDef OID="IT.DEMOG_LZZT_1_RACE_3.RACEOTH" Name="RACEOTH" DataType="text" Length="200"><Description><TranslatedText xml:lang="en">RACEOTH</TranslatedText></Description><Alias Context="prompt" Name="Specify Other Race" /><Alias Context="SDTM" Name="RACEOTH in SUPPDM" /><Alias Context="CDASH" Name="RACEOTH" /></ItemDef><CodeList OID="CL.DEMOG_LZZT_SEX_MF_2.SEX.C66731" Name="SEX" DataType="text"><CodeListItem CodedValue="F"><Decode><TranslatedText xml:lang="en">Female</TranslatedText></Decode></CodeListItem><CodeListItem CodedValue="M"><Decode><TranslatedText xml:lang="en">Male</TranslatedText></Decode></CodeListItem></CodeList><CodeList OID="CL.DEMOG_LZZT_RACE_3.RACE.C74457" Name="RACE" DataType="text"><CodeListItem CodedValue="AMERICAN INDIAN OR ALASKA NATIVE"><Decode><TranslatedText xml:lang="en">American Indian Or Alaska Native</TranslatedText></Decode></CodeListItem><CodeListItem CodedValue="ASIAN"><Decode><TranslatedText xml:lang="en">Asian</TranslatedText></Decode></CodeListItem><CodeListItem CodedValue="BLACK OR AFRICAN AMERICAN"><Decode><TranslatedText xml:lang="en">Black Or African American</TranslatedText></Decode></CodeListItem><CodeListItem CodedValue="NATIVE HAWAIIAN OR OTHER PACIFIC ISLANDER"><Decode><TranslatedText xml:lang="en">Native Hawaiian Or Other Pacific Islander</TranslatedText></Decode></CodeListItem><CodeListItem CodedValue="NOT REPORTED"><Decode><TranslatedText xml:lang="en">Not Reported</TranslatedText></Decode></CodeListItem><CodeListItem CodedValue="OTHER"><Decode><TranslatedText xml:lang="en">Other</TranslatedText></Decode></CodeListItem><CodeListItem CodedValue="UNKNOWN"><Decode><TranslatedText xml:lang="en">Unknown</TranslatedText></Decode></CodeListItem><CodeListItem CodedValue="WHITE"><Decode><TranslatedText xml:lang="en">White</TranslatedText></Decode></CodeListItem></CodeList></MetaDataVersion></Study></ODM>