{"FileOID": "ODM.CDASH.POC", "Granularity": "Metadata", "CreationDateTime": "2025-11-26T20:25:54.148758+00:00", "ODMVersion": "1.3.2", "FileType": "Snapshot", "Originator": "Lex Jansen", "SourceSystem": "odmlib", "SourceSystemVersion": "0.1", "Study": [{"OID": "ODM.CDASH.STUDY", "GlobalVariables": {"StudyName": {"_content": "Demographics LZZT"}, "StudyDescription": {"_content": "Demographics LZZT"}, "ProtocolName": {"_content": "Demographics LZZT"}}, "BasicDefinitions": {}, "MetaDataVersion": [{"OID": "ODM.CDASH.STUDY.MDV", "Name": "Demographics LZZT", "Description": "Demographics LZZT", "ItemGroupDef": [{"OID": "FORM.DEMOG_LZZT", "Name": "Demographics LZZT", "Repeating": "No", "Description": {"TranslatedText": [{"_content": "Demographics LZZT", "lang": "en"}]}, "ItemGroupRef": [{"ItemGroupOID": "IG.DEMOG_LZZT_1", "OrderNumber": 1, "Mandatory": "Yes"}], "Alias": [{"Context": "formAnnotation", "Name": "DOMAIN = DM"}]}, {"OID": "IG.DEMOG_LZZT_1", "Name": "DEMOGRAPHICS", "Repeating": "No", "ItemRef": [{"ItemOID": "IT.DEMOG_LZZT_1_BRTHDTC_SHORT_1.BRTHDAT", "OrderNumber": 1, "Mandatory": "Yes"}, {"ItemOID": "IT.DEMOG_LZZT_1_SEX_MF_2.SEX", "OrderNumber": 2, "Mandatory": "Yes"}, {"ItemOID": "IT.DEMOG_LZZT_1_RACE_3.DMDAT", "OrderNumber": 3, "Mandatory": "No"}, {"ItemOID": "IT.DEMOG_LZZT_1_RACE_3.RACE", "OrderNumber": 4, "Mandatory": "Yes"}, {"ItemOID": "IT.DEMOG_LZZT_1_RACE_3.RACEOTH", "OrderNumber": 5, "Mandatory": "Yes"}], "Alias": []}], "ItemDef": [{"OID": "IT.DEMOG_LZZT_1_BRTHDTC_SHORT_1.BRTHDAT", "Name": "BRTHDAT", "DataType": "date", "Length": 10, "Description": {"TranslatedText": [{"_content": "BRTHDAT", "lang": "en"}]}, "Question": {"TranslatedText": [{"_content": "What is the subject's date of birth?", "lang": "en"}]}, "Alias": [{"Context": "SDTM", "Name": "BRTHDTC"}, {"Context": "CDASH", "Name": "BRTHDAT"}]}, {"OID": "IT.DEMOG_LZZT_1_SEX_MF_2.SEX", "Name": "SEX", "DataType": "text", "Length": 100, "Description": {"TranslatedText": [{"_content": "SEX", "lang": "en"}]}, "CodeListRef": {"CodeListOID": "CL.DEMOG_LZZT_SEX_MF_2.SEX.C66731"}, "Alias": [{"Context": "prompt", "Name": "Sex"}, {"Context": "SDTM", "Name": "SEX"}, {"Context": "CDASH", "Name": "SEX"}]}, {"OID": "IT.DEMOG_LZZT_1_RACE_3.DMDAT", "Name": "DMDAT", "DataType": "date", "Length": 10, "Description": {"TranslatedText": [{"_content": "DMDAT", "lang": "en"}]}, "Alias": [{"Context": "prompt", "Name": "Collection Date"}, {"Context": "SDTM", "Name": "DMDTC"}, {"Context": "CDASH", "Name": "DMDAT"}]}, {"OID": "IT.DEMOG_LZZT_1_RACE_3.RACE", "Name": "RACE", "DataType": "text", "Length": 100, "Description": {"TranslatedText": [{"_content": "RACE", "lang": "en"}]}, "Question": {"TranslatedText": [{"_content": "Which of the following five racial designations best describes you?", "lang": "en"}]}, "CodeListRef": {"CodeListOID": "CL.DEMOG_LZZT_RACE_3.RACE.C74457"}, "Alias": [{"Context": "SDTM", "Name": "RACE"}, {"Context": "CDASH", "Name": "RACE"}]}, {"OID": "IT.DEMOG_LZZT_1_RACE_3.RACEOTH", "Name": "RACEOTH", "DataType": "text", "Length": 200, "Description": {"TranslatedText": [{"_content": "RACEOTH", "lang": "en"}]}, "Alias": [{"Context": "prompt", "Name": "Specify Other Race"}, {"Context": "SDTM", "Name": "RACEOTH in SUPPDM"}, {"Context": "CDASH", "Name": "RACEOTH"}]}], "CodeList": [{"OID": "CL.DEMOG_LZZT_SEX_MF_2.SEX.C66731", "Name": "SEX", "DataType": "text", "CodeListItem": [{"CodedValue": "F", "Decode": {"TranslatedText": [{"_content": "Female", "lang": "en"}]}}, {"CodedValue": "M", "Decode": {"TranslatedText": [{"_content": "Male", "lang": "en"}]}}]}, {"OID": "CL.DEMOG_LZZT_RACE_3.RACE.C74457", "Name": "RACE", "DataType": "text", "CodeListItem": [{"CodedValue": "AMERICAN INDIAN OR ALASKA NATIVE", "Decode": {"TranslatedText": [{"_content": "American Indian Or Alaska Native", "lang": "en"}]}}, {"CodedValue": "ASIAN", "Decode": {"TranslatedText": [{"_content": "Asian", "lang": "en"}]}}, {"CodedValue": "BLACK OR AFRICAN AMERICAN", "Decode": {"TranslatedText": [{"_content": "Black Or African American", "lang": "en"}]}}, {"CodedValue": "NATIVE HAWAIIAN OR OTHER PACIFIC ISLANDER", "Decode": {"TranslatedText": [{"_content": "Native Hawaiian Or Other Pacific Islander", "lang": "en"}]}}, {"CodedValue": "NOT REPORTED", "Decode": {"TranslatedText": [{"_content": "Not Reported", "lang": "en"}]}}, {"CodedValue": "OTHER", "Decode": {"TranslatedText": [{"_content": "Other", "lang": "en"}]}}, {"CodedValue": "UNKNOWN", "Decode": {"TranslatedText": [{"_content": "Unknown", "lang": "en"}]}}, {"CodedValue": "WHITE", "Decode": {"TranslatedText": [{"_content": "White", "lang": "en"}]}}]}]}]}]}