{"FileOID": "ODM.CDASH.POC", "Granularity": "Metadata", "CreationDateTime": "2025-09-16T13:27:47.488289+00:00", "ODMVersion": "1.3.2", "FileType": "Snapshot", "Originator": "Lex Jansen", "SourceSystem": "odmlib", "SourceSystemVersion": "0.1", "Study": [{"OID": "ODM.CDASH.STUDY", "GlobalVariables": {"StudyName": {"_content": "CDISC360i CDASH POC Study"}, "StudyDescription": {"_content": "CDISC360i CDASH POC Study"}, "ProtocolName": {"_content": "CDISC360i CDASH POC Study protocol"}}, "MetaDataVersion": [{"OID": "ODM.CDASH.STUDY.MDV", "Name": "CDISC360i CDASH POC Study Metadata Version", "Description": "CDISC360i CDASH ODM 1.3.2 metadata version", "ItemGroupDef": [{"OID": "FORM.SIXMW1", "Name": "Six Minute Walk Test", "Repeating": "No", "Description": {"TranslatedText": [{"_content": "Six Minute Walk Test", "lang": "en"}]}, "ItemGroupRef": [{"ItemGroupOID": "IG.SIXMW_01_1", "OrderNumber": 1, "Mandatory": "Yes"}, {"ItemGroupOID": "IG.SIXMW_02_2", "OrderNumber": 2, "Mandatory": "Yes"}], "Alias": [{"Context": "formAnnotation", "Name": "DOMAIN = FT; FTCAT = SIX MINUTE WALK"}]}, {"OID": "IG.SIXMW_01_1", "Name": "6 Minute Walk Test - Lead Question", "Repeating": "No", "ItemRef": [{"ItemOID": "IT.SIXMW_01_1_SIXMW1_1.SIXMW1_FTPERF", "OrderNumber": 1, "Mandatory": "No"}, {"ItemOID": "IT.SIXMW_01_1_SIXMW1_1.SIXMW1_FTDAT", "OrderNumber": 2, "Mandatory": "Yes"}, {"ItemOID": "IT.SIXMW_01_1_SIXMW1_1.SIXMW1_FTCAT", "OrderNumber": 3, "Mandatory": "Yes"}, {"ItemOID": "IT.SIXMW_01_1_SIXMW1_1.SIXMW1_FTASTDEV", "OrderNumber": 4, "Mandatory": "Yes"}], "Alias": []}, {"OID": "IG.SIXMW_02_2", "Name": "6 Minute Walk Test", "Repeating": "No", "ItemRef": [{"ItemOID": "IT.SIXMW_02_2_SIXMW101_1.SIXMW101_FTORRES", "OrderNumber": 1, "Mandatory": "Yes"}, {"ItemOID": "IT.SIXMW_02_2_SIXMW101_1.SIXMW101_FTORRESU", "OrderNumber": 2, "Mandatory": "Yes"}, {"ItemOID": "IT.SIXMW_02_2_SIXMW102_2.SIXMW102_FTORRES", "OrderNumber": 3, "Mandatory": "Yes"}, {"ItemOID": "IT.SIXMW_02_2_SIXMW102_2.SIXMW102_FTORRESU", "OrderNumber": 4, "Mandatory": "Yes"}, {"ItemOID": "IT.SIXMW_02_2_SIXMW103_3.SIXMW103_FTORRES", "OrderNumber": 5, "Mandatory": "Yes"}, {"ItemOID": "IT.SIXMW_02_2_SIXMW103_3.SIXMW103_FTORRESU", "OrderNumber": 6, "Mandatory": "Yes"}, {"ItemOID": "IT.SIXMW_02_2_SIXMW104_4.SIXMW104_FTORRES", "OrderNumber": 7, "Mandatory": "Yes"}, {"ItemOID": "IT.SIXMW_02_2_SIXMW104_4.SIXMW104_FTORRESU", "OrderNumber": 8, "Mandatory": "Yes"}, {"ItemOID": "IT.SIXMW_02_2_SIXMW105_5.SIXMW105_FTORRES", "OrderNumber": 9, "Mandatory": "Yes"}, {"ItemOID": "IT.SIXMW_02_2_SIXMW105_5.SIXMW105_FTORRESU", "OrderNumber": 10, "Mandatory": "Yes"}, {"ItemOID": "IT.SIXMW_02_2_SIXMW106_6.SIXMW106_FTORRES", "OrderNumber": 11, "Mandatory": "Yes"}, {"ItemOID": "IT.SIXMW_02_2_SIXMW106_6.SIXMW106_FTORRESU", "OrderNumber": 12, "Mandatory": "Yes"}], "Alias": []}], "ItemDef": [{"OID": "IT.SIXMW_01_1_SIXMW1_1.SIXMW1_FTPERF", "Name": "SIXMW1_FTPERF", "DataType": "text", "Length": 1, "Description": {"TranslatedText": [{"_content": "FTPERF", "lang": "en"}]}, "Question": {"TranslatedText": [{"_content": "Was the Six Minute Walk Test performed?", "lang": "en"}]}, "CodeListRef": {"CodeListOID": "CL.SIXMW_01_SIXMW1_1.SIXMW1_FTPERF.C66742"}, "Alias": [{"Context": "SDTM", "Name": "[NOT SUBMITTED]; FTSTAT = NOT DONE"}]}, {"OID": "IT.SIXMW_01_1_SIXMW1_1.SIXMW1_FTDAT", "Name": "SIXMW1_FTDAT", "DataType": "date", "Length": 10, "Description": {"TranslatedText": [{"_content": "FTDAT", "lang": "en"}]}, "Alias": [{"Context": "prompt", "Name": "Date of Assessment"}, {"Context": "SDTM", "Name": "FTDTC"}]}, {"OID": "IT.SIXMW_01_1_SIXMW1_1.SIXMW1_FTCAT", "Name": "SIXMW1_FTCAT", "DataType": "text", "Length": 50, "Description": {"TranslatedText": [{"_content": "FTCAT", "lang": "en"}]}, "CodeListRef": {"CodeListOID": "CL.SIXMW_01_SIXMW1_1.SIXMW1_FTCAT.C115304"}, "Alias": [{"Context": "prompt", "Name": "Category"}, {"Context": "SDTM", "Name": "FTCAT = SIX MINUTE WALK"}]}, {"OID": "IT.SIXMW_01_1_SIXMW1_1.SIXMW1_FTASTDEV", "Name": "SIXMW1_FTASTDEV", "DataType": "text", "Length": 200, "Description": {"TranslatedText": [{"_content": "FTASTDEV", "lang": "en"}]}, "Alias": [{"Context": "prompt", "Name": "Assisted Device"}, {"Context": "SDTM", "Name": "FTASTDEV in SUPPFT"}]}, {"OID": "IT.SIXMW_02_2_SIXMW101_1.SIXMW101_FTORRES", "Name": "SIXMW101_FTORRES", "DataType": "integer", "Length": 3, "Description": {"TranslatedText": [{"_content": "FTORRES", "lang": "en"}]}, "Alias": [{"Context": "prompt", "Name": "Distance at 1 Minute"}, {"Context": "SDTM", "Name": "FTORRES when FTTESTCD = SIXMW101"}]}, {"OID": "IT.SIXMW_02_2_SIXMW101_1.SIXMW101_FTORRESU", "Name": "SIXMW101_FTORRESU", "DataType": "text", "Length": 1, "Description": {"TranslatedText": [{"_content": "FTORRESU", "lang": "en"}]}, "CodeListRef": {"CodeListOID": "CL.SIXMW_02_SIXMW101_1.SIXMW101_FTORRESU.C71620"}, "Alias": [{"Context": "prompt", "Name": "Unit"}, {"Context": "SDTM", "Name": "FTORRESU = m when FTTESTCD = SIXMW101"}]}, {"OID": "IT.SIXMW_02_2_SIXMW102_2.SIXMW102_FTORRES", "Name": "SIXMW102_FTORRES", "DataType": "integer", "Length": 3, "Description": {"TranslatedText": [{"_content": "FTORRES", "lang": "en"}]}, "Alias": [{"Context": "prompt", "Name": "Distance at 2 Minutes"}, {"Context": "SDTM", "Name": "FTORRES when FTTESTCD = SIXMW102"}]}, {"OID": "IT.SIXMW_02_2_SIXMW102_2.SIXMW102_FTORRESU", "Name": "SIXMW102_FTORRESU", "DataType": "text", "Length": 1, "Description": {"TranslatedText": [{"_content": "FTORRESU", "lang": "en"}]}, "CodeListRef": {"CodeListOID": "CL.SIXMW_02_SIXMW102_2.SIXMW102_FTORRESU.C71620"}, "Alias": [{"Context": "prompt", "Name": "Unit"}, {"Context": "SDTM", "Name": "FTORRESU = m when FTTESTCD = SIXMW102"}]}, {"OID": "IT.SIXMW_02_2_SIXMW103_3.SIXMW103_FTORRES", "Name": "SIXMW103_FTORRES", "DataType": "integer", "Length": 3, "Description": {"TranslatedText": [{"_content": "FTORRES", "lang": "en"}]}, "Alias": [{"Context": "prompt", "Name": "Distance at 3 Minutes"}, {"Context": "SDTM", "Name": "FTORRES when FTTESTCD = SIXMW103"}]}, {"OID": "IT.SIXMW_02_2_SIXMW103_3.SIXMW103_FTORRESU", "Name": "SIXMW103_FTORRESU", "DataType": "text", "Length": 1, "Description": {"TranslatedText": [{"_content": "FTORRESU", "lang": "en"}]}, "CodeListRef": {"CodeListOID": "CL.SIXMW_02_SIXMW103_3.SIXMW103_FTORRESU.C71620"}, "Alias": [{"Context": "prompt", "Name": "Unit"}, {"Context": "SDTM", "Name": "FTORRESU = m when FTTESTCD = SIXMW103"}]}, {"OID": "IT.SIXMW_02_2_SIXMW104_4.SIXMW104_FTORRES", "Name": "SIXMW104_FTORRES", "DataType": "integer", "Length": 3, "Description": {"TranslatedText": [{"_content": "FTORRES", "lang": "en"}]}, "Alias": [{"Context": "prompt", "Name": "Distance at 4 Minutes"}, {"Context": "SDTM", "Name": "FTORRES when FTTESTCD = SIXMW104"}]}, {"OID": "IT.SIXMW_02_2_SIXMW104_4.SIXMW104_FTORRESU", "Name": "SIXMW104_FTORRESU", "DataType": "text", "Length": 1, "Description": {"TranslatedText": [{"_content": "FTORRESU", "lang": "en"}]}, "CodeListRef": {"CodeListOID": "CL.SIXMW_02_SIXMW104_4.SIXMW104_FTORRESU.C71620"}, "Alias": [{"Context": "prompt", "Name": "Unit"}, {"Context": "SDTM", "Name": "FTORRESU = m when FTTESTCD = SIXMW104"}]}, {"OID": "IT.SIXMW_02_2_SIXMW105_5.SIXMW105_FTORRES", "Name": "SIXMW105_FTORRES", "DataType": "integer", "Length": 3, "Description": {"TranslatedText": [{"_content": "FTORRES", "lang": "en"}]}, "Alias": [{"Context": "prompt", "Name": "Distance at 5 Minutes"}, {"Context": "SDTM", "Name": "FTORRES when FTTESTCD = SIXMW105"}]}, {"OID": "IT.SIXMW_02_2_SIXMW105_5.SIXMW105_FTORRESU", "Name": "SIXMW105_FTORRESU", "DataType": "text", "Length": 1, "Description": {"TranslatedText": [{"_content": "FTORRESU", "lang": "en"}]}, "CodeListRef": {"CodeListOID": "CL.SIXMW_02_SIXMW105_5.SIXMW105_FTORRESU.C71620"}, "Alias": [{"Context": "prompt", "Name": "Unit"}, {"Context": "SDTM", "Name": "FTORRESU = m when FTTESTCD = SIXMW105"}]}, {"OID": "IT.SIXMW_02_2_SIXMW106_6.SIXMW106_FTORRES", "Name": "SIXMW106_FTORRES", "DataType": "integer", "Length": 3, "Description": {"TranslatedText": [{"_content": "FTORRES", "lang": "en"}]}, "Alias": [{"Context": "prompt", "Name": "Distance at 6 Minutes"}, {"Context": "SDTM", "Name": "FTORRES when FTTESTCD = SIXMW106"}]}, {"OID": "IT.SIXMW_02_2_SIXMW106_6.SIXMW106_FTORRESU", "Name": "SIXMW106_FTORRESU", "DataType": "text", "Length": 1, "Description": {"TranslatedText": [{"_content": "FTORRESU", "lang": "en"}]}, "CodeListRef": {"CodeListOID": "CL.SIXMW_02_SIXMW106_6.SIXMW106_FTORRESU.C71620"}, "Alias": [{"Context": "prompt", "Name": "Unit"}, {"Context": "SDTM", "Name": "FTORRESU = m when FTTESTCD = SIXMW106"}]}], "CodeList": [{"OID": "CL.SIXMW_01_SIXMW1_1.SIXMW1_FTPERF.C66742", "Name": "NY", "DataType": "text", "CodeListItem": [{"CodedValue": "N", "Decode": {"TranslatedText": [{"_content": "No", "lang": "en"}]}}, {"CodedValue": "Y", "Decode": {"TranslatedText": [{"_content": "Yes", "lang": "en"}]}}]}, {"OID": "CL.SIXMW_01_SIXMW1_1.SIXMW1_FTCAT.C115304", "Name": "FTCAT", "DataType": "text", "EnumeratedItem": [{"CodedValue": "SIX MINUTE WALK"}]}, {"OID": "CL.SIXMW_02_SIXMW101_1.SIXMW101_FTORRESU.C71620", "Name": "UNIT", "DataType": "text", "EnumeratedItem": [{"CodedValue": "m"}]}, {"OID": "CL.SIXMW_02_SIXMW102_2.SIXMW102_FTORRESU.C71620", "Name": "UNIT", "DataType": "text", "EnumeratedItem": [{"CodedValue": "m"}]}, {"OID": "CL.SIXMW_02_SIXMW103_3.SIXMW103_FTORRESU.C71620", "Name": "UNIT", "DataType": "text", "EnumeratedItem": [{"CodedValue": "m"}]}, {"OID": "CL.SIXMW_02_SIXMW104_4.SIXMW104_FTORRESU.C71620", "Name": "UNIT", "DataType": "text", "EnumeratedItem": [{"CodedValue": "m"}]}, {"OID": "CL.SIXMW_02_SIXMW105_5.SIXMW105_FTORRESU.C71620", "Name": "UNIT", "DataType": "text", "EnumeratedItem": [{"CodedValue": "m"}]}, {"OID": "CL.SIXMW_02_SIXMW106_6.SIXMW106_FTORRESU.C71620", "Name": "UNIT", "DataType": "text", "EnumeratedItem": [{"CodedValue": "m"}]}]}]}]}