<?xml version='1.0' encoding='utf-8'?>
<ODM FileOID="ODM.CDASH.POC" Granularity="Metadata" CreationDateTime="2025-09-16T20:56:51.105307+00:00" ODMVersion="2.0" FileType="Snapshot" Originator="Lex Jansen" SourceSystem="odmlib" SourceSystemVersion="0.1" xmlns="http://www.cdisc.org/ns/odm/v2.0" xmlns:xs="http://www.w3.org/2001/XMLSchema-instance" xmlns:xml="http://www.w3.org/XML/1998/namespace" xmlns:xlink="http://www.w3.org/1999/xlink"><Study OID="ODM.CDASH.STUDY" StudyName="CDISC360i CDASH POC Study" ProtocolName="CDISC360i CDASH POC Study protocol"><Description><TranslatedText Type="text/plain" xml:lang="en">CDISC360i CDASH POC Study</TranslatedText></Description><MetaDataVersion OID="ODM.CDASH.STUDY.MDV" Name="CDISC360i CDASH POC Study Metadata Version"><Description><TranslatedText Type="text/plain" xml:lang="en">CDISC360i CDASH ODM 2.0 metadata version</TranslatedText></Description><ItemGroupDef OID="IG_FORM.EQ5D02" Name="EQ-5D-5L Questionnaire" Repeating="No" Type="Form"><Description><TranslatedText Type="text/plain" xml:lang="en">EQ-5D-5L Questionnaire</TranslatedText></Description><ItemGroupRef ItemGroupOID="IG.QS_EQ5D02_01_1" OrderNumber="1" Mandatory="Yes" /><ItemGroupRef ItemGroupOID="IG.QS_EQ5D02_02_2" OrderNumber="2" Mandatory="Yes" /><ItemGroupRef ItemGroupOID="IG.QS_EQ5D02_03_3" OrderNumber="3" Mandatory="Yes" /><Alias Context="formAnnotation" Name="DOMAIN = QS; QSCAT = EQ-5D-5L" /></ItemGroupDef><ItemGroupDef OID="IG.QS_EQ5D02_01_1" Name="EQ-5D-5L Questionnaire - Lead Question" Repeating="No" Type="Section"><Description><TranslatedText Type="text/plain" xml:lang="en">EQ-5D-5L Questionnaire - Lead Question</TranslatedText></Description><ItemGroupRef ItemGroupOID="IG.QS_EQ5D02_01_1_EQ5D02_1" OrderNumber="1" Mandatory="Yes" /></ItemGroupDef><ItemGroupDef OID="IG.QS_EQ5D02_02_2" Name="EQ-5D-5L Questionnaire - Question 1-5" Repeating="No" Type="Section"><Description><TranslatedText Type="text/plain" xml:lang="en">EQ-5D-5L Questionnaire - Question 1-5</TranslatedText></Description><ItemGroupRef ItemGroupOID="IG.QS_EQ5D02_02_2_EQ5D0201_1" OrderNumber="1" Mandatory="Yes" /><ItemGroupRef ItemGroupOID="IG.QS_EQ5D02_02_2_EQ5D0202_2" OrderNumber="2" Mandatory="Yes" /><ItemGroupRef ItemGroupOID="IG.QS_EQ5D02_02_2_EQ5D0203_3" OrderNumber="3" Mandatory="Yes" /><ItemGroupRef ItemGroupOID="IG.QS_EQ5D02_02_2_EQ5D0204_4" OrderNumber="4" Mandatory="Yes" /><ItemGroupRef ItemGroupOID="IG.QS_EQ5D02_02_2_EQ5D0205_5" OrderNumber="5" Mandatory="Yes" /><Alias Context="formSectionCompletionInstruction" Name="Under each heading, please check the ONE box that best describes your health TODAY." /></ItemGroupDef><ItemGroupDef OID="IG.QS_EQ5D02_03_3" Name="EQ-5D-5L Questionnaire - VAS" Repeating="No" Type="Section"><Description><TranslatedText Type="text/plain" xml:lang="en">EQ-5D-5L Questionnaire - VAS</TranslatedText></Description><ItemGroupRef ItemGroupOID="IG.QS_EQ5D02_03_3_EQ5D0206_1" OrderNumber="1" Mandatory="Yes" /><Alias Context="formSectionCompletionInstruction" Name="  -  We would like to know how good or bad your health is TODAY.&#10;  -  This scale is numbered from 0 to 100.&#10;  -  100 means the best health you can imagine.&#10;      0 means the worst health you can imagine.&#10;  -   Mark an X on the scale to indicate how your health is TODAY.&#10;  -   Now, please write the number you marked on the scale in the box below." /></ItemGroupDef><ItemGroupDef OID="IG.QS_EQ5D02_01_1_EQ5D02_1" Name="EQ-5D-5L Questionnaire" Repeating="No" Type="Concept"><Description><TranslatedText Type="text/plain" xml:lang="en">EQ-5D-5L Questionnaire</TranslatedText></Description><ItemRef ItemOID="IT.QS_EQ5D02_01_1_EQ5D02_1.EQ5D02_QSCAT" OrderNumber="1" Mandatory="Yes" PreSpecifiedValue="EQ-5D-5L" /><ItemRef ItemOID="IT.QS_EQ5D02_01_1_EQ5D02_1.EQ5D02_QSPERF" OrderNumber="2" Mandatory="No" /><ItemRef ItemOID="IT.QS_EQ5D02_01_1_EQ5D02_1.EQ5D02_QSDAT" OrderNumber="3" Mandatory="Yes" /><ItemRef ItemOID="IT.QS_EQ5D02_01_1_EQ5D02_1.EQ5D02_QSEVINTX" OrderNumber="4" Mandatory="Yes" PreSpecifiedValue="TODAY" /><Coding System="/mdr/bc/biomedicalconcepts/C102117" Code="C102117" SystemName="CDISC Biomedical Concept" /></ItemGroupDef><ItemGroupDef OID="IG.QS_EQ5D02_02_2_EQ5D0201_1" Name="EQ5D02-Mobility" Repeating="No" Type="Concept"><Description><TranslatedText Type="text/plain" xml:lang="en">EQ5D02-Mobility</TranslatedText></Description><ItemRef ItemOID="IT.QS_EQ5D02_02_2_EQ5D0201_1.EQ5D0201_QSORRES" OrderNumber="1" Mandatory="Yes" /><Coding System="/mdr/bc/biomedicalconcepts/C102067" Code="C102067" SystemName="CDISC Biomedical Concept" /><Coding System="/mdr/specializations/sdtm/datasetspecializations/EQ5D0201" Code="EQ5D0201" SystemName="CDISC SDTM Dataset Specialization" /></ItemGroupDef><ItemGroupDef OID="IG.QS_EQ5D02_02_2_EQ5D0202_2" Name="EQ5D02-Self-Care" Repeating="No" Type="Concept"><Description><TranslatedText Type="text/plain" xml:lang="en">EQ5D02-Self-Care</TranslatedText></Description><ItemRef ItemOID="IT.QS_EQ5D02_02_2_EQ5D0202_2.EQ5D0202_QSORRES" OrderNumber="1" Mandatory="Yes" /><Coding System="/mdr/bc/biomedicalconcepts/C102068" Code="C102068" SystemName="CDISC Biomedical Concept" /><Coding System="/mdr/specializations/sdtm/datasetspecializations/EQ5D0202" Code="EQ5D0202" SystemName="CDISC SDTM Dataset Specialization" /></ItemGroupDef><ItemGroupDef OID="IG.QS_EQ5D02_02_2_EQ5D0203_3" Name="EQ5D02-Usual Activities" Repeating="No" Type="Concept"><Description><TranslatedText Type="text/plain" xml:lang="en">EQ5D02-Usual Activities</TranslatedText></Description><ItemRef ItemOID="IT.QS_EQ5D02_02_2_EQ5D0203_3.EQ5D0203_QSORRES" OrderNumber="1" Mandatory="Yes" /><Coding System="/mdr/bc/biomedicalconcepts/C102069" Code="C102069" SystemName="CDISC Biomedical Concept" /><Coding System="/mdr/specializations/sdtm/datasetspecializations/EQ5D0203" Code="EQ5D0203" SystemName="CDISC SDTM Dataset Specialization" /></ItemGroupDef><ItemGroupDef OID="IG.QS_EQ5D02_02_2_EQ5D0204_4" Name="EQ5D02-Pain/Discomfort" Repeating="No" Type="Concept"><Description><TranslatedText Type="text/plain" xml:lang="en">EQ5D02-Pain/Discomfort</TranslatedText></Description><ItemRef ItemOID="IT.QS_EQ5D02_02_2_EQ5D0204_4.EQ5D0204_QSORRES" OrderNumber="1" Mandatory="Yes" /><Coding System="/mdr/bc/biomedicalconcepts/C102070" Code="C102070" SystemName="CDISC Biomedical Concept" /><Coding System="/mdr/specializations/sdtm/datasetspecializations/EQ5D0204" Code="EQ5D0204" SystemName="CDISC SDTM Dataset Specialization" /></ItemGroupDef><ItemGroupDef OID="IG.QS_EQ5D02_02_2_EQ5D0205_5" Name="EQ5D02-Anxiety/Depression" Repeating="No" Type="Concept"><Description><TranslatedText Type="text/plain" xml:lang="en">EQ5D02-Anxiety/Depression</TranslatedText></Description><ItemRef ItemOID="IT.QS_EQ5D02_02_2_EQ5D0205_5.EQ5D0205_QSORRES" OrderNumber="1" Mandatory="Yes" /><Coding System="/mdr/bc/biomedicalconcepts/C102071" Code="C102071" SystemName="CDISC Biomedical Concept" /><Coding System="/mdr/specializations/sdtm/datasetspecializations/EQ5D0205" Code="EQ5D0205" SystemName="CDISC SDTM Dataset Specialization" /></ItemGroupDef><ItemGroupDef OID="IG.QS_EQ5D02_03_3_EQ5D0206_1" Name="EQ-5D-5L - EQ VAS Score" Repeating="No" Type="Concept"><Description><TranslatedText Type="text/plain" xml:lang="en">EQ-5D-5L - EQ VAS Score</TranslatedText></Description><ItemRef ItemOID="IT.QS_EQ5D02_03_3_EQ5D0206_1.EQ5D0206_QSORRES" OrderNumber="1" Mandatory="Yes" /><ItemRef ItemOID="IT.QS_EQ5D02_03_3_EQ5D0206_1.EQ5D0206_QSMETHOD" OrderNumber="2" Mandatory="Yes" PreSpecifiedValue="VISUAL ANALOG SCALE (1-100)" /><ItemRef ItemOID="IT.QS_EQ5D02_03_3_EQ5D0206_1.EQ5D0206_QSANTXLO" OrderNumber="3" Mandatory="Yes" PreSpecifiedValue="The worst health you can imagine" /><ItemRef ItemOID="IT.QS_EQ5D02_03_3_EQ5D0206_1.EQ5D0206_QSANTXHI" OrderNumber="4" Mandatory="Yes" PreSpecifiedValue="The best health you can imagine" /><ItemRef ItemOID="IT.QS_EQ5D02_03_3_EQ5D0206_1.EQ5D0206_QSANVLLO" OrderNumber="5" Mandatory="Yes" PreSpecifiedValue="0" /><ItemRef ItemOID="IT.QS_EQ5D02_03_3_EQ5D0206_1.EQ5D0206_QSANVLHI" OrderNumber="6" Mandatory="Yes" PreSpecifiedValue="100" /><Coding System="/mdr/bc/biomedicalconcepts/C102072" Code="C102072" SystemName="CDISC Biomedical Concept" /><Coding System="/mdr/specializations/sdtm/datasetspecializations/EQ5D0206" Code="EQ5D0206" SystemName="CDISC SDTM Dataset Specialization" /></ItemGroupDef><ItemDef OID="IT.QS_EQ5D02_01_1_EQ5D02_1.EQ5D02_QSCAT" Name="EQ5D02_QSCAT" DataType="text" Length="50"><Prompt><TranslatedText Type="text/plain" xml:lang="en">Category of Questionnaire</TranslatedText></Prompt><CodeListRef CodeListOID="CL.QS_EQ5D02_01_EQ5D02_1.EQ5D02_QSCAT.C100129" /><Alias Context="SDTM" Name="QSCAT = EQ-5D-5L" /></ItemDef><ItemDef OID="IT.QS_EQ5D02_01_1_EQ5D02_1.EQ5D02_QSPERF" Name="EQ5D02_QSPERF" DataType="text" Length="1"><Question><TranslatedText Type="text/plain" xml:lang="en">Was the EQ-5D-5L questionnaire performed?</TranslatedText></Question><CodeListRef CodeListOID="CL.QS_EQ5D02_01_EQ5D02_1.EQ5D02_QSPERF.C66742" /><Alias Context="SDTM" Name="[NOT SUBMITTED]; QSSTAT = NOT DONE" /></ItemDef><ItemDef OID="IT.QS_EQ5D02_01_1_EQ5D02_1.EQ5D02_QSDAT" Name="EQ5D02_QSDAT" DataType="date" Length="10"><Prompt><TranslatedText Type="text/plain" xml:lang="en">Date of Assessment</TranslatedText></Prompt><Alias Context="SDTM" Name="QSDTC" /></ItemDef><ItemDef OID="IT.QS_EQ5D02_01_1_EQ5D02_1.EQ5D02_QSEVINTX" Name="EQ5D02_QSEVINTX" DataType="text" Length="5"><Prompt><TranslatedText Type="text/plain" xml:lang="en">Collected Evaluation Interval</TranslatedText></Prompt><Alias Context="SDTM" Name="QSEVINTX = TODAY" /></ItemDef><ItemDef OID="IT.QS_EQ5D02_02_2_EQ5D0201_1.EQ5D0201_QSORRES" Name="EQ5D0201_QSORRES" DataType="text" Length="200"><Prompt><TranslatedText Type="text/plain" xml:lang="en">MOBILITY</TranslatedText></Prompt><CodeListRef CodeListOID="CL.QS_EQ5D02_02_EQ5D0201_1.EQ5D0201_QSORRES" /><Alias Context="SDTM" Name="QSORRES where QSTESTCD = EQ5D0201" /></ItemDef><ItemDef OID="IT.QS_EQ5D02_02_2_EQ5D0202_2.EQ5D0202_QSORRES" Name="EQ5D0202_QSORRES" DataType="text" Length="200"><Prompt><TranslatedText Type="text/plain" xml:lang="en">SELF-CARE</TranslatedText></Prompt><CodeListRef CodeListOID="CL.QS_EQ5D02_02_EQ5D0202_2.EQ5D0202_QSORRES" /><Alias Context="SDTM" Name="QSORRES where QSTESTCD = EQ5D0202" /></ItemDef><ItemDef OID="IT.QS_EQ5D02_02_2_EQ5D0203_3.EQ5D0203_QSORRES" Name="EQ5D0203_QSORRES" DataType="text" Length="200"><Prompt><TranslatedText Type="text/plain" xml:lang="en">USUAL ACTIVITIES (e.g. work, study, housework, family or leisure activities)</TranslatedText></Prompt><CodeListRef CodeListOID="CL.QS_EQ5D02_02_EQ5D0203_3.EQ5D0203_QSORRES" /><Alias Context="SDTM" Name="QSORRES where QSTESTCD = EQ5D0203" /></ItemDef><ItemDef OID="IT.QS_EQ5D02_02_2_EQ5D0204_4.EQ5D0204_QSORRES" Name="EQ5D0204_QSORRES" DataType="text" Length="200"><Prompt><TranslatedText Type="text/plain" xml:lang="en">PAIN / DISCOMFORT</TranslatedText></Prompt><CodeListRef CodeListOID="CL.QS_EQ5D02_02_EQ5D0204_4.EQ5D0204_QSORRES" /><Alias Context="SDTM" Name="QSORRES where QSTESTCD = EQ5D0204" /></ItemDef><ItemDef OID="IT.QS_EQ5D02_02_2_EQ5D0205_5.EQ5D0205_QSORRES" Name="EQ5D0205_QSORRES" DataType="text" Length="200"><Prompt><TranslatedText Type="text/plain" xml:lang="en">ANXIETY / DEPRESSION</TranslatedText></Prompt><CodeListRef CodeListOID="CL.QS_EQ5D02_02_EQ5D0205_5.EQ5D0205_QSORRES" /><Alias Context="SDTM" Name="QSORRES where QSTESTCD = EQ5D0205" /></ItemDef><ItemDef OID="IT.QS_EQ5D02_03_3_EQ5D0206_1.EQ5D0206_QSORRES" Name="EQ5D0206_QSORRES" DataType="integer" Length="3"><Prompt><TranslatedText Type="text/plain" xml:lang="en">YOUR HEALTH TODAY</TranslatedText></Prompt><Alias Context="SDTM" Name="QSORRES where QSTESTCD = EQ5D0206" /></ItemDef><ItemDef OID="IT.QS_EQ5D02_03_3_EQ5D0206_1.EQ5D0206_QSMETHOD" Name="EQ5D0206_QSMETHOD" DataType="text" Length="100"><Prompt><TranslatedText Type="text/plain" xml:lang="en">Visual Analog Scale</TranslatedText></Prompt><Alias Context="SDTM" Name="QSMETHOD = VISUAL ANALOG SCALE (1-100) when QSTESTCD = EQ5D0206" /></ItemDef><ItemDef OID="IT.QS_EQ5D02_03_3_EQ5D0206_1.EQ5D0206_QSANTXLO" Name="EQ5D0206_QSANTXLO" DataType="text" Length="100"><Prompt><TranslatedText Type="text/plain" xml:lang="en">The worst health you can imagine</TranslatedText></Prompt><Alias Context="SDTM" Name="QSANTXLO in SUPPQS" /></ItemDef><ItemDef OID="IT.QS_EQ5D02_03_3_EQ5D0206_1.EQ5D0206_QSANTXHI" Name="EQ5D0206_QSANTXHI" DataType="text" Length="100"><Prompt><TranslatedText Type="text/plain" xml:lang="en">The best health you can imagine</TranslatedText></Prompt><Alias Context="SDTM" Name="QSANTXHI in SUPPQS" /></ItemDef><ItemDef OID="IT.QS_EQ5D02_03_3_EQ5D0206_1.EQ5D0206_QSANVLLO" Name="EQ5D0206_QSANVLLO" DataType="integer" Length="3"><Prompt><TranslatedText Type="text/plain" xml:lang="en">Anchor Value Low</TranslatedText></Prompt><Alias Context="SDTM" Name="QSANVLLO in SUPPQS" /></ItemDef><ItemDef OID="IT.QS_EQ5D02_03_3_EQ5D0206_1.EQ5D0206_QSANVLHI" Name="EQ5D0206_QSANVLHI" DataType="integer" Length="3"><Prompt><TranslatedText Type="text/plain" xml:lang="en">Anchor Value High</TranslatedText></Prompt><Alias Context="SDTM" Name="QSANVLHI in SUPPQS" /></ItemDef><CodeList OID="CL.QS_EQ5D02_01_EQ5D02_1.EQ5D02_QSCAT.C100129" Name="QSCAT" DataType="text"><CodeListItem CodedValue="EQ-5D-5L"><Coding System="https://www.cdisc.org/standards/terminology" Code="C102117" SystemName="CDISC/NCI CT" /></CodeListItem><Coding System="https://www.cdisc.org/standards/terminology" Code="C100129" SystemName="CDISC/NCI CT" /></CodeList><CodeList OID="CL.QS_EQ5D02_01_EQ5D02_1.EQ5D02_QSPERF.C66742" Name="NY" DataType="text"><CodeListItem CodedValue="N"><Decode><TranslatedText Type="text/plain" xml:lang="en">No</TranslatedText></Decode></CodeListItem><CodeListItem CodedValue="Y"><Decode><TranslatedText Type="text/plain" xml:lang="en">Yes</TranslatedText></Decode></CodeListItem><Coding System="https://www.cdisc.org/standards/terminology" Code="C66742" SystemName="CDISC/NCI CT" /></CodeList><CodeList OID="CL.QS_EQ5D02_02_EQ5D0201_1.EQ5D0201_QSORRES" Name="EQ5D0201-QSORRES" DataType="text"><CodeListItem CodedValue="I have no problems walking"><Decode><TranslatedText Type="text/plain" xml:lang="en">I have no problems walking</TranslatedText></Decode></CodeListItem><CodeListItem CodedValue="I have slight problems walking"><Decode><TranslatedText Type="text/plain" xml:lang="en">I have slight problems walking</TranslatedText></Decode></CodeListItem><CodeListItem CodedValue="I have moderate problems walking"><Decode><TranslatedText Type="text/plain" xml:lang="en">I have moderate problems walking</TranslatedText></Decode></CodeListItem><CodeListItem CodedValue="I have severe problems walking"><Decode><TranslatedText Type="text/plain" xml:lang="en">I have severe problems walking</TranslatedText></Decode></CodeListItem><CodeListItem CodedValue="I am unable to walk"><Decode><TranslatedText Type="text/plain" xml:lang="en">I am unable to walk</TranslatedText></Decode></CodeListItem></CodeList><CodeList OID="CL.QS_EQ5D02_02_EQ5D0202_2.EQ5D0202_QSORRES" Name="EQ5D0202-QSORRES" DataType="text"><CodeListItem CodedValue="I have no problems washing or dressing myself"><Decode><TranslatedText Type="text/plain" xml:lang="en">I have no problems washing or dressing myself</TranslatedText></Decode></CodeListItem><CodeListItem CodedValue="I have slight problems washing or dressing myself"><Decode><TranslatedText Type="text/plain" xml:lang="en">I have slight problems washing or dressing myself</TranslatedText></Decode></CodeListItem><CodeListItem CodedValue="I have moderate problems washing or dressing myself"><Decode><TranslatedText Type="text/plain" xml:lang="en">I have moderate problems washing or dressing myself</TranslatedText></Decode></CodeListItem><CodeListItem CodedValue="I have severe problems washing or dressing myself"><Decode><TranslatedText Type="text/plain" xml:lang="en">I have severe problems washing or dressing myself</TranslatedText></Decode></CodeListItem><CodeListItem CodedValue="I am unable to wash or dress myself"><Decode><TranslatedText Type="text/plain" xml:lang="en">I am unable to wash or dress myself</TranslatedText></Decode></CodeListItem></CodeList><CodeList OID="CL.QS_EQ5D02_02_EQ5D0203_3.EQ5D0203_QSORRES" Name="EQ5D0203-QSORRES" DataType="text"><CodeListItem CodedValue="I have no problems doing my usual activities"><Decode><TranslatedText Type="text/plain" xml:lang="en">I have no problems doing my usual activities</TranslatedText></Decode></CodeListItem><CodeListItem CodedValue="I have slight problems doing my usual activities"><Decode><TranslatedText Type="text/plain" xml:lang="en">I have slight problems doing my usual activities</TranslatedText></Decode></CodeListItem><CodeListItem CodedValue="I have moderate problems doing my usual activities"><Decode><TranslatedText Type="text/plain" xml:lang="en">I have moderate problems doing my usual activities</TranslatedText></Decode></CodeListItem><CodeListItem CodedValue="I have severe problems doing my usual activities"><Decode><TranslatedText Type="text/plain" xml:lang="en">I have severe problems doing my usual activities</TranslatedText></Decode></CodeListItem><CodeListItem CodedValue="I am unable to do my usual activities"><Decode><TranslatedText Type="text/plain" xml:lang="en">I am unable to do my usual activities</TranslatedText></Decode></CodeListItem></CodeList><CodeList OID="CL.QS_EQ5D02_02_EQ5D0204_4.EQ5D0204_QSORRES" Name="EQ5D0204-QSORRES" DataType="text"><CodeListItem CodedValue="I have no pain or discomfort"><Decode><TranslatedText Type="text/plain" xml:lang="en">I have no pain or discomfort</TranslatedText></Decode></CodeListItem><CodeListItem CodedValue="I have slight pain or discomfort"><Decode><TranslatedText Type="text/plain" xml:lang="en">I have slight pain or discomfort</TranslatedText></Decode></CodeListItem><CodeListItem CodedValue="I have moderate pain or discomfort"><Decode><TranslatedText Type="text/plain" xml:lang="en">I have moderate pain or discomfort</TranslatedText></Decode></CodeListItem><CodeListItem CodedValue="I have severe pain or discomfort"><Decode><TranslatedText Type="text/plain" xml:lang="en">I have severe pain or discomfort</TranslatedText></Decode></CodeListItem><CodeListItem CodedValue="I have extreme pain or discomfort"><Decode><TranslatedText Type="text/plain" xml:lang="en">I have extreme pain or discomfort</TranslatedText></Decode></CodeListItem></CodeList><CodeList OID="CL.QS_EQ5D02_02_EQ5D0205_5.EQ5D0205_QSORRES" Name="EQ5D0205-QSORRES" DataType="text"><CodeListItem CodedValue="I am not anxious or depressed"><Decode><TranslatedText Type="text/plain" xml:lang="en">I am not anxious or depressed</TranslatedText></Decode></CodeListItem><CodeListItem CodedValue="I am slightly anxious or depressed"><Decode><TranslatedText Type="text/plain" xml:lang="en">I am slightly anxious or depressed</TranslatedText></Decode></CodeListItem><CodeListItem CodedValue="I am moderately anxious or depressed"><Decode><TranslatedText Type="text/plain" xml:lang="en">I am moderately anxious or depressed</TranslatedText></Decode></CodeListItem><CodeListItem CodedValue="I am severely anxious or depressed"><Decode><TranslatedText Type="text/plain" xml:lang="en">I am severely anxious or depressed</TranslatedText></Decode></CodeListItem><CodeListItem CodedValue="I am extremely anxious or depressed"><Decode><TranslatedText Type="text/plain" xml:lang="en">I am extremely anxious or depressed</TranslatedText></Decode></CodeListItem></CodeList></MetaDataVersion></Study></ODM>