{"FileOID": "ODM.CDASH.POC", "Granularity": "Metadata", "CreationDateTime": "2025-09-24T20:33:39.196721+00:00", "ODMVersion": "1.3.2", "FileType": "Snapshot", "Originator": "Lex Jansen", "SourceSystem": "odmlib", "SourceSystemVersion": "0.1", "Study": [{"OID": "ODM.CDASH.STUDY", "GlobalVariables": {"StudyName": {"_content": "Entry Procedures and Criteria for Enrollment"}, "StudyDescription": {"_content": "Entry Procedures and Criteria for Enrollment"}, "ProtocolName": {"_content": "Entry Procedures and Criteria for Enrollment"}}, "BasicDefinitions": {}, "MetaDataVersion": [{"OID": "ODM.CDASH.STUDY.MDV", "Name": "Entry Procedures and Criteria for Enrollment", "Description": "Entry Procedures and Criteria for Enrollment", "ItemGroupDef": [{"OID": "FORM.IE_LZZT", "Name": "Entry Procedures and Criteria for Enrollment", "Repeating": "No", "Description": {"TranslatedText": [{"_content": "Entry Procedures and Criteria for Enrollment", "lang": "en"}]}, "ItemGroupRef": [{"ItemGroupOID": "IG.ENTRY_PROCEDURES_1", "OrderNumber": 1, "Mandatory": "Yes"}], "Alias": [{"Context": "formAnnotation", "Name": "DOMAIN = IE"}]}, {"OID": "IG.ENTRY_PROCEDURES_1", "Name": "ENTRY PROCEDURES AND CRITERIA FOR ENROLLMENT", "Repeating": "No", "ItemRef": [{"ItemOID": "IT.ENTRY_PROCEDURES_1_INCLEXCLYN_1.IEYN", "OrderNumber": 1, "Mandatory": "Yes"}, {"ItemOID": "IT.ENTRY_PROCEDURES_1_INCLEXCLYN_1.IEDAT", "OrderNumber": 2, "Mandatory": "No"}, {"ItemOID": "IT.ENTRY_PROCEDURES_1_INCL01_SHORT_360_2.IECAT", "OrderNumber": 3, "Mandatory": "Yes"}, {"ItemOID": "IT.ENTRY_PROCEDURES_1_INCL01_SHORT_360_2.IEORRES", "OrderNumber": 4, "Mandatory": "Yes"}, {"ItemOID": "IT.ENTRY_PROCEDURES_1_EXCL01_SHORT_360_3.IECAT", "OrderNumber": 5, "Mandatory": "Yes"}, {"ItemOID": "IT.ENTRY_PROCEDURES_1_EXCL01_SHORT_360_3.IEORRES", "OrderNumber": 6, "Mandatory": "Yes"}], "Alias": []}], "ItemDef": [{"OID": "IT.ENTRY_PROCEDURES_1_INCLEXCLYN_1.IEYN", "Name": "IEYN", "DataType": "text", "Length": 1, "Description": {"TranslatedText": [{"_content": "IEYN", "lang": "en"}]}, "Question": {"TranslatedText": [{"_content": "Were all eligibility criteria met?", "lang": "en"}]}, "CodeListRef": {"CodeListOID": "CL.ENTRY_PROCEDURES_INCLEXCLYN_1.IEYN.C66742"}, "Alias": [{"Context": "SDTM", "Name": "[NOT SUBMITTED]"}, {"Context": "CDASH", "Name": "IEYN"}]}, {"OID": "IT.ENTRY_PROCEDURES_1_INCLEXCLYN_1.IEDAT", "Name": "IEDAT", "DataType": "date", "Length": 10, "Description": {"TranslatedText": [{"_content": "IEDAT", "lang": "en"}]}, "Question": {"TranslatedText": [{"_content": "What was the date the eligibility criteria assessment was performed?", "lang": "en"}]}, "Alias": [{"Context": "SDTM", "Name": "IEDTC"}, {"Context": "CDASH", "Name": "IEDAT"}]}, {"OID": "IT.ENTRY_PROCEDURES_1_INCL01_SHORT_360_2.IECAT", "Name": "IECAT", "DataType": "text", "Length": 15, "Description": {"TranslatedText": [{"_content": "IECAT", "lang": "en"}]}, "Question": {"TranslatedText": [{"_content": "What was the category of the criterion?", "lang": "en"}]}, "CodeListRef": {"CodeListOID": "CL.ENTRY_PROCEDURES_INCL01_SHORT_360_2.IECAT.C66797"}, "Alias": [{"Context": "SDTM", "Name": "IECAT = INCLUSION"}, {"Context": "CDASH", "Name": "IECAT"}]}, {"OID": "IT.ENTRY_PROCEDURES_1_INCL01_SHORT_360_2.IEORRES", "Name": "IEORRES", "DataType": "text", "Length": 20, "Description": {"TranslatedText": [{"_content": "IEORRES", "lang": "en"}]}, "Question": {"TranslatedText": [{"_content": "What was the identifier of the inclusion criterion the subject did not meet ?", "lang": "en"}]}, "CodeListRef": {"CodeListOID": "CL.ENTRY_PROCEDURES_INCL01_SHORT_360_2.IEORRES"}, "Alias": [{"Context": "SDTM", "Name": "IETESTCD when IECAT = INCLUSION"}, {"Context": "CDASH", "Name": "IEORRES"}]}, {"OID": "IT.ENTRY_PROCEDURES_1_EXCL01_SHORT_360_3.IECAT", "Name": "IECAT", "DataType": "text", "Length": 15, "Description": {"TranslatedText": [{"_content": "IECAT", "lang": "en"}]}, "Question": {"TranslatedText": [{"_content": "What was the category of the criterion?", "lang": "en"}]}, "CodeListRef": {"CodeListOID": "CL.ENTRY_PROCEDURES_EXCL01_SHORT_360_3.IECAT.C66797"}, "Alias": [{"Context": "SDTM", "Name": "IECAT = EXCLUSION"}, {"Context": "CDASH", "Name": "IECAT"}]}, {"OID": "IT.ENTRY_PROCEDURES_1_EXCL01_SHORT_360_3.IEORRES", "Name": "IEORRES", "DataType": "text", "Length": 20, "Description": {"TranslatedText": [{"_content": "IEORRES", "lang": "en"}]}, "Question": {"TranslatedText": [{"_content": "What was the identifier of the exclusion criterion the subject met?", "lang": "en"}]}, "CodeListRef": {"CodeListOID": "CL.ENTRY_PROCEDURES_EXCL01_SHORT_360_3.IEORRES"}, "Alias": [{"Context": "SDTM", "Name": "IETESTCD when IECAT = EXCLUSION"}, {"Context": "CDASH", "Name": "IEORRES"}]}], "CodeList": [{"OID": "CL.ENTRY_PROCEDURES_INCLEXCLYN_1.IEYN.C66742", "Name": "NY", "DataType": "text", "CodeListItem": [{"CodedValue": "N", "Decode": {"TranslatedText": [{"_content": "No", "lang": "en"}]}}, {"CodedValue": "Y", "Decode": {"TranslatedText": [{"_content": "Yes", "lang": "en"}]}}]}, {"OID": "CL.ENTRY_PROCEDURES_INCL01_SHORT_360_2.IECAT.C66797", "Name": "IECAT", "DataType": "text", "EnumeratedItem": [{"CodedValue": "INCLUSION"}]}, {"OID": "CL.ENTRY_PROCEDURES_INCL01_SHORT_360_2.IEORRES", "Name": "INCL01-IEORRES", "DataType": "text", "CodeListItem": [{"CodedValue": "INCL01", "Decode": {"TranslatedText": [{"_content": "INCL01", "lang": "en"}]}}, {"CodedValue": "INCL02", "Decode": {"TranslatedText": [{"_content": "INCL02", "lang": "en"}]}}, {"CodedValue": "INCL03", "Decode": {"TranslatedText": [{"_content": "INCL03", "lang": "en"}]}}, {"CodedValue": "INCL04", "Decode": {"TranslatedText": [{"_content": "INCL04", "lang": "en"}]}}, {"CodedValue": "INCL05", "Decode": {"TranslatedText": [{"_content": "INCL05", "lang": "en"}]}}, {"CodedValue": "INCL06", "Decode": {"TranslatedText": [{"_content": "INCL06", "lang": "en"}]}}, {"CodedValue": "INCL07", "Decode": {"TranslatedText": [{"_content": "INCL07", "lang": "en"}]}}, {"CodedValue": "INCL08", "Decode": {"TranslatedText": [{"_content": "INCL08", "lang": "en"}]}}]}, {"OID": "CL.ENTRY_PROCEDURES_EXCL01_SHORT_360_3.IECAT.C66797", "Name": "IECAT", "DataType": "text", "EnumeratedItem": [{"CodedValue": "EXCLUSION"}]}, {"OID": "CL.ENTRY_PROCEDURES_EXCL01_SHORT_360_3.IEORRES", "Name": "EXCL01-IEORRES", "DataType": "text", "CodeListItem": [{"CodedValue": "EXCL01", "Decode": {"TranslatedText": [{"_content": "EXCL01", "lang": "en"}]}}, {"CodedValue": "EXCL02", "Decode": {"TranslatedText": [{"_content": "EXCL02", "lang": "en"}]}}, {"CodedValue": "EXCL03", "Decode": {"TranslatedText": [{"_content": "EXCL03", "lang": "en"}]}}, {"CodedValue": "EXCL04", "Decode": {"TranslatedText": [{"_content": "EXCL04", "lang": "en"}]}}, {"CodedValue": "EXCL05", "Decode": {"TranslatedText": [{"_content": "EXCL05", "lang": "en"}]}}, {"CodedValue": "EXCL06", "Decode": {"TranslatedText": [{"_content": "EXCL06", "lang": "en"}]}}, {"CodedValue": "EXCL07", "Decode": {"TranslatedText": [{"_content": "EXCL07", "lang": "en"}]}}, {"CodedValue": "EXCL08", "Decode": {"TranslatedText": [{"_content": "EXCL08", "lang": "en"}]}}, {"CodedValue": "EXCL09", "Decode": {"TranslatedText": [{"_content": "EXCL09", "lang": "en"}]}}, {"CodedValue": "EXCL10", "Decode": {"TranslatedText": [{"_content": "EXCL10", "lang": "en"}]}}, {"CodedValue": "EXCL11", "Decode": {"TranslatedText": [{"_content": "EXCL11", "lang": "en"}]}}, {"CodedValue": "EXCL12", "Decode": {"TranslatedText": [{"_content": "EXCL12", "lang": "en"}]}}, {"CodedValue": "EXCL13", "Decode": {"TranslatedText": [{"_content": "EXCL13", "lang": "en"}]}}, {"CodedValue": "EXCL14", "Decode": {"TranslatedText": [{"_content": "EXCL14", "lang": "en"}]}}, {"CodedValue": "EXCL15", "Decode": {"TranslatedText": [{"_content": "EXCL15", "lang": "en"}]}}, {"CodedValue": "EXCL16", "Decode": {"TranslatedText": [{"_content": "EXCL16", "lang": "en"}]}}, {"CodedValue": "EXCL17", "Decode": {"TranslatedText": [{"_content": "EXCL17", "lang": "en"}]}}, {"CodedValue": "EXCL18", "Decode": {"TranslatedText": [{"_content": "EXCL18", "lang": "en"}]}}, {"CodedValue": "EXCL19", "Decode": {"TranslatedText": [{"_content": "EXCL19", "lang": "en"}]}}, {"CodedValue": "EXCL20", "Decode": {"TranslatedText": [{"_content": "EXCL20", "lang": "en"}]}}, {"CodedValue": "EXCL21", "Decode": {"TranslatedText": [{"_content": "EXCL21", "lang": "en"}]}}, {"CodedValue": "EXCL22", "Decode": {"TranslatedText": [{"_content": "EXCL22", "lang": "en"}]}}, {"CodedValue": "EXCL23", "Decode": {"TranslatedText": [{"_content": "EXCL23", "lang": "en"}]}}, {"CodedValue": "EXCL24", "Decode": {"TranslatedText": [{"_content": "EXCL24", "lang": "en"}]}}, {"CodedValue": "EXCL25", "Decode": {"TranslatedText": [{"_content": "EXCL25", "lang": "en"}]}}]}]}]}]}