<?xml version='1.0' encoding='utf-8'?>
<ODM FileOID="ODM.CDASH.POC" Granularity="Metadata" CreationDateTime="2025-09-24T20:32:33.168395+00:00" ODMVersion="2.0" FileType="Snapshot" Originator="Lex Jansen" SourceSystem="odmlib" SourceSystemVersion="0.1" xmlns="http://www.cdisc.org/ns/odm/v2.0" xmlns:xs="http://www.w3.org/2001/XMLSchema-instance" xmlns:xml="http://www.w3.org/XML/1998/namespace" xmlns:xlink="http://www.w3.org/1999/xlink"><Study OID="ODM.CDASH.STUDY" StudyName="Entry Procedures and Criteria for Enrollment" ProtocolName="Entry Procedures and Criteria for Enrollment"><Description><TranslatedText Type="text/plain" xml:lang="en">Entry Procedures and Criteria for Enrollment</TranslatedText></Description><MetaDataVersion OID="ODM.CDASH.STUDY.MDV" Name="Entry Procedures and Criteria for Enrollment"><Description><TranslatedText Type="text/plain" xml:lang="en">Entry Procedures and Criteria for Enrollment</TranslatedText></Description><ItemGroupDef OID="IG_FORM.IE_LZZT" Name="Entry Procedures and Criteria for Enrollment" Repeating="No" Type="Form"><Description><TranslatedText Type="text/plain" xml:lang="en">Entry Procedures and Criteria for Enrollment</TranslatedText></Description><ItemGroupRef ItemGroupOID="IG.ENTRY_PROCEDURES_1" OrderNumber="1" Mandatory="Yes" /><Alias Context="formAnnotation" Name="DOMAIN = IE" /></ItemGroupDef><ItemGroupDef OID="IG.ENTRY_PROCEDURES_1" Name="ENTRY PROCEDURES AND CRITERIA FOR ENROLLMENT" Repeating="No" Type="Section"><Description><TranslatedText Type="text/plain" xml:lang="en">ENTRY PROCEDURES AND CRITERIA FOR ENROLLMENT</TranslatedText></Description><ItemGroupRef ItemGroupOID="IG.ENTRY_PROCEDURES_1_INCLEXCLYN_1" OrderNumber="1" Mandatory="Yes" /><ItemGroupRef ItemGroupOID="IG.ENTRY_PROCEDURES_1_INCL01_SHORT_360_2" OrderNumber="2" Mandatory="Yes" /><ItemGroupRef ItemGroupOID="IG.ENTRY_PROCEDURES_1_EXCL01_SHORT_360_3" OrderNumber="3" Mandatory="Yes" /></ItemGroupDef><ItemGroupDef OID="IG.ENTRY_PROCEDURES_1_INCLEXCLYN_1" Name="Inclusion Exclusion Criteria Yes No" Repeating="No" Type="Concept"><Description><TranslatedText Type="text/plain" xml:lang="en">Inclusion Exclusion Criteria Yes No</TranslatedText></Description><ItemRef ItemOID="IT.ENTRY_PROCEDURES_1_INCLEXCLYN_1.IEYN" OrderNumber="1" Mandatory="Yes" /><ItemRef ItemOID="IT.ENTRY_PROCEDURES_1_INCLEXCLYN_1.IEDAT" OrderNumber="2" Mandatory="No" /><Coding System="/mdr/bc/biomedicalconcepts/C83063" Code="C83063" SystemName="CDISC Biomedical Concept" /></ItemGroupDef><ItemGroupDef OID="IG.ENTRY_PROCEDURES_1_INCL01_SHORT_360_2" Name="Inclusion Criteria 01" Repeating="No" Type="Concept"><Description><TranslatedText Type="text/plain" xml:lang="en">Inclusion Criteria 01</TranslatedText></Description><ItemRef ItemOID="IT.ENTRY_PROCEDURES_1_INCL01_SHORT_360_2.IECAT" OrderNumber="2" Mandatory="Yes" PreSpecifiedValue="INCLUSION" /><ItemRef ItemOID="IT.ENTRY_PROCEDURES_1_INCL01_SHORT_360_2.IEORRES" OrderNumber="3" Mandatory="Yes" /><Coding System="/mdr/bc/biomedicalconcepts/C25532" Code="C25532" SystemName="CDISC Biomedical Concept" /><Coding System="/mdr/specializations/sdtm/datasetspecializations/INCL01" Code="INCL01" SystemName="CDISC SDTM Dataset Specialization" /></ItemGroupDef><ItemGroupDef OID="IG.ENTRY_PROCEDURES_1_EXCL01_SHORT_360_3" Name="Exclusion Criteria 01" Repeating="No" Type="Concept"><Description><TranslatedText Type="text/plain" xml:lang="en">Exclusion Criteria 01</TranslatedText></Description><ItemRef ItemOID="IT.ENTRY_PROCEDURES_1_EXCL01_SHORT_360_3.IECAT" OrderNumber="2" Mandatory="Yes" PreSpecifiedValue="EXCLUSION" /><ItemRef ItemOID="IT.ENTRY_PROCEDURES_1_EXCL01_SHORT_360_3.IEORRES" OrderNumber="3" Mandatory="Yes" /><Coding System="/mdr/bc/biomedicalconcepts/C25370" Code="C25370" SystemName="CDISC Biomedical Concept" /><Coding System="/mdr/specializations/sdtm/datasetspecializations/EXCL01" Code="EXCL01" SystemName="CDISC SDTM Dataset Specialization" /></ItemGroupDef><ItemDef OID="IT.ENTRY_PROCEDURES_1_INCLEXCLYN_1.IEYN" Name="IEYN" DataType="text" Length="1"><Question><TranslatedText Type="text/plain" xml:lang="en">Were all eligibility criteria met?</TranslatedText></Question><CodeListRef CodeListOID="CL.ENTRY_PROCEDURES_INCLEXCLYN_1.IEYN.C66742" /><Alias Context="SDTM" Name="[NOT SUBMITTED]" /><Alias Context="CDASH" Name="IEYN" /></ItemDef><ItemDef OID="IT.ENTRY_PROCEDURES_1_INCLEXCLYN_1.IEDAT" Name="IEDAT" DataType="date" Length="10"><Question><TranslatedText Type="text/plain" xml:lang="en">What was the date the eligibility criteria assessment was performed?</TranslatedText></Question><Alias Context="SDTM" Name="IEDTC" /><Alias Context="CDASH" Name="IEDAT" /></ItemDef><ItemDef OID="IT.ENTRY_PROCEDURES_1_INCL01_SHORT_360_2.IECAT" Name="IECAT" DataType="text" Length="15"><Question><TranslatedText Type="text/plain" xml:lang="en">What was the category of the criterion?</TranslatedText></Question><CodeListRef CodeListOID="CL.ENTRY_PROCEDURES_INCL01_SHORT_360_2.IECAT.C66797" /><Alias Context="SDTM" Name="IECAT = INCLUSION" /><Alias Context="CDASH" Name="IECAT" /></ItemDef><ItemDef OID="IT.ENTRY_PROCEDURES_1_INCL01_SHORT_360_2.IEORRES" Name="IEORRES" DataType="text" Length="20"><Question><TranslatedText Type="text/plain" xml:lang="en">What was the identifier of the inclusion criterion the subject did not meet ?</TranslatedText></Question><CodeListRef CodeListOID="CL.ENTRY_PROCEDURES_INCL01_SHORT_360_2.IEORRES" /><Alias Context="SDTM" Name="IETESTCD when IECAT = INCLUSION" /><Alias Context="CDASH" Name="IEORRES" /></ItemDef><ItemDef OID="IT.ENTRY_PROCEDURES_1_EXCL01_SHORT_360_3.IECAT" Name="IECAT" DataType="text" Length="15"><Question><TranslatedText Type="text/plain" xml:lang="en">What was the category of the criterion?</TranslatedText></Question><CodeListRef CodeListOID="CL.ENTRY_PROCEDURES_EXCL01_SHORT_360_3.IECAT.C66797" /><Alias Context="SDTM" Name="IECAT = EXCLUSION" /><Alias Context="CDASH" Name="IECAT" /></ItemDef><ItemDef OID="IT.ENTRY_PROCEDURES_1_EXCL01_SHORT_360_3.IEORRES" Name="IEORRES" DataType="text" Length="20"><Question><TranslatedText Type="text/plain" xml:lang="en">What was the identifier of the exclusion criterion the subject met?</TranslatedText></Question><CodeListRef CodeListOID="CL.ENTRY_PROCEDURES_EXCL01_SHORT_360_3.IEORRES" /><Alias Context="SDTM" Name="IETESTCD when IECAT = EXCLUSION" /><Alias Context="CDASH" Name="IEORRES" /></ItemDef><CodeList OID="CL.ENTRY_PROCEDURES_INCLEXCLYN_1.IEYN.C66742" Name="NY" DataType="text"><CodeListItem CodedValue="N"><Decode><TranslatedText Type="text/plain" xml:lang="en">No</TranslatedText></Decode></CodeListItem><CodeListItem CodedValue="Y"><Decode><TranslatedText Type="text/plain" xml:lang="en">Yes</TranslatedText></Decode></CodeListItem><Coding System="https://www.cdisc.org/standards/terminology" Code="C66742" SystemName="CDISC/NCI CT" /></CodeList><CodeList OID="CL.ENTRY_PROCEDURES_INCL01_SHORT_360_2.IECAT.C66797" Name="IECAT" DataType="text"><CodeListItem CodedValue="INCLUSION"><Coding System="https://www.cdisc.org/standards/terminology" Code="C25532" SystemName="CDISC/NCI CT" /></CodeListItem><Coding System="https://www.cdisc.org/standards/terminology" Code="C66797" SystemName="CDISC/NCI CT" /></CodeList><CodeList OID="CL.ENTRY_PROCEDURES_INCL01_SHORT_360_2.IEORRES" Name="INCL01-IEORRES" DataType="text"><CodeListItem CodedValue="INCL01"><Decode><TranslatedText Type="text/plain" xml:lang="en">INCL01</TranslatedText></Decode></CodeListItem><CodeListItem CodedValue="INCL02"><Decode><TranslatedText Type="text/plain" xml:lang="en">INCL02</TranslatedText></Decode></CodeListItem><CodeListItem CodedValue="INCL03"><Decode><TranslatedText Type="text/plain" xml:lang="en">INCL03</TranslatedText></Decode></CodeListItem><CodeListItem CodedValue="INCL04"><Decode><TranslatedText Type="text/plain" xml:lang="en">INCL04</TranslatedText></Decode></CodeListItem><CodeListItem CodedValue="INCL05"><Decode><TranslatedText Type="text/plain" xml:lang="en">INCL05</TranslatedText></Decode></CodeListItem><CodeListItem CodedValue="INCL06"><Decode><TranslatedText Type="text/plain" xml:lang="en">INCL06</TranslatedText></Decode></CodeListItem><CodeListItem CodedValue="INCL07"><Decode><TranslatedText Type="text/plain" xml:lang="en">INCL07</TranslatedText></Decode></CodeListItem><CodeListItem CodedValue="INCL08"><Decode><TranslatedText Type="text/plain" xml:lang="en">INCL08</TranslatedText></Decode></CodeListItem></CodeList><CodeList OID="CL.ENTRY_PROCEDURES_EXCL01_SHORT_360_3.IECAT.C66797" Name="IECAT" DataType="text"><CodeListItem CodedValue="EXCLUSION"><Coding System="https://www.cdisc.org/standards/terminology" Code="C25370" SystemName="CDISC/NCI CT" /></CodeListItem><Coding System="https://www.cdisc.org/standards/terminology" Code="C66797" SystemName="CDISC/NCI CT" /></CodeList><CodeList OID="CL.ENTRY_PROCEDURES_EXCL01_SHORT_360_3.IEORRES" Name="EXCL01-IEORRES" DataType="text"><CodeListItem CodedValue="EXCL01"><Decode><TranslatedText Type="text/plain" xml:lang="en">EXCL01</TranslatedText></Decode></CodeListItem><CodeListItem CodedValue="EXCL02"><Decode><TranslatedText Type="text/plain" xml:lang="en">EXCL02</TranslatedText></Decode></CodeListItem><CodeListItem CodedValue="EXCL03"><Decode><TranslatedText Type="text/plain" xml:lang="en">EXCL03</TranslatedText></Decode></CodeListItem><CodeListItem CodedValue="EXCL04"><Decode><TranslatedText Type="text/plain" xml:lang="en">EXCL04</TranslatedText></Decode></CodeListItem><CodeListItem CodedValue="EXCL05"><Decode><TranslatedText Type="text/plain" xml:lang="en">EXCL05</TranslatedText></Decode></CodeListItem><CodeListItem CodedValue="EXCL06"><Decode><TranslatedText Type="text/plain" xml:lang="en">EXCL06</TranslatedText></Decode></CodeListItem><CodeListItem CodedValue="EXCL07"><Decode><TranslatedText Type="text/plain" xml:lang="en">EXCL07</TranslatedText></Decode></CodeListItem><CodeListItem CodedValue="EXCL08"><Decode><TranslatedText Type="text/plain" xml:lang="en">EXCL08</TranslatedText></Decode></CodeListItem><CodeListItem CodedValue="EXCL09"><Decode><TranslatedText Type="text/plain" xml:lang="en">EXCL09</TranslatedText></Decode></CodeListItem><CodeListItem CodedValue="EXCL10"><Decode><TranslatedText Type="text/plain" xml:lang="en">EXCL10</TranslatedText></Decode></CodeListItem><CodeListItem CodedValue="EXCL11"><Decode><TranslatedText Type="text/plain" xml:lang="en">EXCL11</TranslatedText></Decode></CodeListItem><CodeListItem CodedValue="EXCL12"><Decode><TranslatedText Type="text/plain" xml:lang="en">EXCL12</TranslatedText></Decode></CodeListItem><CodeListItem CodedValue="EXCL13"><Decode><TranslatedText Type="text/plain" xml:lang="en">EXCL13</TranslatedText></Decode></CodeListItem><CodeListItem CodedValue="EXCL14"><Decode><TranslatedText Type="text/plain" xml:lang="en">EXCL14</TranslatedText></Decode></CodeListItem><CodeListItem CodedValue="EXCL15"><Decode><TranslatedText Type="text/plain" xml:lang="en">EXCL15</TranslatedText></Decode></CodeListItem><CodeListItem CodedValue="EXCL16"><Decode><TranslatedText Type="text/plain" xml:lang="en">EXCL16</TranslatedText></Decode></CodeListItem><CodeListItem CodedValue="EXCL17"><Decode><TranslatedText Type="text/plain" xml:lang="en">EXCL17</TranslatedText></Decode></CodeListItem><CodeListItem CodedValue="EXCL18"><Decode><TranslatedText Type="text/plain" xml:lang="en">EXCL18</TranslatedText></Decode></CodeListItem><CodeListItem CodedValue="EXCL19"><Decode><TranslatedText Type="text/plain" xml:lang="en">EXCL19</TranslatedText></Decode></CodeListItem><CodeListItem CodedValue="EXCL20"><Decode><TranslatedText Type="text/plain" xml:lang="en">EXCL20</TranslatedText></Decode></CodeListItem><CodeListItem CodedValue="EXCL21"><Decode><TranslatedText Type="text/plain" xml:lang="en">EXCL21</TranslatedText></Decode></CodeListItem><CodeListItem CodedValue="EXCL22"><Decode><TranslatedText Type="text/plain" xml:lang="en">EXCL22</TranslatedText></Decode></CodeListItem><CodeListItem CodedValue="EXCL23"><Decode><TranslatedText Type="text/plain" xml:lang="en">EXCL23</TranslatedText></Decode></CodeListItem><CodeListItem CodedValue="EXCL24"><Decode><TranslatedText Type="text/plain" xml:lang="en">EXCL24</TranslatedText></Decode></CodeListItem><CodeListItem CodedValue="EXCL25"><Decode><TranslatedText Type="text/plain" xml:lang="en">EXCL25</TranslatedText></Decode></CodeListItem></CodeList></MetaDataVersion></Study></ODM>