<?xml version='1.0' encoding='utf-8'?>
<ODM FileOID="ODM.CDASH.POC" Granularity="Metadata" CreationDateTime="2025-09-24T20:33:39.196721+00:00" ODMVersion="1.3.2" FileType="Snapshot" Originator="Lex Jansen" SourceSystem="odmlib" SourceSystemVersion="0.1" xmlns="http://www.cdisc.org/ns/odm/v1.3" xmlns:xs="http://www.w3.org/2001/XMLSchema-instance" xmlns:xml="http://www.w3.org/XML/1998/namespace" xmlns:xlink="http://www.w3.org/1999/xlink"><Study OID="ODM.CDASH.STUDY"><GlobalVariables><StudyName>Entry Procedures and Criteria for Enrollment</StudyName><StudyDescription>Entry Procedures and Criteria for Enrollment</StudyDescription><ProtocolName>Entry Procedures and Criteria for Enrollment</ProtocolName></GlobalVariables><BasicDefinitions /><MetaDataVersion OID="ODM.CDASH.STUDY.MDV" Name="Entry Procedures and Criteria for Enrollment" Description="Entry Procedures and Criteria for Enrollment"><FormDef OID="FORM.IE_LZZT" Name="Entry Procedures and Criteria for Enrollment" Repeating="No"><Description><TranslatedText xml:lang="en">Entry Procedures and Criteria for Enrollment</TranslatedText></Description><ItemGroupRef ItemGroupOID="IG.ENTRY_PROCEDURES_1" OrderNumber="1" Mandatory="Yes" /><Alias Context="formAnnotation" Name="DOMAIN = IE" /></FormDef><ItemGroupDef OID="IG.ENTRY_PROCEDURES_1" Name="ENTRY PROCEDURES AND CRITERIA FOR ENROLLMENT" Repeating="No"><ItemRef ItemOID="IT.ENTRY_PROCEDURES_1_INCLEXCLYN_1.IEYN" OrderNumber="1" Mandatory="Yes" /><ItemRef ItemOID="IT.ENTRY_PROCEDURES_1_INCLEXCLYN_1.IEDAT" OrderNumber="2" Mandatory="No" /><ItemRef ItemOID="IT.ENTRY_PROCEDURES_1_INCL01_SHORT_360_2.IECAT" OrderNumber="3" Mandatory="Yes" /><ItemRef ItemOID="IT.ENTRY_PROCEDURES_1_INCL01_SHORT_360_2.IEORRES" OrderNumber="4" Mandatory="Yes" /><ItemRef ItemOID="IT.ENTRY_PROCEDURES_1_EXCL01_SHORT_360_3.IECAT" OrderNumber="5" Mandatory="Yes" /><ItemRef ItemOID="IT.ENTRY_PROCEDURES_1_EXCL01_SHORT_360_3.IEORRES" OrderNumber="6" Mandatory="Yes" /></ItemGroupDef><ItemDef OID="IT.ENTRY_PROCEDURES_1_INCLEXCLYN_1.IEYN" Name="IEYN" DataType="text" Length="1"><Description><TranslatedText xml:lang="en">IEYN</TranslatedText></Description><Question><TranslatedText xml:lang="en">Were all eligibility criteria met?</TranslatedText></Question><CodeListRef CodeListOID="CL.ENTRY_PROCEDURES_INCLEXCLYN_1.IEYN.C66742" /><Alias Context="SDTM" Name="[NOT SUBMITTED]" /><Alias Context="CDASH" Name="IEYN" /></ItemDef><ItemDef OID="IT.ENTRY_PROCEDURES_1_INCLEXCLYN_1.IEDAT" Name="IEDAT" DataType="date" Length="10"><Description><TranslatedText xml:lang="en">IEDAT</TranslatedText></Description><Question><TranslatedText xml:lang="en">What was the date the eligibility criteria assessment was performed?</TranslatedText></Question><Alias Context="SDTM" Name="IEDTC" /><Alias Context="CDASH" Name="IEDAT" /></ItemDef><ItemDef OID="IT.ENTRY_PROCEDURES_1_INCL01_SHORT_360_2.IECAT" Name="IECAT" DataType="text" Length="15"><Description><TranslatedText xml:lang="en">IECAT</TranslatedText></Description><Question><TranslatedText xml:lang="en">What was the category of the criterion?</TranslatedText></Question><CodeListRef CodeListOID="CL.ENTRY_PROCEDURES_INCL01_SHORT_360_2.IECAT.C66797" /><Alias Context="SDTM" Name="IECAT = INCLUSION" /><Alias Context="CDASH" Name="IECAT" /></ItemDef><ItemDef OID="IT.ENTRY_PROCEDURES_1_INCL01_SHORT_360_2.IEORRES" Name="IEORRES" DataType="text" Length="20"><Description><TranslatedText xml:lang="en">IEORRES</TranslatedText></Description><Question><TranslatedText xml:lang="en">What was the identifier of the inclusion criterion the subject did not meet ?</TranslatedText></Question><CodeListRef CodeListOID="CL.ENTRY_PROCEDURES_INCL01_SHORT_360_2.IEORRES" /><Alias Context="SDTM" Name="IETESTCD when IECAT = INCLUSION" /><Alias Context="CDASH" Name="IEORRES" /></ItemDef><ItemDef OID="IT.ENTRY_PROCEDURES_1_EXCL01_SHORT_360_3.IECAT" Name="IECAT" DataType="text" Length="15"><Description><TranslatedText xml:lang="en">IECAT</TranslatedText></Description><Question><TranslatedText xml:lang="en">What was the category of the criterion?</TranslatedText></Question><CodeListRef CodeListOID="CL.ENTRY_PROCEDURES_EXCL01_SHORT_360_3.IECAT.C66797" /><Alias Context="SDTM" Name="IECAT = EXCLUSION" /><Alias Context="CDASH" Name="IECAT" /></ItemDef><ItemDef OID="IT.ENTRY_PROCEDURES_1_EXCL01_SHORT_360_3.IEORRES" Name="IEORRES" DataType="text" Length="20"><Description><TranslatedText xml:lang="en">IEORRES</TranslatedText></Description><Question><TranslatedText xml:lang="en">What was the identifier of the exclusion criterion the subject met?</TranslatedText></Question><CodeListRef CodeListOID="CL.ENTRY_PROCEDURES_EXCL01_SHORT_360_3.IEORRES" /><Alias Context="SDTM" Name="IETESTCD when IECAT = EXCLUSION" /><Alias Context="CDASH" Name="IEORRES" /></ItemDef><CodeList OID="CL.ENTRY_PROCEDURES_INCLEXCLYN_1.IEYN.C66742" Name="NY" DataType="text"><CodeListItem CodedValue="N"><Decode><TranslatedText xml:lang="en">No</TranslatedText></Decode></CodeListItem><CodeListItem CodedValue="Y"><Decode><TranslatedText xml:lang="en">Yes</TranslatedText></Decode></CodeListItem></CodeList><CodeList OID="CL.ENTRY_PROCEDURES_INCL01_SHORT_360_2.IECAT.C66797" Name="IECAT" DataType="text"><EnumeratedItem CodedValue="INCLUSION" /></CodeList><CodeList OID="CL.ENTRY_PROCEDURES_INCL01_SHORT_360_2.IEORRES" Name="INCL01-IEORRES" DataType="text"><CodeListItem CodedValue="INCL01"><Decode><TranslatedText xml:lang="en">INCL01</TranslatedText></Decode></CodeListItem><CodeListItem CodedValue="INCL02"><Decode><TranslatedText xml:lang="en">INCL02</TranslatedText></Decode></CodeListItem><CodeListItem CodedValue="INCL03"><Decode><TranslatedText xml:lang="en">INCL03</TranslatedText></Decode></CodeListItem><CodeListItem CodedValue="INCL04"><Decode><TranslatedText xml:lang="en">INCL04</TranslatedText></Decode></CodeListItem><CodeListItem CodedValue="INCL05"><Decode><TranslatedText xml:lang="en">INCL05</TranslatedText></Decode></CodeListItem><CodeListItem CodedValue="INCL06"><Decode><TranslatedText xml:lang="en">INCL06</TranslatedText></Decode></CodeListItem><CodeListItem CodedValue="INCL07"><Decode><TranslatedText xml:lang="en">INCL07</TranslatedText></Decode></CodeListItem><CodeListItem CodedValue="INCL08"><Decode><TranslatedText xml:lang="en">INCL08</TranslatedText></Decode></CodeListItem></CodeList><CodeList OID="CL.ENTRY_PROCEDURES_EXCL01_SHORT_360_3.IECAT.C66797" Name="IECAT" DataType="text"><EnumeratedItem CodedValue="EXCLUSION" /></CodeList><CodeList OID="CL.ENTRY_PROCEDURES_EXCL01_SHORT_360_3.IEORRES" Name="EXCL01-IEORRES" DataType="text"><CodeListItem CodedValue="EXCL01"><Decode><TranslatedText xml:lang="en">EXCL01</TranslatedText></Decode></CodeListItem><CodeListItem CodedValue="EXCL02"><Decode><TranslatedText xml:lang="en">EXCL02</TranslatedText></Decode></CodeListItem><CodeListItem CodedValue="EXCL03"><Decode><TranslatedText xml:lang="en">EXCL03</TranslatedText></Decode></CodeListItem><CodeListItem CodedValue="EXCL04"><Decode><TranslatedText xml:lang="en">EXCL04</TranslatedText></Decode></CodeListItem><CodeListItem CodedValue="EXCL05"><Decode><TranslatedText xml:lang="en">EXCL05</TranslatedText></Decode></CodeListItem><CodeListItem CodedValue="EXCL06"><Decode><TranslatedText xml:lang="en">EXCL06</TranslatedText></Decode></CodeListItem><CodeListItem CodedValue="EXCL07"><Decode><TranslatedText xml:lang="en">EXCL07</TranslatedText></Decode></CodeListItem><CodeListItem CodedValue="EXCL08"><Decode><TranslatedText xml:lang="en">EXCL08</TranslatedText></Decode></CodeListItem><CodeListItem CodedValue="EXCL09"><Decode><TranslatedText xml:lang="en">EXCL09</TranslatedText></Decode></CodeListItem><CodeListItem CodedValue="EXCL10"><Decode><TranslatedText xml:lang="en">EXCL10</TranslatedText></Decode></CodeListItem><CodeListItem CodedValue="EXCL11"><Decode><TranslatedText xml:lang="en">EXCL11</TranslatedText></Decode></CodeListItem><CodeListItem CodedValue="EXCL12"><Decode><TranslatedText xml:lang="en">EXCL12</TranslatedText></Decode></CodeListItem><CodeListItem CodedValue="EXCL13"><Decode><TranslatedText xml:lang="en">EXCL13</TranslatedText></Decode></CodeListItem><CodeListItem CodedValue="EXCL14"><Decode><TranslatedText xml:lang="en">EXCL14</TranslatedText></Decode></CodeListItem><CodeListItem CodedValue="EXCL15"><Decode><TranslatedText xml:lang="en">EXCL15</TranslatedText></Decode></CodeListItem><CodeListItem CodedValue="EXCL16"><Decode><TranslatedText xml:lang="en">EXCL16</TranslatedText></Decode></CodeListItem><CodeListItem CodedValue="EXCL17"><Decode><TranslatedText xml:lang="en">EXCL17</TranslatedText></Decode></CodeListItem><CodeListItem CodedValue="EXCL18"><Decode><TranslatedText xml:lang="en">EXCL18</TranslatedText></Decode></CodeListItem><CodeListItem CodedValue="EXCL19"><Decode><TranslatedText xml:lang="en">EXCL19</TranslatedText></Decode></CodeListItem><CodeListItem CodedValue="EXCL20"><Decode><TranslatedText xml:lang="en">EXCL20</TranslatedText></Decode></CodeListItem><CodeListItem CodedValue="EXCL21"><Decode><TranslatedText xml:lang="en">EXCL21</TranslatedText></Decode></CodeListItem><CodeListItem CodedValue="EXCL22"><Decode><TranslatedText xml:lang="en">EXCL22</TranslatedText></Decode></CodeListItem><CodeListItem CodedValue="EXCL23"><Decode><TranslatedText xml:lang="en">EXCL23</TranslatedText></Decode></CodeListItem><CodeListItem CodedValue="EXCL24"><Decode><TranslatedText xml:lang="en">EXCL24</TranslatedText></Decode></CodeListItem><CodeListItem CodedValue="EXCL25"><Decode><TranslatedText xml:lang="en">EXCL25</TranslatedText></Decode></CodeListItem></CodeList></MetaDataVersion></Study></ODM>