{"FileOID": "ODM.CDASH.POC", "Granularity": "Metadata", "CreationDateTime": "2025-11-26T20:27:00.901749+00:00", "ODMVersion": "2.0", "FileType": "Snapshot", "Originator": "Lex Jansen", "SourceSystem": "odmlib", "SourceSystemVersion": "0.1", "Study": [{"OID": "ODM.CDASH.STUDY", "StudyName": "Entry Procedures and Criteria for Enrollment", "Description": {"TranslatedText": [{"_content": "Entry Procedures and Criteria for Enrollment", "Type": "text/plain", "lang": "en"}]}, "ProtocolName": "Entry Procedures and Criteria for Enrollment", "MetaDataVersion": [{"OID": "ODM.CDASH.STUDY.MDV", "Name": "Entry Procedures and Criteria for Enrollment", "Description": {"TranslatedText": [{"_content": "Entry Procedures and Criteria for Enrollment", "Type": "text/plain", "lang": "en"}]}, "ItemGroupDef": [{"OID": "IG_FORM.IE_LZZT", "Name": "Entry Procedures and Criteria for Enrollment", "Repeating": "No", "Type": "Form", "Description": {"TranslatedText": [{"_content": "Entry Procedures and Criteria for Enrollment", "Type": "text/plain", "lang": "en"}]}, "ItemGroupRef": [{"ItemGroupOID": "IG.ENTRY_PROCEDURES_1", "OrderNumber": 1, "Mandatory": "Yes"}], "Alias": [{"Context": "formAnnotation", "Name": "DOMAIN = IE"}]}, {"OID": "IG.ENTRY_PROCEDURES_1", "Name": "ENTRY PROCEDURES AND CRITERIA FOR ENROLLMENT", "Repeating": "No", "Type": "Section", "Description": {"TranslatedText": [{"_content": "ENTRY PROCEDURES AND CRITERIA FOR ENROLLMENT", "Type": "text/plain", "lang": "en"}]}, "ItemGroupRef": [{"ItemGroupOID": "IG.ENTRY_PROCEDURES_1_INCLEXCLYN_1", "OrderNumber": 1, "Mandatory": "Yes"}, {"ItemGroupOID": "IG.ENTRY_PROCEDURES_1_INCL01_SHORT_360_2", "OrderNumber": 2, "Mandatory": "Yes"}, {"ItemGroupOID": "IG.ENTRY_PROCEDURES_1_EXCL01_SHORT_360_3", "OrderNumber": 3, "Mandatory": "Yes"}], "Alias": []}, {"OID": "IG.ENTRY_PROCEDURES_1_INCLEXCLYN_1", "Name": "Inclusion Exclusion Criteria Yes No", "Repeating": "No", "Type": "Concept", "Description": {"TranslatedText": [{"_content": "Inclusion Exclusion Criteria Yes No", "Type": "text/plain", "lang": "en"}]}, "ItemRef": [{"ItemOID": "IT.ENTRY_PROCEDURES_1_INCLEXCLYN_1.IEYN", "OrderNumber": 1, "Mandatory": "Yes"}, {"ItemOID": "IT.ENTRY_PROCEDURES_1_INCLEXCLYN_1.IEDAT", "OrderNumber": 2, "Mandatory": "No"}], "Coding": [{"System": "/mdr/bc/biomedicalconcepts/C83063", "Code": "C83063", "SystemName": "CDISC Biomedical Concept"}]}, {"OID": "IG.ENTRY_PROCEDURES_1_INCL01_SHORT_360_2", "Name": "Inclusion Criteria 01", "Repeating": "No", "Type": "Concept", "Description": {"TranslatedText": [{"_content": "Inclusion Criteria 01", "Type": "text/plain", "lang": "en"}]}, "ItemRef": [{"ItemOID": "IT.ENTRY_PROCEDURES_1_INCL01_SHORT_360_2.IECAT", "OrderNumber": 2, "Mandatory": "Yes", "PreSpecifiedValue": "INCLUSION"}, {"ItemOID": "IT.ENTRY_PROCEDURES_1_INCL01_SHORT_360_2.IEORRES", "OrderNumber": 3, "Mandatory": "Yes"}], "Coding": [{"System": "/mdr/bc/biomedicalconcepts/C25532", "Code": "C25532", "SystemName": "CDISC Biomedical Concept"}, {"System": "/mdr/specializations/sdtm/datasetspecializations/INCL01", "Code": "INCL01", "SystemName": "CDISC SDTM Dataset Specialization"}]}, {"OID": "IG.ENTRY_PROCEDURES_1_EXCL01_SHORT_360_3", "Name": "Exclusion Criteria 01", "Repeating": "No", "Type": "Concept", "Description": {"TranslatedText": [{"_content": "Exclusion Criteria 01", "Type": "text/plain", "lang": "en"}]}, "ItemRef": [{"ItemOID": "IT.ENTRY_PROCEDURES_1_EXCL01_SHORT_360_3.IECAT", "OrderNumber": 2, "Mandatory": "Yes", "PreSpecifiedValue": "EXCLUSION"}, {"ItemOID": "IT.ENTRY_PROCEDURES_1_EXCL01_SHORT_360_3.IEORRES", "OrderNumber": 3, "Mandatory": "Yes"}], "Coding": [{"System": "/mdr/bc/biomedicalconcepts/C25370", "Code": "C25370", "SystemName": "CDISC Biomedical Concept"}, {"System": "/mdr/specializations/sdtm/datasetspecializations/EXCL01", "Code": "EXCL01", "SystemName": "CDISC SDTM Dataset Specialization"}]}], "ItemDef": [{"OID": "IT.ENTRY_PROCEDURES_1_INCLEXCLYN_1.IEYN", "Name": "IEYN", "DataType": "text", "Length": 1, "Question": {"TranslatedText": [{"_content": "Were all eligibility criteria met?", "Type": "text/plain", "lang": "en"}]}, "CodeListRef": {"CodeListOID": "CL.ENTRY_PROCEDURES_INCLEXCLYN_1.IEYN.C66742"}, "Alias": [{"Context": "SDTM", "Name": "[NOT SUBMITTED]"}, {"Context": "CDASH", "Name": "IEYN"}]}, {"OID": "IT.ENTRY_PROCEDURES_1_INCLEXCLYN_1.IEDAT", "Name": "IEDAT", "DataType": "date", "Length": 10, "Question": {"TranslatedText": [{"_content": "What was the date the eligibility criteria assessment was performed?", "Type": "text/plain", "lang": "en"}]}, "Alias": [{"Context": "SDTM", "Name": "IEDTC"}, {"Context": "CDASH", "Name": "IEDAT"}]}, {"OID": "IT.ENTRY_PROCEDURES_1_INCL01_SHORT_360_2.IECAT", "Name": "IECAT", "DataType": "text", "Length": 15, "Question": {"TranslatedText": [{"_content": "What was the category of the criterion?", "Type": "text/plain", "lang": "en"}]}, "CodeListRef": {"CodeListOID": "CL.ENTRY_PROCEDURES_INCL01_SHORT_360_2.IECAT.C66797"}, "Alias": [{"Context": "SDTM", "Name": "IECAT = INCLUSION"}, {"Context": "CDASH", "Name": "IECAT"}]}, {"OID": "IT.ENTRY_PROCEDURES_1_INCL01_SHORT_360_2.IEORRES", "Name": "IEORRES", "DataType": "text", "Length": 20, "Question": {"TranslatedText": [{"_content": "What was the identifier of the inclusion criterion the subject did not meet ?", "Type": "text/plain", "lang": "en"}]}, "CodeListRef": {"CodeListOID": "CL.ENTRY_PROCEDURES_INCL01_SHORT_360_2.IEORRES"}, "Alias": [{"Context": "SDTM", "Name": "IETESTCD when IECAT = INCLUSION"}, {"Context": "CDASH", "Name": "IEORRES"}]}, {"OID": "IT.ENTRY_PROCEDURES_1_EXCL01_SHORT_360_3.IECAT", "Name": "IECAT", "DataType": "text", "Length": 15, "Question": {"TranslatedText": [{"_content": "What was the category of the criterion?", "Type": "text/plain", "lang": "en"}]}, "CodeListRef": {"CodeListOID": "CL.ENTRY_PROCEDURES_EXCL01_SHORT_360_3.IECAT.C66797"}, "Alias": [{"Context": "SDTM", "Name": "IECAT = EXCLUSION"}, {"Context": "CDASH", "Name": "IECAT"}]}, {"OID": "IT.ENTRY_PROCEDURES_1_EXCL01_SHORT_360_3.IEORRES", "Name": "IEORRES", "DataType": "text", "Length": 20, "Question": {"TranslatedText": [{"_content": "What was the identifier of the exclusion criterion the subject met?", "Type": "text/plain", "lang": "en"}]}, "CodeListRef": {"CodeListOID": "CL.ENTRY_PROCEDURES_EXCL01_SHORT_360_3.IEORRES"}, "Alias": [{"Context": "SDTM", "Name": "IETESTCD when IECAT = EXCLUSION"}, {"Context": "CDASH", "Name": "IEORRES"}]}], "CodeList": [{"OID": "CL.ENTRY_PROCEDURES_INCLEXCLYN_1.IEYN.C66742", "Name": "NY", "DataType": "text", "CodeListItem": [{"CodedValue": "N", "Decode": {"TranslatedText": [{"_content": "No", "Type": "text/plain", "lang": "en"}]}}, {"CodedValue": "Y", "Decode": {"TranslatedText": [{"_content": "Yes", "Type": "text/plain", "lang": "en"}]}}], "Coding": [{"System": "https://www.cdisc.org/standards/terminology", "Code": "C66742", "SystemName": "CDISC/NCI CT"}]}, {"OID": "CL.ENTRY_PROCEDURES_INCL01_SHORT_360_2.IECAT.C66797", "Name": "IECAT", "DataType": "text", "CodeListItem": [{"CodedValue": "INCLUSION", "Coding": [{"System": "https://www.cdisc.org/standards/terminology", "Code": "C25532", "SystemName": "CDISC/NCI CT"}]}], "Coding": [{"System": "https://www.cdisc.org/standards/terminology", "Code": "C66797", "SystemName": "CDISC/NCI CT"}]}, {"OID": "CL.ENTRY_PROCEDURES_INCL01_SHORT_360_2.IEORRES", "Name": "INCL01-IEORRES", "DataType": "text", "CodeListItem": [{"CodedValue": "INCL01", "Decode": {"TranslatedText": [{"_content": "INCL01", "Type": "text/plain", "lang": "en"}]}}, {"CodedValue": "INCL02", "Decode": {"TranslatedText": [{"_content": "INCL02", "Type": "text/plain", "lang": "en"}]}}, {"CodedValue": "INCL03", "Decode": {"TranslatedText": [{"_content": "INCL03", "Type": "text/plain", "lang": "en"}]}}, {"CodedValue": "INCL04", "Decode": {"TranslatedText": [{"_content": "INCL04", "Type": "text/plain", "lang": "en"}]}}, {"CodedValue": "INCL05", "Decode": {"TranslatedText": [{"_content": "INCL05", "Type": "text/plain", "lang": "en"}]}}, {"CodedValue": "INCL06", "Decode": {"TranslatedText": [{"_content": "INCL06", "Type": "text/plain", "lang": "en"}]}}, {"CodedValue": "INCL07", "Decode": {"TranslatedText": [{"_content": "INCL07", "Type": "text/plain", "lang": "en"}]}}, {"CodedValue": "INCL08", "Decode": {"TranslatedText": [{"_content": "INCL08", "Type": "text/plain", "lang": "en"}]}}]}, {"OID": "CL.ENTRY_PROCEDURES_EXCL01_SHORT_360_3.IECAT.C66797", "Name": "IECAT", "DataType": "text", "CodeListItem": [{"CodedValue": "EXCLUSION", "Coding": [{"System": "https://www.cdisc.org/standards/terminology", "Code": "C25370", "SystemName": "CDISC/NCI CT"}]}], "Coding": [{"System": "https://www.cdisc.org/standards/terminology", "Code": "C66797", "SystemName": "CDISC/NCI CT"}]}, {"OID": "CL.ENTRY_PROCEDURES_EXCL01_SHORT_360_3.IEORRES", "Name": "EXCL01-IEORRES", "DataType": "text", "CodeListItem": [{"CodedValue": "EXCL01", "Decode": {"TranslatedText": [{"_content": "EXCL01", "Type": "text/plain", "lang": "en"}]}}, {"CodedValue": "EXCL02", "Decode": {"TranslatedText": [{"_content": "EXCL02", "Type": "text/plain", "lang": "en"}]}}, {"CodedValue": "EXCL03", "Decode": {"TranslatedText": [{"_content": "EXCL03", "Type": "text/plain", "lang": "en"}]}}, {"CodedValue": "EXCL04", "Decode": {"TranslatedText": [{"_content": "EXCL04", "Type": "text/plain", "lang": "en"}]}}, {"CodedValue": "EXCL05", "Decode": {"TranslatedText": [{"_content": "EXCL05", "Type": "text/plain", "lang": "en"}]}}, {"CodedValue": "EXCL06", "Decode": {"TranslatedText": [{"_content": "EXCL06", "Type": "text/plain", "lang": "en"}]}}, {"CodedValue": "EXCL07", "Decode": {"TranslatedText": [{"_content": "EXCL07", "Type": "text/plain", "lang": "en"}]}}, {"CodedValue": "EXCL08", "Decode": {"TranslatedText": [{"_content": "EXCL08", "Type": "text/plain", "lang": "en"}]}}, {"CodedValue": "EXCL09", "Decode": {"TranslatedText": [{"_content": "EXCL09", "Type": "text/plain", "lang": "en"}]}}, {"CodedValue": "EXCL10", "Decode": {"TranslatedText": [{"_content": "EXCL10", "Type": "text/plain", "lang": "en"}]}}, {"CodedValue": "EXCL11", "Decode": {"TranslatedText": [{"_content": "EXCL11", "Type": "text/plain", "lang": "en"}]}}, {"CodedValue": "EXCL12", "Decode": {"TranslatedText": [{"_content": "EXCL12", "Type": "text/plain", "lang": "en"}]}}, {"CodedValue": "EXCL13", "Decode": {"TranslatedText": [{"_content": "EXCL13", "Type": "text/plain", "lang": "en"}]}}, {"CodedValue": "EXCL14", "Decode": {"TranslatedText": [{"_content": "EXCL14", "Type": "text/plain", "lang": "en"}]}}, {"CodedValue": "EXCL15", "Decode": {"TranslatedText": [{"_content": "EXCL15", "Type": "text/plain", "lang": "en"}]}}, {"CodedValue": "EXCL16", "Decode": {"TranslatedText": [{"_content": "EXCL16", "Type": "text/plain", "lang": "en"}]}}, {"CodedValue": "EXCL17", "Decode": {"TranslatedText": [{"_content": "EXCL17", "Type": "text/plain", "lang": "en"}]}}, {"CodedValue": "EXCL18", "Decode": {"TranslatedText": [{"_content": "EXCL18", "Type": "text/plain", "lang": "en"}]}}, {"CodedValue": "EXCL19", "Decode": {"TranslatedText": [{"_content": "EXCL19", "Type": "text/plain", "lang": "en"}]}}, {"CodedValue": "EXCL20", "Decode": {"TranslatedText": [{"_content": "EXCL20", "Type": "text/plain", "lang": "en"}]}}, {"CodedValue": "EXCL21", "Decode": {"TranslatedText": [{"_content": "EXCL21", "Type": "text/plain", "lang": "en"}]}}, {"CodedValue": "EXCL22", "Decode": {"TranslatedText": [{"_content": "EXCL22", "Type": "text/plain", "lang": "en"}]}}, {"CodedValue": "EXCL23", "Decode": {"TranslatedText": [{"_content": "EXCL23", "Type": "text/plain", "lang": "en"}]}}, {"CodedValue": "EXCL24", "Decode": {"TranslatedText": [{"_content": "EXCL24", "Type": "text/plain", "lang": "en"}]}}, {"CodedValue": "EXCL25", "Decode": {"TranslatedText": [{"_content": "EXCL25", "Type": "text/plain", "lang": "en"}]}}]}]}]}]}