{"FileOID": "ODM.CDASH.POC", "Granularity": "Metadata", "CreationDateTime": "2025-11-13T21:47:46.288638+00:00", "ODMVersion": "1.3.2", "FileType": "Snapshot", "Originator": "Lex Jansen", "SourceSystem": "odmlib", "SourceSystemVersion": "0.1", "Study": [{"OID": "ODM.CDASH.STUDY", "GlobalVariables": {"StudyName": {"_content": "ECG"}, "StudyDescription": {"_content": "ECG"}, "ProtocolName": {"_content": "ECG"}}, "BasicDefinitions": {"MeasurementUnit": [{"OID": "mu.beats/min", "Name": "beats/min", "Symbol": {"TranslatedText": [{"_content": "beats/min"}]}}]}, "MetaDataVersion": [{"OID": "ODM.CDASH.STUDY.MDV", "Name": "ECG", "Description": "ECG", "ItemGroupDef": [{"OID": "FORM.ECG1", "Name": "ECG", "Repeating": "No", "Description": {"TranslatedText": [{"_content": "ECG", "lang": "en"}]}, "ItemGroupRef": [{"ItemGroupOID": "IG.ECG_01_1", "OrderNumber": 1, "Mandatory": "Yes"}, {"ItemGroupOID": "IG.ECG_02_2", "OrderNumber": 2, "Mandatory": "Yes"}], "Alias": [{"Context": "formAnnotation", "Name": "DOMAIN = EG"}]}, {"OID": "IG.ECG_01_1", "Name": "ECG Performed", "Repeating": "No", "ItemRef": [{"ItemOID": "IT.ECG_01_1_EGPERF_1.EGPERF", "OrderNumber": 1, "Mandatory": "Yes"}, {"ItemOID": "IT.ECG_01_1_EGPERF_1.EGDAT", "OrderNumber": 2, "Mandatory": "No"}], "Alias": []}, {"OID": "IG.ECG_02_2", "Name": "ECG", "Repeating": "Yes", "ItemRef": [{"ItemOID": "IT.ECG_02_2_EGHRMN_DENORMALIZED_1.EGDAT", "OrderNumber": 1, "Mandatory": "No"}, {"ItemOID": "IT.ECG_02_2_EGHRMN_DENORMALIZED_1.EGMETHOD", "OrderNumber": 2, "Mandatory": "Yes"}, {"ItemOID": "IT.ECG_02_2_EGHRMN_DENORMALIZED_1.EGPOS", "OrderNumber": 3, "Mandatory": "No"}, {"ItemOID": "IT.ECG_02_2_EGHRMN_DENORMALIZED_1.EGHRMN_EGORRES", "OrderNumber": 4, "Mandatory": "Yes"}, {"ItemOID": "IT.ECG_02_2_EGHRMN_DENORMALIZED_1.EGHRMN_EGORRESU", "OrderNumber": 5, "Mandatory": "Yes"}, {"ItemOID": "IT.ECG_02_2_QRSAG_DENORMALIZED_2.EGDAT", "OrderNumber": 6, "Mandatory": "No"}, {"ItemOID": "IT.ECG_02_2_QRSAG_DENORMALIZED_2.EGMETHOD", "OrderNumber": 7, "Mandatory": "Yes"}, {"ItemOID": "IT.ECG_02_2_QRSAG_DENORMALIZED_2.EGPOS", "OrderNumber": 8, "Mandatory": "No"}, {"ItemOID": "IT.ECG_02_2_QRSAG_DENORMALIZED_2.QRSAG_EGORRES", "OrderNumber": 9, "Mandatory": "Yes"}, {"ItemOID": "IT.ECG_02_2_QRSAG_DENORMALIZED_2.QRSAG_EGORRESU", "OrderNumber": 10, "Mandatory": "Yes"}, {"ItemOID": "IT.ECG_02_2_PRAG_DENORMALIZED_3.EGDAT", "OrderNumber": 11, "Mandatory": "No"}, {"ItemOID": "IT.ECG_02_2_PRAG_DENORMALIZED_3.EGMETHOD", "OrderNumber": 12, "Mandatory": "Yes"}, {"ItemOID": "IT.ECG_02_2_PRAG_DENORMALIZED_3.EGPOS", "OrderNumber": 13, "Mandatory": "No"}, {"ItemOID": "IT.ECG_02_2_PRAG_DENORMALIZED_3.PRAG_EGORRES", "OrderNumber": 14, "Mandatory": "Yes"}, {"ItemOID": "IT.ECG_02_2_PRAG_DENORMALIZED_3.PRAG_EGORRESU", "OrderNumber": 15, "Mandatory": "Yes"}, {"ItemOID": "IT.ECG_02_2_QTAG_DENORMALIZED_4.EGDAT", "OrderNumber": 16, "Mandatory": "No"}, {"ItemOID": "IT.ECG_02_2_QTAG_DENORMALIZED_4.EGMETHOD", "OrderNumber": 17, "Mandatory": "Yes"}, {"ItemOID": "IT.ECG_02_2_QTAG_DENORMALIZED_4.EGPOS", "OrderNumber": 18, "Mandatory": "No"}, {"ItemOID": "IT.ECG_02_2_QTAG_DENORMALIZED_4.QTAG_EGORRES", "OrderNumber": 19, "Mandatory": "Yes"}, {"ItemOID": "IT.ECG_02_2_QTAG_DENORMALIZED_4.QTAG_EGORRESU", "OrderNumber": 20, "Mandatory": "Yes"}, {"ItemOID": "IT.ECG_02_2_QTCUNSAG_DENORMALIZED_5.EGDAT", "OrderNumber": 21, "Mandatory": "No"}, {"ItemOID": "IT.ECG_02_2_QTCUNSAG_DENORMALIZED_5.EGMETHOD", "OrderNumber": 22, "Mandatory": "Yes"}, {"ItemOID": "IT.ECG_02_2_QTCUNSAG_DENORMALIZED_5.EGPOS", "OrderNumber": 23, "Mandatory": "No"}, {"ItemOID": "IT.ECG_02_2_QTCUNSAG_DENORMALIZED_5.QTCUNSAG_EGORRES", "OrderNumber": 24, "Mandatory": "Yes"}, {"ItemOID": "IT.ECG_02_2_QTCUNSAG_DENORMALIZED_5.QTCUNSAG_EGORRESU", "OrderNumber": 25, "Mandatory": "Yes"}, {"ItemOID": "IT.ECG_02_2_EGINTP_DENORMALIZED_6.EGDAT", "OrderNumber": 26, "Mandatory": "No"}, {"ItemOID": "IT.ECG_02_2_EGINTP_DENORMALIZED_6.EGINTP_EGORRES", "OrderNumber": 27, "Mandatory": "Yes"}, {"ItemOID": "IT.ECG_02_2_EGINTP_DENORMALIZED_6.EGCLSIG", "OrderNumber": 28, "Mandatory": "No"}, {"ItemOID": "IT.ECG_02_2_EGINTP_DENORMALIZED_6.EGINTP_EGEVAL", "OrderNumber": 29, "Mandatory": "No"}], "Alias": []}], "ItemDef": [{"OID": "IT.ECG_01_1_EGPERF_1.EGPERF", "Name": "EGPERF", "DataType": "text", "Length": 1, "Description": {"TranslatedText": [{"_content": "EGPERF", "lang": "en"}]}, "Question": {"TranslatedText": [{"_content": "Was an ECG performed?", "lang": "en"}]}, "CodeListRef": {"CodeListOID": "CL.ECG_01_EGPERF_1.EGPERF.C66742"}, "Alias": [{"Context": "SDTM", "Name": "[NOT SUBMITTED]; EGSTAT = NOT DONE when EGTESTCD = EGALL"}, {"Context": "CDASH", "Name": "EGPERF"}]}, {"OID": "IT.ECG_01_1_EGPERF_1.EGDAT", "Name": "EGDAT", "DataType": "date", "Length": 10, "Description": {"TranslatedText": [{"_content": "EGDAT", "lang": "en"}]}, "Alias": [{"Context": "prompt", "Name": "Date of Assessment"}, {"Context": "SDTM", "Name": "EGDTC"}, {"Context": "CDASH", "Name": "EGDAT"}]}, {"OID": "IT.ECG_02_2_EGHRMN_DENORMALIZED_1.EGDAT", "Name": "EGDAT", "DataType": "date", "Length": 10, "Description": {"TranslatedText": [{"_content": "EGDAT", "lang": "en"}]}, "Alias": [{"Context": "prompt", "Name": "Date of Assessment"}, {"Context": "SDTM", "Name": "EGDTC"}, {"Context": "CDASH", "Name": "EGDAT"}]}, {"OID": "IT.ECG_02_2_EGHRMN_DENORMALIZED_1.EGMETHOD", "Name": "EGMETHOD", "DataType": "text", "Length": 50, "Description": {"TranslatedText": [{"_content": "EGMETHOD", "lang": "en"}]}, "CodeListRef": {"CodeListOID": "CL.ECG_02_EGHRMN_DENORMALIZED_1.EGMETHOD.C71151"}, "Alias": [{"Context": "prompt", "Name": "Method"}, {"Context": "SDTM", "Name": "EGMETHOD = 12 LEAD STANDARD"}, {"Context": "CDASH", "Name": "EGMETHOD"}]}, {"OID": "IT.ECG_02_2_EGHRMN_DENORMALIZED_1.EGPOS", "Name": "EGPOS", "DataType": "text", "Length": 50, "Description": {"TranslatedText": [{"_content": "EGPOS", "lang": "en"}]}, "CodeListRef": {"CodeListOID": "CL.ECG_02_EGHRMN_DENORMALIZED_1.EGPOS.C71148"}, "Alias": [{"Context": "prompt", "Name": "Position"}, {"Context": "SDTM", "Name": "EGPOS"}, {"Context": "CDASH", "Name": "EGPOS"}]}, {"OID": "IT.ECG_02_2_EGHRMN_DENORMALIZED_1.EGHRMN_EGORRES", "Name": "EGHRMN_EGORRES", "DataType": "integer", "Length": 3, "Description": {"TranslatedText": [{"_content": "EGORRES", "lang": "en"}]}, "MeasurementUnitRef": [{"MeasurementUnitOID": "mu.beats/min"}], "Alias": [{"Context": "prompt", "Name": "ECG Mean Heart Rate Result"}, {"Context": "SDTM", "Name": "EGORRES when EGTESTCD = EGHRMN"}, {"Context": "CDASH", "Name": "EGHRMN_EGORRES"}]}, {"OID": "IT.ECG_02_2_EGHRMN_DENORMALIZED_1.EGHRMN_EGORRESU", "Name": "EGHRMN_EGORRESU", "DataType": "text", "Length": 50, "Description": {"TranslatedText": [{"_content": "EGORRESU", "lang": "en"}]}, "CodeListRef": {"CodeListOID": "CL.ECG_02_EGHRMN_DENORMALIZED_1.EGHRMN_EGORRESU.C71620"}, "Alias": [{"Context": "prompt", "Name": "Unit"}, {"Context": "SDTM", "Name": "EGORRESU = beats/min when EGTESTCD = EGHRMN"}, {"Context": "CDASH", "Name": "EGHRMN_EGORRESU"}]}, {"OID": "IT.ECG_02_2_QRSAG_DENORMALIZED_2.EGDAT", "Name": "EGDAT", "DataType": "date", "Length": 10, "Description": {"TranslatedText": [{"_content": "EGDAT", "lang": "en"}]}, "Alias": [{"Context": "prompt", "Name": "Date of Assessment"}, {"Context": "SDTM", "Name": "EGDTC"}, {"Context": "CDASH", "Name": "EGDAT"}]}, {"OID": "IT.ECG_02_2_QRSAG_DENORMALIZED_2.EGMETHOD", "Name": "EGMETHOD", "DataType": "text", "Length": 50, "Description": {"TranslatedText": [{"_content": "EGMETHOD", "lang": "en"}]}, "CodeListRef": {"CodeListOID": "CL.ECG_02_QRSAG_DENORMALIZED_2.EGMETHOD.C71151"}, "Alias": [{"Context": "prompt", "Name": "Method"}, {"Context": "SDTM", "Name": "EGMETHOD = 12 LEAD STANDARD"}, {"Context": "CDASH", "Name": "EGMETHOD"}]}, {"OID": "IT.ECG_02_2_QRSAG_DENORMALIZED_2.EGPOS", "Name": "EGPOS", "DataType": "text", "Length": 50, "Description": {"TranslatedText": [{"_content": "EGPOS", "lang": "en"}]}, "CodeListRef": {"CodeListOID": "CL.ECG_02_QRSAG_DENORMALIZED_2.EGPOS.C71148"}, "Alias": [{"Context": "prompt", "Name": "Position"}, {"Context": "SDTM", "Name": "EGPOS"}, {"Context": "CDASH", "Name": "EGPOS"}]}, {"OID": "IT.ECG_02_2_QRSAG_DENORMALIZED_2.QRSAG_EGORRES", "Name": "QRSAG_EGORRES", "DataType": "integer", "Length": 3, "Description": {"TranslatedText": [{"_content": "EGORRES", "lang": "en"}]}, "Alias": [{"Context": "prompt", "Name": "QRS Duration, Aggregate Result"}, {"Context": "SDTM", "Name": "EGORRES when EGTESTCD = QRSAG"}, {"Context": "CDASH", "Name": "QRSAG_EGORRES"}]}, {"OID": "IT.ECG_02_2_QRSAG_DENORMALIZED_2.QRSAG_EGORRESU", "Name": "QRSAG_EGORRESU", "DataType": "text", "Length": 50, "Description": {"TranslatedText": [{"_content": "EGORRESU", "lang": "en"}]}, "CodeListRef": {"CodeListOID": "CL.ECG_02_QRSAG_DENORMALIZED_2.QRSAG_EGORRESU.C71620"}, "Alias": [{"Context": "prompt", "Name": "Unit"}, {"Context": "SDTM", "Name": "EGORRESU when EGTESTCD = QRSAG"}, {"Context": "CDASH", "Name": "QRSAG_EGORRESU"}]}, {"OID": "IT.ECG_02_2_PRAG_DENORMALIZED_3.EGDAT", "Name": "EGDAT", "DataType": "date", "Length": 10, "Description": {"TranslatedText": [{"_content": "EGDAT", "lang": "en"}]}, "Alias": [{"Context": "prompt", "Name": "Date of Assessment"}, {"Context": "SDTM", "Name": "EGDTC"}, {"Context": "CDASH", "Name": "EGDAT"}]}, {"OID": "IT.ECG_02_2_PRAG_DENORMALIZED_3.EGMETHOD", "Name": "EGMETHOD", "DataType": "text", "Length": 50, "Description": {"TranslatedText": [{"_content": "EGMETHOD", "lang": "en"}]}, "CodeListRef": {"CodeListOID": "CL.ECG_02_PRAG_DENORMALIZED_3.EGMETHOD.C71151"}, "Alias": [{"Context": "prompt", "Name": "Method"}, {"Context": "SDTM", "Name": "EGMETHOD = 12 LEAD STANDARD"}, {"Context": "CDASH", "Name": "EGMETHOD"}]}, {"OID": "IT.ECG_02_2_PRAG_DENORMALIZED_3.EGPOS", "Name": "EGPOS", "DataType": "text", "Length": 50, "Description": {"TranslatedText": [{"_content": "EGPOS", "lang": "en"}]}, "CodeListRef": {"CodeListOID": "CL.ECG_02_PRAG_DENORMALIZED_3.EGPOS.C71148"}, "Alias": [{"Context": "prompt", "Name": "Position"}, {"Context": "SDTM", "Name": "EGPOS"}, {"Context": "CDASH", "Name": "EGPOS"}]}, {"OID": "IT.ECG_02_2_PRAG_DENORMALIZED_3.PRAG_EGORRES", "Name": "PRAG_EGORRES", "DataType": "integer", "Length": 3, "Description": {"TranslatedText": [{"_content": "EGORRES", "lang": "en"}]}, "Alias": [{"Context": "prompt", "Name": "PR Interval, Single Beat Result"}, {"Context": "SDTM", "Name": "EGORRES when EGTESTCD = PRAG"}, {"Context": "CDASH", "Name": "PRAG_EGORRES"}]}, {"OID": "IT.ECG_02_2_PRAG_DENORMALIZED_3.PRAG_EGORRESU", "Name": "PRAG_EGORRESU", "DataType": "text", "Length": 50, "Description": {"TranslatedText": [{"_content": "EGORRESU", "lang": "en"}]}, "CodeListRef": {"CodeListOID": "CL.ECG_02_PRAG_DENORMALIZED_3.PRAG_EGORRESU.C71620"}, "Alias": [{"Context": "prompt", "Name": "Unit"}, {"Context": "SDTM", "Name": "EGORRESU when EGTESTCD = PRAG"}, {"Context": "CDASH", "Name": "PRAG_EGORRESU"}]}, {"OID": "IT.ECG_02_2_QTAG_DENORMALIZED_4.EGDAT", "Name": "EGDAT", "DataType": "date", "Length": 10, "Description": {"TranslatedText": [{"_content": "EGDAT", "lang": "en"}]}, "Alias": [{"Context": "prompt", "Name": "Date of Assessment"}, {"Context": "SDTM", "Name": "EGDTC"}, {"Context": "CDASH", "Name": "EGDAT"}]}, {"OID": "IT.ECG_02_2_QTAG_DENORMALIZED_4.EGMETHOD", "Name": "EGMETHOD", "DataType": "text", "Length": 50, "Description": {"TranslatedText": [{"_content": "EGMETHOD", "lang": "en"}]}, "CodeListRef": {"CodeListOID": "CL.ECG_02_QTAG_DENORMALIZED_4.EGMETHOD.C71151"}, "Alias": [{"Context": "prompt", "Name": "Method"}, {"Context": "SDTM", "Name": "EGMETHOD = 12 LEAD STANDARD"}, {"Context": "CDASH", "Name": "EGMETHOD"}]}, {"OID": "IT.ECG_02_2_QTAG_DENORMALIZED_4.EGPOS", "Name": "EGPOS", "DataType": "text", "Length": 50, "Description": {"TranslatedText": [{"_content": "EGPOS", "lang": "en"}]}, "CodeListRef": {"CodeListOID": "CL.ECG_02_QTAG_DENORMALIZED_4.EGPOS.C71148"}, "Alias": [{"Context": "prompt", "Name": "Position"}, {"Context": "SDTM", "Name": "EGPOS"}, {"Context": "CDASH", "Name": "EGPOS"}]}, {"OID": "IT.ECG_02_2_QTAG_DENORMALIZED_4.QTAG_EGORRES", "Name": "QTAG_EGORRES", "DataType": "integer", "Length": 3, "Description": {"TranslatedText": [{"_content": "EGORRES", "lang": "en"}]}, "Alias": [{"Context": "prompt", "Name": "QT Interval, Aggregate Result"}, {"Context": "SDTM", "Name": "EGORRES when EGTESTCD = QTAG"}, {"Context": "CDASH", "Name": "QTAG_EGORRES"}]}, {"OID": "IT.ECG_02_2_QTAG_DENORMALIZED_4.QTAG_EGORRESU", "Name": "QTAG_EGORRESU", "DataType": "text", "Length": 50, "Description": {"TranslatedText": [{"_content": "EGORRESU", "lang": "en"}]}, "CodeListRef": {"CodeListOID": "CL.ECG_02_QTAG_DENORMALIZED_4.QTAG_EGORRESU.C71620"}, "Alias": [{"Context": "prompt", "Name": "Unit"}, {"Context": "SDTM", "Name": "EGORRESU when EGTESTCD = QTAG"}, {"Context": "CDASH", "Name": "QTAG_EGORRESU"}]}, {"OID": "IT.ECG_02_2_QTCUNSAG_DENORMALIZED_5.EGDAT", "Name": "EGDAT", "DataType": "date", "Length": 10, "Description": {"TranslatedText": [{"_content": "EGDAT", "lang": "en"}]}, "Alias": [{"Context": "prompt", "Name": "Date of Assessment"}, {"Context": "SDTM", "Name": "EGDTC"}, {"Context": "CDASH", "Name": "EGDAT"}]}, {"OID": "IT.ECG_02_2_QTCUNSAG_DENORMALIZED_5.EGMETHOD", "Name": "EGMETHOD", "DataType": "text", "Length": 50, "Description": {"TranslatedText": [{"_content": "EGMETHOD", "lang": "en"}]}, "CodeListRef": {"CodeListOID": "CL.ECG_02_QTCUNSAG_DENORMALIZED_5.EGMETHOD.C71151"}, "Alias": [{"Context": "prompt", "Name": "Method"}, {"Context": "SDTM", "Name": "EGMETHOD = 12 LEAD STANDARD"}, {"Context": "CDASH", "Name": "EGMETHOD"}]}, {"OID": "IT.ECG_02_2_QTCUNSAG_DENORMALIZED_5.EGPOS", "Name": "EGPOS", "DataType": "text", "Length": 50, "Description": {"TranslatedText": [{"_content": "EGPOS", "lang": "en"}]}, "CodeListRef": {"CodeListOID": "CL.ECG_02_QTCUNSAG_DENORMALIZED_5.EGPOS.C71148"}, "Alias": [{"Context": "prompt", "Name": "Position"}, {"Context": "SDTM", "Name": "EGPOS"}, {"Context": "CDASH", "Name": "EGPOS"}]}, {"OID": "IT.ECG_02_2_QTCUNSAG_DENORMALIZED_5.QTCUNSAG_EGORRES", "Name": "QTCUNSAG_EGORRES", "DataType": "integer", "Length": 3, "Description": {"TranslatedText": [{"_content": "EGORRES", "lang": "en"}]}, "Alias": [{"Context": "prompt", "Name": "QTc Corr Method Unspecified, Aggregate Result Unit"}, {"Context": "SDTM", "Name": "EGORRES when EGTESTCD = QTCUNSAG"}, {"Context": "CDASH", "Name": "QTCUNSAG_EGORRES"}]}, {"OID": "IT.ECG_02_2_QTCUNSAG_DENORMALIZED_5.QTCUNSAG_EGORRESU", "Name": "QTCUNSAG_EGORRESU", "DataType": "text", "Length": 50, "Description": {"TranslatedText": [{"_content": "EGORRESU", "lang": "en"}]}, "CodeListRef": {"CodeListOID": "CL.ECG_02_QTCUNSAG_DENORMALIZED_5.QTCUNSAG_EGORRESU.C71620"}, "Alias": [{"Context": "prompt", "Name": "Unit"}, {"Context": "SDTM", "Name": "EGORRESU when EGTESTCD = QTCUNSAG"}, {"Context": "CDASH", "Name": "QTCUNSAG_EGORRESU"}]}, {"OID": "IT.ECG_02_2_EGINTP_DENORMALIZED_6.EGDAT", "Name": "EGDAT", "DataType": "date", "Length": 10, "Description": {"TranslatedText": [{"_content": "EGDAT", "lang": "en"}]}, "Alias": [{"Context": "prompt", "Name": "Date of Assessment"}, {"Context": "SDTM", "Name": "EGDTC"}, {"Context": "CDASH", "Name": "EGDAT"}]}, {"OID": "IT.ECG_02_2_EGINTP_DENORMALIZED_6.EGINTP_EGORRES", "Name": "EGINTP_EGORRES", "DataType": "text", "Length": 50, "Description": {"TranslatedText": [{"_content": "EGORRES", "lang": "en"}]}, "Question": {"TranslatedText": [{"_content": "What was the interpretation of the result?", "lang": "en"}]}, "MeasurementUnitRef": [{"MeasurementUnitOID": "mu.nan"}], "Alias": [{"Context": "SDTM", "Name": "EGORRES when EGTESTCD = EGINTP"}, {"Context": "CDASH", "Name": "EGINTP_EGORRES"}]}, {"OID": "IT.ECG_02_2_EGINTP_DENORMALIZED_6.EGCLSIG", "Name": "EGCLSIG", "DataType": "text", "Length": 1, "Description": {"TranslatedText": [{"_content": "EGCLSIG", "lang": "en"}]}, "Question": {"TranslatedText": [{"_content": "Was the ECG clinically significant?", "lang": "en"}]}, "CodeListRef": {"CodeListOID": "CL.ECG_02_EGINTP_DENORMALIZED_6.EGCLSIG.C66742"}, "Alias": [{"Context": "SDTM", "Name": "EGCLSIG"}, {"Context": "CDASH", "Name": "EGCLSIG"}]}, {"OID": "IT.ECG_02_2_EGINTP_DENORMALIZED_6.EGINTP_EGEVAL", "Name": "EGINTP_EGEVAL", "DataType": "text", "Length": 50, "Description": {"TranslatedText": [{"_content": "EGEVAL", "lang": "en"}]}, "CodeListRef": {"CodeListOID": "CL.ECG_02_EGINTP_DENORMALIZED_6.EGINTP_EGEVAL.C78735"}, "Alias": [{"Context": "prompt", "Name": "Evaluator"}, {"Context": "SDTM", "Name": "EGEVAL"}, {"Context": "CDASH", "Name": "EGINTP_EGEVAL"}]}], "CodeList": [{"OID": "CL.ECG_01_EGPERF_1.EGPERF.C66742", "Name": "NY", "DataType": "text", "CodeListItem": [{"CodedValue": "N", "Decode": {"TranslatedText": [{"_content": "No", "lang": "en"}]}}, {"CodedValue": "Y", "Decode": {"TranslatedText": [{"_content": "Yes", "lang": "en"}]}}]}, {"OID": "CL.ECG_02_EGHRMN_DENORMALIZED_1.EGMETHOD.C71151", "Name": "EGMETHOD", "DataType": "text", "EnumeratedItem": [{"CodedValue": "12 LEAD STANDARD"}]}, {"OID": "CL.ECG_02_EGHRMN_DENORMALIZED_1.EGPOS.C71148", "Name": "POSITION", "DataType": "text", "CodeListItem": [{"CodedValue": "SEMI-FOWLERS", "Decode": {"TranslatedText": [{"_content": "Semi-Fowlers", "lang": "en"}]}}, {"CodedValue": "SEMI-RECUMBENT", "Decode": {"TranslatedText": [{"_content": "Semi-Recumbent", "lang": "en"}]}}, {"CodedValue": "SITTING", "Decode": {"TranslatedText": [{"_content": "Sitting", "lang": "en"}]}}, {"CodedValue": "STANDING", "Decode": {"TranslatedText": [{"_content": "Standing", "lang": "en"}]}}, {"CodedValue": "SUPINE", "Decode": {"TranslatedText": [{"_content": "Supine", "lang": "en"}]}}]}, {"OID": "CL.ECG_02_EGHRMN_DENORMALIZED_1.EGHRMN_EGORRESU.C71620", "Name": "UNIT", "DataType": "text", "EnumeratedItem": [{"CodedValue": "beats/min"}]}, {"OID": "CL.ECG_02_QRSAG_DENORMALIZED_2.EGMETHOD.C71151", "Name": "EGMETHOD", "DataType": "text", "EnumeratedItem": [{"CodedValue": "12 LEAD STANDARD"}]}, {"OID": "CL.ECG_02_QRSAG_DENORMALIZED_2.EGPOS.C71148", "Name": "POSITION", "DataType": "text", "CodeListItem": [{"CodedValue": "SEMI-FOWLERS", "Decode": {"TranslatedText": [{"_content": "Semi-Fowlers", "lang": "en"}]}}, {"CodedValue": "SEMI-RECUMBENT", "Decode": {"TranslatedText": [{"_content": "Semi-Recumbent", "lang": "en"}]}}, {"CodedValue": "SITTING", "Decode": {"TranslatedText": [{"_content": "Sitting", "lang": "en"}]}}, {"CodedValue": "STANDING", "Decode": {"TranslatedText": [{"_content": "Standing", "lang": "en"}]}}, {"CodedValue": "SUPINE", "Decode": {"TranslatedText": [{"_content": "Supine", "lang": "en"}]}}]}, {"OID": "CL.ECG_02_QRSAG_DENORMALIZED_2.QRSAG_EGORRESU.C71620", "Name": "UNIT", "DataType": "text", "CodeListItem": [{"CodedValue": "ms", "Decode": {"TranslatedText": [{"_content": "msec", "lang": "en"}]}}, {"CodedValue": "/s", "Decode": {"TranslatedText": [{"_content": "per sec", "lang": "en"}]}}]}, {"OID": "CL.ECG_02_PRAG_DENORMALIZED_3.EGMETHOD.C71151", "Name": "EGMETHOD", "DataType": "text", "EnumeratedItem": [{"CodedValue": "12 LEAD STANDARD"}]}, {"OID": "CL.ECG_02_PRAG_DENORMALIZED_3.EGPOS.C71148", "Name": "POSITION", "DataType": "text", "CodeListItem": [{"CodedValue": "SEMI-FOWLERS", "Decode": {"TranslatedText": [{"_content": "Semi-Fowlers", "lang": "en"}]}}, {"CodedValue": "SEMI-RECUMBENT", "Decode": {"TranslatedText": [{"_content": "Semi-Recumbent", "lang": "en"}]}}, {"CodedValue": "SITTING", "Decode": {"TranslatedText": [{"_content": "Sitting", "lang": "en"}]}}, {"CodedValue": "STANDING", "Decode": {"TranslatedText": [{"_content": "Standing", "lang": "en"}]}}, {"CodedValue": "SUPINE", "Decode": {"TranslatedText": [{"_content": "Supine", "lang": "en"}]}}]}, {"OID": "CL.ECG_02_PRAG_DENORMALIZED_3.PRAG_EGORRESU.C71620", "Name": "UNIT", "DataType": "text", "CodeListItem": [{"CodedValue": "ms", "Decode": {"TranslatedText": [{"_content": "msec", "lang": "en"}]}}, {"CodedValue": "/s", "Decode": {"TranslatedText": [{"_content": "per sec", "lang": "en"}]}}]}, {"OID": "CL.ECG_02_QTAG_DENORMALIZED_4.EGMETHOD.C71151", "Name": "EGMETHOD", "DataType": "text", "EnumeratedItem": [{"CodedValue": "12 LEAD STANDARD"}]}, {"OID": "CL.ECG_02_QTAG_DENORMALIZED_4.EGPOS.C71148", "Name": "POSITION", "DataType": "text", "CodeListItem": [{"CodedValue": "SEMI-FOWLERS", "Decode": {"TranslatedText": [{"_content": "Semi-Fowlers", "lang": "en"}]}}, {"CodedValue": "SEMI-RECUMBENT", "Decode": {"TranslatedText": [{"_content": "Semi-Recumbent", "lang": "en"}]}}, {"CodedValue": "SITTING", "Decode": {"TranslatedText": [{"_content": "Sitting", "lang": "en"}]}}, {"CodedValue": "STANDING", "Decode": {"TranslatedText": [{"_content": "Standing", "lang": "en"}]}}, {"CodedValue": "SUPINE", "Decode": {"TranslatedText": [{"_content": "Supine", "lang": "en"}]}}]}, {"OID": "CL.ECG_02_QTAG_DENORMALIZED_4.QTAG_EGORRESU.C71620", "Name": "UNIT", "DataType": "text", "CodeListItem": [{"CodedValue": "ms", "Decode": {"TranslatedText": [{"_content": "msec", "lang": "en"}]}}, {"CodedValue": "/s", "Decode": {"TranslatedText": [{"_content": "per sec", "lang": "en"}]}}]}, {"OID": "CL.ECG_02_QTCUNSAG_DENORMALIZED_5.EGMETHOD.C71151", "Name": "EGMETHOD", "DataType": "text", "EnumeratedItem": [{"CodedValue": "12 LEAD STANDARD"}]}, {"OID": "CL.ECG_02_QTCUNSAG_DENORMALIZED_5.EGPOS.C71148", "Name": "POSITION", "DataType": "text", "CodeListItem": [{"CodedValue": "SEMI-FOWLERS", "Decode": {"TranslatedText": [{"_content": "Semi-Fowlers", "lang": "en"}]}}, {"CodedValue": "SEMI-RECUMBENT", "Decode": {"TranslatedText": [{"_content": "Semi-Recumbent", "lang": "en"}]}}, {"CodedValue": "SITTING", "Decode": {"TranslatedText": [{"_content": "Sitting", "lang": "en"}]}}, {"CodedValue": "STANDING", "Decode": {"TranslatedText": [{"_content": "Standing", "lang": "en"}]}}, {"CodedValue": "SUPINE", "Decode": {"TranslatedText": [{"_content": "Supine", "lang": "en"}]}}]}, {"OID": "CL.ECG_02_QTCUNSAG_DENORMALIZED_5.QTCUNSAG_EGORRESU.C71620", "Name": "UNIT", "DataType": "text", "CodeListItem": [{"CodedValue": "ms", "Decode": {"TranslatedText": [{"_content": "msec", "lang": "en"}]}}, {"CodedValue": "/s", "Decode": {"TranslatedText": [{"_content": "per sec", "lang": "en"}]}}]}, {"OID": "CL.ECG_02_EGINTP_DENORMALIZED_6.EGINTP_EGORRES.C101834", "Name": "NORMABNM", "DataType": "text", "CodeListItem": [{"CodedValue": "ABNORMAL", "Decode": {"TranslatedText": [{"_content": "Abnormal", "lang": "en"}]}}, {"CodedValue": "NORMAL", "Decode": {"TranslatedText": [{"_content": "Normal", "lang": "en"}]}}]}, {"OID": "CL.ECG_02_EGINTP_DENORMALIZED_6.EGCLSIG.C66742", "Name": "NY", "DataType": "text", "CodeListItem": [{"CodedValue": "N", "Decode": {"TranslatedText": [{"_content": "No", "lang": "en"}]}}, {"CodedValue": "Y", "Decode": {"TranslatedText": [{"_content": "Yes", "lang": "en"}]}}]}, {"OID": "CL.ECG_02_EGINTP_DENORMALIZED_6.EGINTP_EGEVAL.C78735", "Name": "EVAL", "DataType": "text", "CodeListItem": [{"CodedValue": "ADJUDICATION COMMITTEE", "Decode": {"TranslatedText": [{"_content": "Adjudication Committee", "lang": "en"}]}}, {"CodedValue": "INDEPENDENT ASSESSOR", "Decode": {"TranslatedText": [{"_content": "Independent Assessor", "lang": "en"}]}}, {"CodedValue": "INVESTIGATOR", "Decode": {"TranslatedText": [{"_content": "Investigator", "lang": "en"}]}}]}]}]}]}