{"FileOID": "ODM.CDASH.POC", "Granularity": "Metadata", "CreationDateTime": "2025-11-26T20:26:54.940219+00:00", "ODMVersion": "2.0", "FileType": "Snapshot", "Originator": "Lex Jansen", "SourceSystem": "odmlib", "SourceSystemVersion": "0.1", "Study": [{"OID": "ODM.CDASH.STUDY", "StudyName": "ECG", "Description": {"TranslatedText": [{"_content": "ECG", "Type": "text/plain", "lang": "en"}]}, "ProtocolName": "ECG", "MetaDataVersion": [{"OID": "ODM.CDASH.STUDY.MDV", "Name": "ECG", "Description": {"TranslatedText": [{"_content": "ECG", "Type": "text/plain", "lang": "en"}]}, "ItemGroupDef": [{"OID": "IG_FORM.ECG1", "Name": "ECG", "Repeating": "No", "Type": "Form", "Description": {"TranslatedText": [{"_content": "ECG", "Type": "text/plain", "lang": "en"}]}, "ItemGroupRef": [{"ItemGroupOID": "IG.ECG_01_1", "OrderNumber": 1, "Mandatory": "Yes"}, {"ItemGroupOID": "IG.ECG_02_2", "OrderNumber": 2, "Mandatory": "Yes"}], "Alias": [{"Context": "formAnnotation", "Name": "DOMAIN = EG"}]}, {"OID": "IG.ECG_01_1", "Name": "ECG Performed", "Repeating": "No", "Type": "Section", "Description": {"TranslatedText": [{"_content": "ECG Performed", "Type": "text/plain", "lang": "en"}]}, "ItemGroupRef": [{"ItemGroupOID": "IG.ECG_01_1_EGPERF_1", "OrderNumber": 1, "Mandatory": "Yes"}], "Alias": []}, {"OID": "IG.ECG_02_2", "Name": "ECG", "Repeating": "Simple", "Type": "Section", "Description": {"TranslatedText": [{"_content": "ECG", "Type": "text/plain", "lang": "en"}]}, "ItemGroupRef": [{"ItemGroupOID": "IG.ECG_02_2_EGHRMN_DENORMALIZED_1", "OrderNumber": 1, "Mandatory": "Yes"}, {"ItemGroupOID": "IG.ECG_02_2_QRSAG_DENORMALIZED_2", "OrderNumber": 2, "Mandatory": "Yes"}, {"ItemGroupOID": "IG.ECG_02_2_PRAG_DENORMALIZED_3", "OrderNumber": 3, "Mandatory": "Yes"}, {"ItemGroupOID": "IG.ECG_02_2_QTAG_DENORMALIZED_4", "OrderNumber": 4, "Mandatory": "Yes"}, {"ItemGroupOID": "IG.ECG_02_2_QTCUNSAG_DENORMALIZED_5", "OrderNumber": 5, "Mandatory": "Yes"}, {"ItemGroupOID": "IG.ECG_02_2_EGINTP_DENORMALIZED_6", "OrderNumber": 6, "Mandatory": "Yes"}], "Alias": []}, {"OID": "IG.ECG_01_1_EGPERF_1", "Name": "ECG Performed", "Repeating": "No", "Type": "Concept", "Description": {"TranslatedText": [{"_content": "ECG Performed", "Type": "text/plain", "lang": "en"}]}, "ItemRef": [{"ItemOID": "IT.ECG_01_1_EGPERF_1.EGPERF", "OrderNumber": 1, "Mandatory": "Yes"}, {"ItemOID": "IT.ECG_01_1_EGPERF_1.EGDAT", "OrderNumber": 2, "Mandatory": "No"}], "Coding": [{"System": "/mdr/bc/biomedicalconcepts/C82525", "Code": "C82525", "SystemName": "CDISC Biomedical Concept"}]}, {"OID": "IG.ECG_02_2_EGHRMN_DENORMALIZED_1", "Name": "Mean Heart Rate by Electrocardiogram (Denormalized)", "Repeating": "No", "Type": "Concept", "Description": {"TranslatedText": [{"_content": "Mean Heart Rate by Electrocardiogram (Denormalized)", "Type": "text/plain", "lang": "en"}]}, "ItemRef": [{"ItemOID": "IT.ECG_02_2_EGHRMN_DENORMALIZED_1.EGDAT", "OrderNumber": 1, "Mandatory": "No"}, {"ItemOID": "IT.ECG_02_2_EGHRMN_DENORMALIZED_1.EGMETHOD", "OrderNumber": 2, "Mandatory": "Yes", "PreSpecifiedValue": "12 LEAD STANDARD"}, {"ItemOID": "IT.ECG_02_2_EGHRMN_DENORMALIZED_1.EGPOS", "OrderNumber": 3, "Mandatory": "No"}, {"ItemOID": "IT.ECG_02_2_EGHRMN_DENORMALIZED_1.EGHRMN_EGORRES", "OrderNumber": 4, "Mandatory": "Yes", "UnitsItemOID": "IT.ECG_02_2_EGHRMN_DENORMALIZED_1.EGHRMN_EGORRESU"}, {"ItemOID": "IT.ECG_02_2_EGHRMN_DENORMALIZED_1.EGHRMN_EGORRESU", "OrderNumber": 5, "Mandatory": "Yes", "PreSpecifiedValue": "beats/min"}], "Coding": [{"System": "/mdr/bc/biomedicalconcepts/C119259", "Code": "C119259", "SystemName": "CDISC Biomedical Concept"}, {"System": "/mdr/specializations/sdtm/datasetspecializations/EGHRMN", "Code": "EGHRMN", "SystemName": "CDISC SDTM Dataset Specialization"}]}, {"OID": "IG.ECG_02_2_QRSAG_DENORMALIZED_2", "Name": "QRS Duration Aggregate (Denormalized)", "Repeating": "No", "Type": "Concept", "Description": {"TranslatedText": [{"_content": "QRS Duration Aggregate (Denormalized)", "Type": "text/plain", "lang": "en"}]}, "ItemRef": [{"ItemOID": "IT.ECG_02_2_QRSAG_DENORMALIZED_2.EGDAT", "OrderNumber": 1, "Mandatory": "No"}, {"ItemOID": "IT.ECG_02_2_QRSAG_DENORMALIZED_2.EGMETHOD", "OrderNumber": 2, "Mandatory": "Yes", "PreSpecifiedValue": "12 LEAD STANDARD"}, {"ItemOID": "IT.ECG_02_2_QRSAG_DENORMALIZED_2.EGPOS", "OrderNumber": 3, "Mandatory": "No"}, {"ItemOID": "IT.ECG_02_2_QRSAG_DENORMALIZED_2.QRSAG_EGORRES", "OrderNumber": 4, "Mandatory": "Yes", "UnitsItemOID": "IT.ECG_02_2_QRSAG_DENORMALIZED_2.QRSAG_EGORRESU"}, {"ItemOID": "IT.ECG_02_2_QRSAG_DENORMALIZED_2.QRSAG_EGORRESU", "OrderNumber": 5, "Mandatory": "Yes"}], "Coding": [{"System": "/mdr/bc/biomedicalconcepts/C117779", "Code": "C117779", "SystemName": "CDISC Biomedical Concept"}, {"System": "/mdr/specializations/sdtm/datasetspecializations/QRSAG", "Code": "QRSAG", "SystemName": "CDISC SDTM Dataset Specialization"}]}, {"OID": "IG.ECG_02_2_PRAG_DENORMALIZED_3", "Name": "PR Interval Aggregate (Denormalized)", "Repeating": "No", "Type": "Concept", "Description": {"TranslatedText": [{"_content": "PR Interval Aggregate (Denormalized)", "Type": "text/plain", "lang": "en"}]}, "ItemRef": [{"ItemOID": "IT.ECG_02_2_PRAG_DENORMALIZED_3.EGDAT", "OrderNumber": 1, "Mandatory": "No"}, {"ItemOID": "IT.ECG_02_2_PRAG_DENORMALIZED_3.EGMETHOD", "OrderNumber": 2, "Mandatory": "Yes", "PreSpecifiedValue": "12 LEAD STANDARD"}, {"ItemOID": "IT.ECG_02_2_PRAG_DENORMALIZED_3.EGPOS", "OrderNumber": 3, "Mandatory": "No"}, {"ItemOID": "IT.ECG_02_2_PRAG_DENORMALIZED_3.PRAG_EGORRES", "OrderNumber": 4, "Mandatory": "Yes", "UnitsItemOID": "IT.ECG_02_2_PRAG_DENORMALIZED_3.PRAG_EGORRESU"}, {"ItemOID": "IT.ECG_02_2_PRAG_DENORMALIZED_3.PRAG_EGORRESU", "OrderNumber": 5, "Mandatory": "Yes"}], "Coding": [{"System": "/mdr/bc/biomedicalconcepts/C117773", "Code": "C117773", "SystemName": "CDISC Biomedical Concept"}, {"System": "/mdr/specializations/sdtm/datasetspecializations/PRAG", "Code": "PRAG", "SystemName": "CDISC SDTM Dataset Specialization"}]}, {"OID": "IG.ECG_02_2_QTAG_DENORMALIZED_4", "Name": "QT Interval Aggregate (Denormalized)", "Repeating": "No", "Type": "Concept", "Description": {"TranslatedText": [{"_content": "QT Interval Aggregate (Denormalized)", "Type": "text/plain", "lang": "en"}]}, "ItemRef": [{"ItemOID": "IT.ECG_02_2_QTAG_DENORMALIZED_4.EGDAT", "OrderNumber": 1, "Mandatory": "No"}, {"ItemOID": "IT.ECG_02_2_QTAG_DENORMALIZED_4.EGMETHOD", "OrderNumber": 2, "Mandatory": "Yes", "PreSpecifiedValue": "12 LEAD STANDARD"}, {"ItemOID": "IT.ECG_02_2_QTAG_DENORMALIZED_4.EGPOS", "OrderNumber": 3, "Mandatory": "No"}, {"ItemOID": "IT.ECG_02_2_QTAG_DENORMALIZED_4.QTAG_EGORRES", "OrderNumber": 4, "Mandatory": "Yes", "UnitsItemOID": "IT.ECG_02_2_QTAG_DENORMALIZED_4.QTAG_EGORRESU"}, {"ItemOID": "IT.ECG_02_2_QTAG_DENORMALIZED_4.QTAG_EGORRESU", "OrderNumber": 5, "Mandatory": "Yes"}], "Coding": [{"System": "/mdr/bc/biomedicalconcepts/C117783", "Code": "C117783", "SystemName": "CDISC Biomedical Concept"}, {"System": "/mdr/specializations/sdtm/datasetspecializations/QTAG", "Code": "QTAG", "SystemName": "CDISC SDTM Dataset Specialization"}]}, {"OID": "IG.ECG_02_2_QTCUNSAG_DENORMALIZED_5", "Name": "QTC Aggregate Method Unspecified (Denormalized)", "Repeating": "No", "Type": "Concept", "Description": {"TranslatedText": [{"_content": "QTC Aggregate Method Unspecified (Denormalized)", "Type": "text/plain", "lang": "en"}]}, "ItemRef": [{"ItemOID": "IT.ECG_02_2_QTCUNSAG_DENORMALIZED_5.EGDAT", "OrderNumber": 1, "Mandatory": "No"}, {"ItemOID": "IT.ECG_02_2_QTCUNSAG_DENORMALIZED_5.EGMETHOD", "OrderNumber": 2, "Mandatory": "Yes", "PreSpecifiedValue": "12 LEAD STANDARD"}, {"ItemOID": "IT.ECG_02_2_QTCUNSAG_DENORMALIZED_5.EGPOS", "OrderNumber": 3, "Mandatory": "No"}, {"ItemOID": "IT.ECG_02_2_QTCUNSAG_DENORMALIZED_5.QTCUNSAG_EGORRES", "OrderNumber": 4, "Mandatory": "Yes", "UnitsItemOID": "IT.ECG_02_2_QTCUNSAG_DENORMALIZED_5.QTCUNSAG_EGORRESU"}, {"ItemOID": "IT.ECG_02_2_QTCUNSAG_DENORMALIZED_5.QTCUNSAG_EGORRESU", "OrderNumber": 5, "Mandatory": "Yes"}], "Coding": [{"System": "/mdr/bc/biomedicalconcepts/C174285", "Code": "C174285", "SystemName": "CDISC Biomedical Concept"}, {"System": "/mdr/specializations/sdtm/datasetspecializations/QTCUNSAG", "Code": "QTCUNSAG", "SystemName": "CDISC SDTM Dataset Specialization"}]}, {"OID": "IG.ECG_02_2_EGINTP_DENORMALIZED_6", "Name": "ECG Interpretation (Denormalized)", "Repeating": "No", "Type": "Concept", "Description": {"TranslatedText": [{"_content": "ECG Interpretation (Denormalized)", "Type": "text/plain", "lang": "en"}]}, "ItemRef": [{"ItemOID": "IT.ECG_02_2_EGINTP_DENORMALIZED_6.EGDAT", "OrderNumber": 1, "Mandatory": "No"}, {"ItemOID": "IT.ECG_02_2_EGINTP_DENORMALIZED_6.EGINTP_EGORRES", "OrderNumber": 2, "Mandatory": "Yes"}, {"ItemOID": "IT.ECG_02_2_EGINTP_DENORMALIZED_6.EGCLSIG", "OrderNumber": 3, "Mandatory": "No"}, {"ItemOID": "IT.ECG_02_2_EGINTP_DENORMALIZED_6.EGINTP_EGEVAL", "OrderNumber": 4, "Mandatory": "No"}], "Coding": [{"System": "/mdr/bc/biomedicalconcepts/C181655", "Code": "C181655", "SystemName": "CDISC Biomedical Concept"}, {"System": "/mdr/specializations/sdtm/datasetspecializations/EGINTP", "Code": "EGINTP", "SystemName": "CDISC SDTM Dataset Specialization"}]}], "ItemDef": [{"OID": "IT.ECG_01_1_EGPERF_1.EGPERF", "Name": "EGPERF", "DataType": "text", "Length": 1, "Question": {"TranslatedText": [{"_content": "Was an ECG performed?", "Type": "text/plain", "lang": "en"}]}, "CodeListRef": {"CodeListOID": "CL.ECG_01_EGPERF_1.EGPERF.C66742"}, "Alias": [{"Context": "SDTM", "Name": "[NOT SUBMITTED]; EGSTAT = NOT DONE when EGTESTCD = EGALL"}, {"Context": "CDASH", "Name": "EGPERF"}]}, {"OID": "IT.ECG_01_1_EGPERF_1.EGDAT", "Name": "EGDAT", "DataType": "date", "Length": 10, "Prompt": {"TranslatedText": [{"_content": "Date of Assessment", "Type": "text/plain", "lang": "en"}]}, "Alias": [{"Context": "SDTM", "Name": "EGDTC"}, {"Context": "CDASH", "Name": "EGDAT"}]}, {"OID": "IT.ECG_02_2_EGHRMN_DENORMALIZED_1.EGDAT", "Name": "EGDAT", "DataType": "date", "Length": 10, "Prompt": {"TranslatedText": [{"_content": "Date of Assessment", "Type": "text/plain", "lang": "en"}]}, "Alias": [{"Context": "SDTM", "Name": "EGDTC"}, {"Context": "CDASH", "Name": "EGDAT"}]}, {"OID": "IT.ECG_02_2_EGHRMN_DENORMALIZED_1.EGMETHOD", "Name": "EGMETHOD", "DataType": "text", "Length": 50, "Prompt": {"TranslatedText": [{"_content": "Method", "Type": "text/plain", "lang": "en"}]}, "CodeListRef": {"CodeListOID": "CL.ECG_02_EGHRMN_DENORMALIZED_1.EGMETHOD.C71151"}, "Alias": [{"Context": "SDTM", "Name": "EGMETHOD = 12 LEAD STANDARD"}, {"Context": "CDASH", "Name": "EGMETHOD"}]}, {"OID": "IT.ECG_02_2_EGHRMN_DENORMALIZED_1.EGPOS", "Name": "EGPOS", "DataType": "text", "Length": 50, "Prompt": {"TranslatedText": [{"_content": "Position", "Type": "text/plain", "lang": "en"}]}, "CodeListRef": {"CodeListOID": "CL.ECG_02_EGHRMN_DENORMALIZED_1.EGPOS.C71148"}, "Alias": [{"Context": "SDTM", "Name": "EGPOS"}, {"Context": "CDASH", "Name": "EGPOS"}]}, {"OID": "IT.ECG_02_2_EGHRMN_DENORMALIZED_1.EGHRMN_EGORRES", "Name": "EGHRMN_EGORRES", "DataType": "integer", "Length": 3, "Prompt": {"TranslatedText": [{"_content": "ECG Mean Heart Rate Result", "Type": "text/plain", "lang": "en"}]}, "Alias": [{"Context": "SDTM", "Name": "EGORRES when EGTESTCD = EGHRMN"}, {"Context": "CDASH", "Name": "EGHRMN_EGORRES"}]}, {"OID": "IT.ECG_02_2_EGHRMN_DENORMALIZED_1.EGHRMN_EGORRESU", "Name": "EGHRMN_EGORRESU", "DataType": "text", "Length": 50, "Prompt": {"TranslatedText": [{"_content": "Unit", "Type": "text/plain", "lang": "en"}]}, "CodeListRef": {"CodeListOID": "CL.ECG_02_EGHRMN_DENORMALIZED_1.EGHRMN_EGORRESU.C71620"}, "Alias": [{"Context": "SDTM", "Name": "EGORRESU = beats/min when EGTESTCD = EGHRMN"}, {"Context": "CDASH", "Name": "EGHRMN_EGORRESU"}]}, {"OID": "IT.ECG_02_2_QRSAG_DENORMALIZED_2.EGDAT", "Name": "EGDAT", "DataType": "date", "Length": 10, "Prompt": {"TranslatedText": [{"_content": "Date of Assessment", "Type": "text/plain", "lang": "en"}]}, "Alias": [{"Context": "SDTM", "Name": "EGDTC"}, {"Context": "CDASH", "Name": "EGDAT"}]}, {"OID": "IT.ECG_02_2_QRSAG_DENORMALIZED_2.EGMETHOD", "Name": "EGMETHOD", "DataType": "text", "Length": 50, "Prompt": {"TranslatedText": [{"_content": "Method", "Type": "text/plain", "lang": "en"}]}, "CodeListRef": {"CodeListOID": "CL.ECG_02_QRSAG_DENORMALIZED_2.EGMETHOD.C71151"}, "Alias": [{"Context": "SDTM", "Name": "EGMETHOD = 12 LEAD STANDARD"}, {"Context": "CDASH", "Name": "EGMETHOD"}]}, {"OID": "IT.ECG_02_2_QRSAG_DENORMALIZED_2.EGPOS", "Name": "EGPOS", "DataType": "text", "Length": 50, "Prompt": {"TranslatedText": [{"_content": "Position", "Type": "text/plain", "lang": "en"}]}, "CodeListRef": {"CodeListOID": "CL.ECG_02_QRSAG_DENORMALIZED_2.EGPOS.C71148"}, "Alias": [{"Context": "SDTM", "Name": "EGPOS"}, {"Context": "CDASH", "Name": "EGPOS"}]}, {"OID": "IT.ECG_02_2_QRSAG_DENORMALIZED_2.QRSAG_EGORRES", "Name": "QRSAG_EGORRES", "DataType": "integer", "Length": 3, "Prompt": {"TranslatedText": [{"_content": "QRS Duration, Aggregate Result", "Type": "text/plain", "lang": "en"}]}, "Alias": [{"Context": "SDTM", "Name": "EGORRES when EGTESTCD = QRSAG"}, {"Context": "CDASH", "Name": "QRSAG_EGORRES"}]}, {"OID": "IT.ECG_02_2_QRSAG_DENORMALIZED_2.QRSAG_EGORRESU", "Name": "QRSAG_EGORRESU", "DataType": "text", "Length": 50, "Prompt": {"TranslatedText": [{"_content": "Unit", "Type": "text/plain", "lang": "en"}]}, "CodeListRef": {"CodeListOID": "CL.ECG_02_QRSAG_DENORMALIZED_2.QRSAG_EGORRESU.C71620"}, "Alias": [{"Context": "SDTM", "Name": "EGORRESU when EGTESTCD = QRSAG"}, {"Context": "CDASH", "Name": "QRSAG_EGORRESU"}]}, {"OID": "IT.ECG_02_2_PRAG_DENORMALIZED_3.EGDAT", "Name": "EGDAT", "DataType": "date", "Length": 10, "Prompt": {"TranslatedText": [{"_content": "Date of Assessment", "Type": "text/plain", "lang": "en"}]}, "Alias": [{"Context": "SDTM", "Name": "EGDTC"}, {"Context": "CDASH", "Name": "EGDAT"}]}, {"OID": "IT.ECG_02_2_PRAG_DENORMALIZED_3.EGMETHOD", "Name": "EGMETHOD", "DataType": "text", "Length": 50, "Prompt": {"TranslatedText": [{"_content": "Method", "Type": "text/plain", "lang": "en"}]}, "CodeListRef": {"CodeListOID": "CL.ECG_02_PRAG_DENORMALIZED_3.EGMETHOD.C71151"}, "Alias": [{"Context": "SDTM", "Name": "EGMETHOD = 12 LEAD STANDARD"}, {"Context": "CDASH", "Name": "EGMETHOD"}]}, {"OID": "IT.ECG_02_2_PRAG_DENORMALIZED_3.EGPOS", "Name": "EGPOS", "DataType": "text", "Length": 50, "Prompt": {"TranslatedText": [{"_content": "Position", "Type": "text/plain", "lang": "en"}]}, "CodeListRef": {"CodeListOID": "CL.ECG_02_PRAG_DENORMALIZED_3.EGPOS.C71148"}, "Alias": [{"Context": "SDTM", "Name": "EGPOS"}, {"Context": "CDASH", "Name": "EGPOS"}]}, {"OID": "IT.ECG_02_2_PRAG_DENORMALIZED_3.PRAG_EGORRES", "Name": "PRAG_EGORRES", "DataType": "integer", "Length": 3, "Prompt": {"TranslatedText": [{"_content": "PR Interval, Single Beat Result", "Type": "text/plain", "lang": "en"}]}, "Alias": [{"Context": "SDTM", "Name": "EGORRES when EGTESTCD = PRAG"}, {"Context": "CDASH", "Name": "PRAG_EGORRES"}]}, {"OID": "IT.ECG_02_2_PRAG_DENORMALIZED_3.PRAG_EGORRESU", "Name": "PRAG_EGORRESU", "DataType": "text", "Length": 50, "Prompt": {"TranslatedText": [{"_content": "Unit", "Type": "text/plain", "lang": "en"}]}, "CodeListRef": {"CodeListOID": "CL.ECG_02_PRAG_DENORMALIZED_3.PRAG_EGORRESU.C71620"}, "Alias": [{"Context": "SDTM", "Name": "EGORRESU when EGTESTCD = PRAG"}, {"Context": "CDASH", "Name": "PRAG_EGORRESU"}]}, {"OID": "IT.ECG_02_2_QTAG_DENORMALIZED_4.EGDAT", "Name": "EGDAT", "DataType": "date", "Length": 10, "Prompt": {"TranslatedText": [{"_content": "Date of Assessment", "Type": "text/plain", "lang": "en"}]}, "Alias": [{"Context": "SDTM", "Name": "EGDTC"}, {"Context": "CDASH", "Name": "EGDAT"}]}, {"OID": "IT.ECG_02_2_QTAG_DENORMALIZED_4.EGMETHOD", "Name": "EGMETHOD", "DataType": "text", "Length": 50, "Prompt": {"TranslatedText": [{"_content": "Method", "Type": "text/plain", "lang": "en"}]}, "CodeListRef": {"CodeListOID": "CL.ECG_02_QTAG_DENORMALIZED_4.EGMETHOD.C71151"}, "Alias": [{"Context": "SDTM", "Name": "EGMETHOD = 12 LEAD STANDARD"}, {"Context": "CDASH", "Name": "EGMETHOD"}]}, {"OID": "IT.ECG_02_2_QTAG_DENORMALIZED_4.EGPOS", "Name": "EGPOS", "DataType": "text", "Length": 50, "Prompt": {"TranslatedText": [{"_content": "Position", "Type": "text/plain", "lang": "en"}]}, "CodeListRef": {"CodeListOID": "CL.ECG_02_QTAG_DENORMALIZED_4.EGPOS.C71148"}, "Alias": [{"Context": "SDTM", "Name": "EGPOS"}, {"Context": "CDASH", "Name": "EGPOS"}]}, {"OID": "IT.ECG_02_2_QTAG_DENORMALIZED_4.QTAG_EGORRES", "Name": "QTAG_EGORRES", "DataType": "integer", "Length": 3, "Prompt": {"TranslatedText": [{"_content": "QT Interval, Aggregate Result", "Type": "text/plain", "lang": "en"}]}, "Alias": [{"Context": "SDTM", "Name": "EGORRES when EGTESTCD = QTAG"}, {"Context": "CDASH", "Name": "QTAG_EGORRES"}]}, {"OID": "IT.ECG_02_2_QTAG_DENORMALIZED_4.QTAG_EGORRESU", "Name": "QTAG_EGORRESU", "DataType": "text", "Length": 50, "Prompt": {"TranslatedText": [{"_content": "Unit", "Type": "text/plain", "lang": "en"}]}, "CodeListRef": {"CodeListOID": "CL.ECG_02_QTAG_DENORMALIZED_4.QTAG_EGORRESU.C71620"}, "Alias": [{"Context": "SDTM", "Name": "EGORRESU when EGTESTCD = QTAG"}, {"Context": "CDASH", "Name": "QTAG_EGORRESU"}]}, {"OID": "IT.ECG_02_2_QTCUNSAG_DENORMALIZED_5.EGDAT", "Name": "EGDAT", "DataType": "date", "Length": 10, "Prompt": {"TranslatedText": [{"_content": "Date of Assessment", "Type": "text/plain", "lang": "en"}]}, "Alias": [{"Context": "SDTM", "Name": "EGDTC"}, {"Context": "CDASH", "Name": "EGDAT"}]}, {"OID": "IT.ECG_02_2_QTCUNSAG_DENORMALIZED_5.EGMETHOD", "Name": "EGMETHOD", "DataType": "text", "Length": 50, "Prompt": {"TranslatedText": [{"_content": "Method", "Type": "text/plain", "lang": "en"}]}, "CodeListRef": {"CodeListOID": "CL.ECG_02_QTCUNSAG_DENORMALIZED_5.EGMETHOD.C71151"}, "Alias": [{"Context": "SDTM", "Name": "EGMETHOD = 12 LEAD STANDARD"}, {"Context": "CDASH", "Name": "EGMETHOD"}]}, {"OID": "IT.ECG_02_2_QTCUNSAG_DENORMALIZED_5.EGPOS", "Name": "EGPOS", "DataType": "text", "Length": 50, "Prompt": {"TranslatedText": [{"_content": "Position", "Type": "text/plain", "lang": "en"}]}, "CodeListRef": {"CodeListOID": "CL.ECG_02_QTCUNSAG_DENORMALIZED_5.EGPOS.C71148"}, "Alias": [{"Context": "SDTM", "Name": "EGPOS"}, {"Context": "CDASH", "Name": "EGPOS"}]}, {"OID": "IT.ECG_02_2_QTCUNSAG_DENORMALIZED_5.QTCUNSAG_EGORRES", "Name": "QTCUNSAG_EGORRES", "DataType": "integer", "Length": 3, "Prompt": {"TranslatedText": [{"_content": "QTc Corr Method Unspecified, Aggregate Result Unit", "Type": "text/plain", "lang": "en"}]}, "Alias": [{"Context": "SDTM", "Name": "EGORRES when EGTESTCD = QTCUNSAG"}, {"Context": "CDASH", "Name": "QTCUNSAG_EGORRES"}]}, {"OID": "IT.ECG_02_2_QTCUNSAG_DENORMALIZED_5.QTCUNSAG_EGORRESU", "Name": "QTCUNSAG_EGORRESU", "DataType": "text", "Length": 50, "Prompt": {"TranslatedText": [{"_content": "Unit", "Type": "text/plain", "lang": "en"}]}, "CodeListRef": {"CodeListOID": "CL.ECG_02_QTCUNSAG_DENORMALIZED_5.QTCUNSAG_EGORRESU.C71620"}, "Alias": [{"Context": "SDTM", "Name": "EGORRESU when EGTESTCD = QTCUNSAG"}, {"Context": "CDASH", "Name": "QTCUNSAG_EGORRESU"}]}, {"OID": "IT.ECG_02_2_EGINTP_DENORMALIZED_6.EGDAT", "Name": "EGDAT", "DataType": "date", "Length": 10, "Prompt": {"TranslatedText": [{"_content": "Date of Assessment", "Type": "text/plain", "lang": "en"}]}, "Alias": [{"Context": "SDTM", "Name": "EGDTC"}, {"Context": "CDASH", "Name": "EGDAT"}]}, {"OID": "IT.ECG_02_2_EGINTP_DENORMALIZED_6.EGINTP_EGORRES", "Name": "EGINTP_EGORRES", "DataType": "text", "Length": 50, "Question": {"TranslatedText": [{"_content": "What was the interpretation of the result?", "Type": "text/plain", "lang": "en"}]}, "CodeListRef": {"CodeListOID": "CL.ECG_02_EGINTP_DENORMALIZED_6.EGINTP_EGORRES.C101834"}, "Alias": [{"Context": "SDTM", "Name": "EGORRES when EGTESTCD = EGINTP"}, {"Context": "CDASH", "Name": "EGINTP_EGORRES"}]}, {"OID": "IT.ECG_02_2_EGINTP_DENORMALIZED_6.EGCLSIG", "Name": "EGCLSIG", "DataType": "text", "Length": 1, "Question": {"TranslatedText": [{"_content": "Was the ECG clinically significant?", "Type": "text/plain", "lang": "en"}]}, "CodeListRef": {"CodeListOID": "CL.ECG_02_EGINTP_DENORMALIZED_6.EGCLSIG.C66742"}, "Alias": [{"Context": "SDTM", "Name": "EGCLSIG"}, {"Context": "CDASH", "Name": "EGCLSIG"}]}, {"OID": "IT.ECG_02_2_EGINTP_DENORMALIZED_6.EGINTP_EGEVAL", "Name": "EGINTP_EGEVAL", "DataType": "text", "Length": 50, "Prompt": {"TranslatedText": [{"_content": "Evaluator", "Type": "text/plain", "lang": "en"}]}, "CodeListRef": {"CodeListOID": "CL.ECG_02_EGINTP_DENORMALIZED_6.EGINTP_EGEVAL.C78735"}, "Alias": [{"Context": "SDTM", "Name": "EGEVAL"}, {"Context": "CDASH", "Name": "EGINTP_EGEVAL"}]}], "CodeList": [{"OID": "CL.ECG_01_EGPERF_1.EGPERF.C66742", "Name": "NY", "DataType": "text", "CodeListItem": [{"CodedValue": "N", "Decode": {"TranslatedText": [{"_content": "No", "Type": "text/plain", "lang": "en"}]}}, {"CodedValue": "Y", "Decode": {"TranslatedText": [{"_content": "Yes", "Type": "text/plain", "lang": "en"}]}}], "Coding": [{"System": "https://www.cdisc.org/standards/terminology", "Code": "C66742", "SystemName": "CDISC/NCI CT"}]}, {"OID": "CL.ECG_02_EGHRMN_DENORMALIZED_1.EGMETHOD.C71151", "Name": "EGMETHOD", "DataType": "text", "CodeListItem": [{"CodedValue": "12 LEAD STANDARD", "Coding": [{"System": "https://www.cdisc.org/standards/terminology", "Code": "C71102", "SystemName": "CDISC/NCI CT"}]}], "Coding": [{"System": "https://www.cdisc.org/standards/terminology", "Code": "C71151", "SystemName": "CDISC/NCI CT"}]}, {"OID": "CL.ECG_02_EGHRMN_DENORMALIZED_1.EGPOS.C71148", "Name": "POSITION", "DataType": "text", "CodeListItem": [{"CodedValue": "SEMI-FOWLERS", "Decode": {"TranslatedText": [{"_content": "Semi-Fowlers", "Type": "text/plain", "lang": "en"}]}}, {"CodedValue": "SEMI-RECUMBENT", "Decode": {"TranslatedText": [{"_content": "Semi-Recumbent", "Type": "text/plain", "lang": "en"}]}}, {"CodedValue": "SITTING", "Decode": {"TranslatedText": [{"_content": "Sitting", "Type": "text/plain", "lang": "en"}]}}, {"CodedValue": "STANDING", "Decode": {"TranslatedText": [{"_content": "Standing", "Type": "text/plain", "lang": "en"}]}}, {"CodedValue": "SUPINE", "Decode": {"TranslatedText": [{"_content": "Supine", "Type": "text/plain", "lang": "en"}]}}], "Coding": [{"System": "https://www.cdisc.org/standards/terminology", "Code": "C71148", "SystemName": "CDISC/NCI CT"}]}, {"OID": "CL.ECG_02_EGHRMN_DENORMALIZED_1.EGHRMN_EGORRESU.C71620", "Name": "UNIT", "DataType": "text", "CodeListItem": [{"CodedValue": "beats/min", "Coding": [{"System": "https://www.cdisc.org/standards/terminology", "Code": "C49673", "SystemName": "CDISC/NCI CT"}]}], "Coding": [{"System": "https://www.cdisc.org/standards/terminology", "Code": "C71620", "SystemName": "CDISC/NCI CT"}]}, {"OID": "CL.ECG_02_QRSAG_DENORMALIZED_2.EGMETHOD.C71151", "Name": "EGMETHOD", "DataType": "text", "CodeListItem": [{"CodedValue": "12 LEAD STANDARD", "Coding": [{"System": "https://www.cdisc.org/standards/terminology", "Code": "C71102", "SystemName": "CDISC/NCI CT"}]}], "Coding": [{"System": "https://www.cdisc.org/standards/terminology", "Code": "C71151", "SystemName": "CDISC/NCI CT"}]}, {"OID": "CL.ECG_02_QRSAG_DENORMALIZED_2.EGPOS.C71148", "Name": "POSITION", "DataType": "text", "CodeListItem": [{"CodedValue": "SEMI-FOWLERS", "Decode": {"TranslatedText": [{"_content": "Semi-Fowlers", "Type": "text/plain", "lang": "en"}]}}, {"CodedValue": "SEMI-RECUMBENT", "Decode": {"TranslatedText": [{"_content": "Semi-Recumbent", "Type": "text/plain", "lang": "en"}]}}, {"CodedValue": "SITTING", "Decode": {"TranslatedText": [{"_content": "Sitting", "Type": "text/plain", "lang": "en"}]}}, {"CodedValue": "STANDING", "Decode": {"TranslatedText": [{"_content": "Standing", "Type": "text/plain", "lang": "en"}]}}, {"CodedValue": "SUPINE", "Decode": {"TranslatedText": [{"_content": "Supine", "Type": "text/plain", "lang": "en"}]}}], "Coding": [{"System": "https://www.cdisc.org/standards/terminology", "Code": "C71148", "SystemName": "CDISC/NCI CT"}]}, {"OID": "CL.ECG_02_QRSAG_DENORMALIZED_2.QRSAG_EGORRESU.C71620", "Name": "UNIT", "DataType": "text", "CodeListItem": [{"CodedValue": "ms", "Decode": {"TranslatedText": [{"_content": "msec", "Type": "text/plain", "lang": "en"}]}}, {"CodedValue": "/s", "Decode": {"TranslatedText": [{"_content": "per sec", "Type": "text/plain", "lang": "en"}]}}], "Coding": [{"System": "https://www.cdisc.org/standards/terminology", "Code": "C71620", "SystemName": "CDISC/NCI CT"}]}, {"OID": "CL.ECG_02_PRAG_DENORMALIZED_3.EGMETHOD.C71151", "Name": "EGMETHOD", "DataType": "text", "CodeListItem": [{"CodedValue": "12 LEAD STANDARD", "Coding": [{"System": "https://www.cdisc.org/standards/terminology", "Code": "C71102", "SystemName": "CDISC/NCI CT"}]}], "Coding": [{"System": "https://www.cdisc.org/standards/terminology", "Code": "C71151", "SystemName": "CDISC/NCI CT"}]}, {"OID": "CL.ECG_02_PRAG_DENORMALIZED_3.EGPOS.C71148", "Name": "POSITION", "DataType": "text", "CodeListItem": [{"CodedValue": "SEMI-FOWLERS", "Decode": {"TranslatedText": [{"_content": "Semi-Fowlers", "Type": "text/plain", "lang": "en"}]}}, {"CodedValue": "SEMI-RECUMBENT", "Decode": {"TranslatedText": [{"_content": "Semi-Recumbent", "Type": "text/plain", "lang": "en"}]}}, {"CodedValue": "SITTING", "Decode": {"TranslatedText": [{"_content": "Sitting", "Type": "text/plain", "lang": "en"}]}}, {"CodedValue": "STANDING", "Decode": {"TranslatedText": [{"_content": "Standing", "Type": "text/plain", "lang": "en"}]}}, {"CodedValue": "SUPINE", "Decode": {"TranslatedText": [{"_content": "Supine", "Type": "text/plain", "lang": "en"}]}}], "Coding": [{"System": "https://www.cdisc.org/standards/terminology", "Code": "C71148", "SystemName": "CDISC/NCI CT"}]}, {"OID": "CL.ECG_02_PRAG_DENORMALIZED_3.PRAG_EGORRESU.C71620", "Name": "UNIT", "DataType": "text", "CodeListItem": [{"CodedValue": "ms", "Decode": {"TranslatedText": [{"_content": "msec", "Type": "text/plain", "lang": "en"}]}}, {"CodedValue": "/s", "Decode": {"TranslatedText": [{"_content": "per sec", "Type": "text/plain", "lang": "en"}]}}], "Coding": [{"System": "https://www.cdisc.org/standards/terminology", "Code": "C71620", "SystemName": "CDISC/NCI CT"}]}, {"OID": "CL.ECG_02_QTAG_DENORMALIZED_4.EGMETHOD.C71151", "Name": "EGMETHOD", "DataType": "text", "CodeListItem": [{"CodedValue": "12 LEAD STANDARD", "Coding": [{"System": "https://www.cdisc.org/standards/terminology", "Code": "C71102", "SystemName": "CDISC/NCI CT"}]}], "Coding": [{"System": "https://www.cdisc.org/standards/terminology", "Code": "C71151", "SystemName": "CDISC/NCI CT"}]}, {"OID": "CL.ECG_02_QTAG_DENORMALIZED_4.EGPOS.C71148", "Name": "POSITION", "DataType": "text", "CodeListItem": [{"CodedValue": "SEMI-FOWLERS", "Decode": {"TranslatedText": [{"_content": "Semi-Fowlers", "Type": "text/plain", "lang": "en"}]}}, {"CodedValue": "SEMI-RECUMBENT", "Decode": {"TranslatedText": [{"_content": "Semi-Recumbent", "Type": "text/plain", "lang": "en"}]}}, {"CodedValue": "SITTING", "Decode": {"TranslatedText": [{"_content": "Sitting", "Type": "text/plain", "lang": "en"}]}}, {"CodedValue": "STANDING", "Decode": {"TranslatedText": [{"_content": "Standing", "Type": "text/plain", "lang": "en"}]}}, {"CodedValue": "SUPINE", "Decode": {"TranslatedText": [{"_content": "Supine", "Type": "text/plain", "lang": "en"}]}}], "Coding": [{"System": "https://www.cdisc.org/standards/terminology", "Code": "C71148", "SystemName": "CDISC/NCI CT"}]}, {"OID": "CL.ECG_02_QTAG_DENORMALIZED_4.QTAG_EGORRESU.C71620", "Name": "UNIT", "DataType": "text", "CodeListItem": [{"CodedValue": "ms", "Decode": {"TranslatedText": [{"_content": "msec", "Type": "text/plain", "lang": "en"}]}}, {"CodedValue": "/s", "Decode": {"TranslatedText": [{"_content": "per sec", "Type": "text/plain", "lang": "en"}]}}], "Coding": [{"System": "https://www.cdisc.org/standards/terminology", "Code": "C71620", "SystemName": "CDISC/NCI CT"}]}, {"OID": "CL.ECG_02_QTCUNSAG_DENORMALIZED_5.EGMETHOD.C71151", "Name": "EGMETHOD", "DataType": "text", "CodeListItem": [{"CodedValue": "12 LEAD STANDARD", "Coding": [{"System": "https://www.cdisc.org/standards/terminology", "Code": "C71102", "SystemName": "CDISC/NCI CT"}]}], "Coding": [{"System": "https://www.cdisc.org/standards/terminology", "Code": "C71151", "SystemName": "CDISC/NCI CT"}]}, {"OID": "CL.ECG_02_QTCUNSAG_DENORMALIZED_5.EGPOS.C71148", "Name": "POSITION", "DataType": "text", "CodeListItem": [{"CodedValue": "SEMI-FOWLERS", "Decode": {"TranslatedText": [{"_content": "Semi-Fowlers", "Type": "text/plain", "lang": "en"}]}}, {"CodedValue": "SEMI-RECUMBENT", "Decode": {"TranslatedText": [{"_content": "Semi-Recumbent", "Type": "text/plain", "lang": "en"}]}}, {"CodedValue": "SITTING", "Decode": {"TranslatedText": [{"_content": "Sitting", "Type": "text/plain", "lang": "en"}]}}, {"CodedValue": "STANDING", "Decode": {"TranslatedText": [{"_content": "Standing", "Type": "text/plain", "lang": "en"}]}}, {"CodedValue": "SUPINE", "Decode": {"TranslatedText": [{"_content": "Supine", "Type": "text/plain", "lang": "en"}]}}], "Coding": [{"System": "https://www.cdisc.org/standards/terminology", "Code": "C71148", "SystemName": "CDISC/NCI CT"}]}, {"OID": "CL.ECG_02_QTCUNSAG_DENORMALIZED_5.QTCUNSAG_EGORRESU.C71620", "Name": "UNIT", "DataType": "text", "CodeListItem": [{"CodedValue": "ms", "Decode": {"TranslatedText": [{"_content": "msec", "Type": "text/plain", "lang": "en"}]}}, {"CodedValue": "/s", "Decode": {"TranslatedText": [{"_content": "per sec", "Type": "text/plain", "lang": "en"}]}}], "Coding": [{"System": "https://www.cdisc.org/standards/terminology", "Code": "C71620", "SystemName": "CDISC/NCI CT"}]}, {"OID": "CL.ECG_02_EGINTP_DENORMALIZED_6.EGINTP_EGORRES.C101834", "Name": "NORMABNM", "DataType": "text", "CodeListItem": [{"CodedValue": "ABNORMAL", "Decode": {"TranslatedText": [{"_content": "Abnormal", "Type": "text/plain", "lang": "en"}]}}, {"CodedValue": "NORMAL", "Decode": {"TranslatedText": [{"_content": "Normal", "Type": "text/plain", "lang": "en"}]}}], "Coding": [{"System": "https://www.cdisc.org/standards/terminology", "Code": "C101834", "SystemName": "CDISC/NCI CT"}]}, {"OID": "CL.ECG_02_EGINTP_DENORMALIZED_6.EGCLSIG.C66742", "Name": "NY", "DataType": "text", "CodeListItem": [{"CodedValue": "N", "Decode": {"TranslatedText": [{"_content": "No", "Type": "text/plain", "lang": "en"}]}}, {"CodedValue": "Y", "Decode": {"TranslatedText": [{"_content": "Yes", "Type": "text/plain", "lang": "en"}]}}], "Coding": [{"System": "https://www.cdisc.org/standards/terminology", "Code": "C66742", "SystemName": "CDISC/NCI CT"}]}, {"OID": "CL.ECG_02_EGINTP_DENORMALIZED_6.EGINTP_EGEVAL.C78735", "Name": "EVAL", "DataType": "text", "CodeListItem": [{"CodedValue": "ADJUDICATION COMMITTEE", "Decode": {"TranslatedText": [{"_content": "Adjudication Committee", "Type": "text/plain", "lang": "en"}]}}, {"CodedValue": "INDEPENDENT ASSESSOR", "Decode": {"TranslatedText": [{"_content": "Independent Assessor", "Type": "text/plain", "lang": "en"}]}}, {"CodedValue": "INVESTIGATOR", "Decode": {"TranslatedText": [{"_content": "Investigator", "Type": "text/plain", "lang": "en"}]}}], "Coding": [{"System": "https://www.cdisc.org/standards/terminology", "Code": "C78735", "SystemName": "CDISC/NCI CT"}]}]}]}]}