<?xml version='1.0' encoding='utf-8'?>
<ODM FileOID="ODM.CDASH.POC" Granularity="Metadata" CreationDateTime="2025-11-26T20:26:04.052413+00:00" ODMVersion="1.3.2" FileType="Snapshot" Originator="Lex Jansen" SourceSystem="odmlib" SourceSystemVersion="0.1" xmlns="http://www.cdisc.org/ns/odm/v1.3" xmlns:xs="http://www.w3.org/2001/XMLSchema-instance" xmlns:xml="http://www.w3.org/XML/1998/namespace" xmlns:xlink="http://www.w3.org/1999/xlink"><Study OID="ODM.CDASH.STUDY"><GlobalVariables><StudyName>ECG</StudyName><StudyDescription>ECG</StudyDescription><ProtocolName>ECG</ProtocolName></GlobalVariables><BasicDefinitions><MeasurementUnit OID="mu.beats/min" Name="beats/min"><Symbol><TranslatedText>beats/min</TranslatedText></Symbol></MeasurementUnit></BasicDefinitions><MetaDataVersion OID="ODM.CDASH.STUDY.MDV" Name="ECG" Description="ECG"><FormDef OID="FORM.ECG1" Name="ECG" Repeating="No"><Description><TranslatedText xml:lang="en">ECG</TranslatedText></Description><ItemGroupRef ItemGroupOID="IG.ECG_01_1" OrderNumber="1" Mandatory="Yes" /><ItemGroupRef ItemGroupOID="IG.ECG_02_2" OrderNumber="2" Mandatory="Yes" /><Alias Context="formAnnotation" Name="DOMAIN = EG" /></FormDef><ItemGroupDef OID="IG.ECG_01_1" Name="ECG Performed" Repeating="No"><ItemRef ItemOID="IT.ECG_01_1_EGPERF_1.EGPERF" OrderNumber="1" Mandatory="Yes" /><ItemRef ItemOID="IT.ECG_01_1_EGPERF_1.EGDAT" OrderNumber="2" Mandatory="No" /></ItemGroupDef><ItemGroupDef OID="IG.ECG_02_2" Name="ECG" Repeating="Yes"><ItemRef ItemOID="IT.ECG_02_2_EGHRMN_DENORMALIZED_1.EGDAT" OrderNumber="1" Mandatory="No" /><ItemRef ItemOID="IT.ECG_02_2_EGHRMN_DENORMALIZED_1.EGMETHOD" OrderNumber="2" Mandatory="Yes" /><ItemRef ItemOID="IT.ECG_02_2_EGHRMN_DENORMALIZED_1.EGPOS" OrderNumber="3" Mandatory="No" /><ItemRef ItemOID="IT.ECG_02_2_EGHRMN_DENORMALIZED_1.EGHRMN_EGORRES" OrderNumber="4" Mandatory="Yes" /><ItemRef ItemOID="IT.ECG_02_2_EGHRMN_DENORMALIZED_1.EGHRMN_EGORRESU" OrderNumber="5" Mandatory="Yes" /><ItemRef ItemOID="IT.ECG_02_2_QRSAG_DENORMALIZED_2.EGDAT" OrderNumber="6" Mandatory="No" /><ItemRef ItemOID="IT.ECG_02_2_QRSAG_DENORMALIZED_2.EGMETHOD" OrderNumber="7" Mandatory="Yes" /><ItemRef ItemOID="IT.ECG_02_2_QRSAG_DENORMALIZED_2.EGPOS" OrderNumber="8" Mandatory="No" /><ItemRef ItemOID="IT.ECG_02_2_QRSAG_DENORMALIZED_2.QRSAG_EGORRES" OrderNumber="9" Mandatory="Yes" /><ItemRef ItemOID="IT.ECG_02_2_QRSAG_DENORMALIZED_2.QRSAG_EGORRESU" OrderNumber="10" Mandatory="Yes" /><ItemRef ItemOID="IT.ECG_02_2_PRAG_DENORMALIZED_3.EGDAT" OrderNumber="11" Mandatory="No" /><ItemRef ItemOID="IT.ECG_02_2_PRAG_DENORMALIZED_3.EGMETHOD" OrderNumber="12" Mandatory="Yes" /><ItemRef ItemOID="IT.ECG_02_2_PRAG_DENORMALIZED_3.EGPOS" OrderNumber="13" Mandatory="No" /><ItemRef ItemOID="IT.ECG_02_2_PRAG_DENORMALIZED_3.PRAG_EGORRES" OrderNumber="14" Mandatory="Yes" /><ItemRef ItemOID="IT.ECG_02_2_PRAG_DENORMALIZED_3.PRAG_EGORRESU" OrderNumber="15" Mandatory="Yes" /><ItemRef ItemOID="IT.ECG_02_2_QTAG_DENORMALIZED_4.EGDAT" OrderNumber="16" Mandatory="No" /><ItemRef ItemOID="IT.ECG_02_2_QTAG_DENORMALIZED_4.EGMETHOD" OrderNumber="17" Mandatory="Yes" /><ItemRef ItemOID="IT.ECG_02_2_QTAG_DENORMALIZED_4.EGPOS" OrderNumber="18" Mandatory="No" /><ItemRef ItemOID="IT.ECG_02_2_QTAG_DENORMALIZED_4.QTAG_EGORRES" OrderNumber="19" Mandatory="Yes" /><ItemRef ItemOID="IT.ECG_02_2_QTAG_DENORMALIZED_4.QTAG_EGORRESU" OrderNumber="20" Mandatory="Yes" /><ItemRef ItemOID="IT.ECG_02_2_QTCUNSAG_DENORMALIZED_5.EGDAT" OrderNumber="21" Mandatory="No" /><ItemRef ItemOID="IT.ECG_02_2_QTCUNSAG_DENORMALIZED_5.EGMETHOD" OrderNumber="22" Mandatory="Yes" /><ItemRef ItemOID="IT.ECG_02_2_QTCUNSAG_DENORMALIZED_5.EGPOS" OrderNumber="23" Mandatory="No" /><ItemRef ItemOID="IT.ECG_02_2_QTCUNSAG_DENORMALIZED_5.QTCUNSAG_EGORRES" OrderNumber="24" Mandatory="Yes" /><ItemRef ItemOID="IT.ECG_02_2_QTCUNSAG_DENORMALIZED_5.QTCUNSAG_EGORRESU" OrderNumber="25" Mandatory="Yes" /><ItemRef ItemOID="IT.ECG_02_2_EGINTP_DENORMALIZED_6.EGDAT" OrderNumber="26" Mandatory="No" /><ItemRef ItemOID="IT.ECG_02_2_EGINTP_DENORMALIZED_6.EGINTP_EGORRES" OrderNumber="27" Mandatory="Yes" /><ItemRef ItemOID="IT.ECG_02_2_EGINTP_DENORMALIZED_6.EGCLSIG" OrderNumber="28" Mandatory="No" /><ItemRef ItemOID="IT.ECG_02_2_EGINTP_DENORMALIZED_6.EGINTP_EGEVAL" OrderNumber="29" Mandatory="No" /></ItemGroupDef><ItemDef OID="IT.ECG_01_1_EGPERF_1.EGPERF" Name="EGPERF" DataType="text" Length="1"><Description><TranslatedText xml:lang="en">EGPERF</TranslatedText></Description><Question><TranslatedText xml:lang="en">Was an ECG performed?</TranslatedText></Question><CodeListRef CodeListOID="CL.ECG_01_EGPERF_1.EGPERF.C66742" /><Alias Context="SDTM" Name="[NOT SUBMITTED]; EGSTAT = NOT DONE when EGTESTCD = EGALL" /><Alias Context="CDASH" Name="EGPERF" /></ItemDef><ItemDef OID="IT.ECG_01_1_EGPERF_1.EGDAT" Name="EGDAT" DataType="date" Length="10"><Description><TranslatedText xml:lang="en">EGDAT</TranslatedText></Description><Alias Context="prompt" Name="Date of Assessment" /><Alias Context="SDTM" Name="EGDTC" /><Alias Context="CDASH" Name="EGDAT" /></ItemDef><ItemDef OID="IT.ECG_02_2_EGHRMN_DENORMALIZED_1.EGDAT" Name="EGDAT" DataType="date" Length="10"><Description><TranslatedText xml:lang="en">EGDAT</TranslatedText></Description><Alias Context="prompt" Name="Date of Assessment" /><Alias Context="SDTM" Name="EGDTC" /><Alias Context="CDASH" Name="EGDAT" /></ItemDef><ItemDef OID="IT.ECG_02_2_EGHRMN_DENORMALIZED_1.EGMETHOD" Name="EGMETHOD" DataType="text" Length="50"><Description><TranslatedText xml:lang="en">EGMETHOD</TranslatedText></Description><CodeListRef CodeListOID="CL.ECG_02_EGHRMN_DENORMALIZED_1.EGMETHOD.C71151" /><Alias Context="prompt" Name="Method" /><Alias Context="SDTM" Name="EGMETHOD = 12 LEAD STANDARD" /><Alias Context="CDASH" Name="EGMETHOD" /></ItemDef><ItemDef OID="IT.ECG_02_2_EGHRMN_DENORMALIZED_1.EGPOS" Name="EGPOS" DataType="text" Length="50"><Description><TranslatedText xml:lang="en">EGPOS</TranslatedText></Description><CodeListRef CodeListOID="CL.ECG_02_EGHRMN_DENORMALIZED_1.EGPOS.C71148" /><Alias Context="prompt" Name="Position" /><Alias Context="SDTM" Name="EGPOS" /><Alias Context="CDASH" Name="EGPOS" /></ItemDef><ItemDef OID="IT.ECG_02_2_EGHRMN_DENORMALIZED_1.EGHRMN_EGORRES" Name="EGHRMN_EGORRES" DataType="integer" Length="3"><Description><TranslatedText xml:lang="en">EGORRES</TranslatedText></Description><MeasurementUnitRef MeasurementUnitOID="mu.beats/min" /><Alias Context="prompt" Name="ECG Mean Heart Rate Result" /><Alias Context="SDTM" Name="EGORRES when EGTESTCD = EGHRMN" /><Alias Context="CDASH" Name="EGHRMN_EGORRES" /></ItemDef><ItemDef OID="IT.ECG_02_2_EGHRMN_DENORMALIZED_1.EGHRMN_EGORRESU" Name="EGHRMN_EGORRESU" DataType="text" Length="50"><Description><TranslatedText xml:lang="en">EGORRESU</TranslatedText></Description><CodeListRef CodeListOID="CL.ECG_02_EGHRMN_DENORMALIZED_1.EGHRMN_EGORRESU.C71620" /><Alias Context="prompt" Name="Unit" /><Alias Context="SDTM" Name="EGORRESU = beats/min when EGTESTCD = EGHRMN" /><Alias Context="CDASH" Name="EGHRMN_EGORRESU" /></ItemDef><ItemDef OID="IT.ECG_02_2_QRSAG_DENORMALIZED_2.EGDAT" Name="EGDAT" DataType="date" Length="10"><Description><TranslatedText xml:lang="en">EGDAT</TranslatedText></Description><Alias Context="prompt" Name="Date of Assessment" /><Alias Context="SDTM" Name="EGDTC" /><Alias Context="CDASH" Name="EGDAT" /></ItemDef><ItemDef OID="IT.ECG_02_2_QRSAG_DENORMALIZED_2.EGMETHOD" Name="EGMETHOD" DataType="text" Length="50"><Description><TranslatedText xml:lang="en">EGMETHOD</TranslatedText></Description><CodeListRef CodeListOID="CL.ECG_02_QRSAG_DENORMALIZED_2.EGMETHOD.C71151" /><Alias Context="prompt" Name="Method" /><Alias Context="SDTM" Name="EGMETHOD = 12 LEAD STANDARD" /><Alias Context="CDASH" Name="EGMETHOD" /></ItemDef><ItemDef OID="IT.ECG_02_2_QRSAG_DENORMALIZED_2.EGPOS" Name="EGPOS" DataType="text" Length="50"><Description><TranslatedText xml:lang="en">EGPOS</TranslatedText></Description><CodeListRef CodeListOID="CL.ECG_02_QRSAG_DENORMALIZED_2.EGPOS.C71148" /><Alias Context="prompt" Name="Position" /><Alias Context="SDTM" Name="EGPOS" /><Alias Context="CDASH" Name="EGPOS" /></ItemDef><ItemDef OID="IT.ECG_02_2_QRSAG_DENORMALIZED_2.QRSAG_EGORRES" Name="QRSAG_EGORRES" DataType="integer" Length="3"><Description><TranslatedText xml:lang="en">EGORRES</TranslatedText></Description><Alias Context="prompt" Name="QRS Duration, Aggregate Result" /><Alias Context="SDTM" Name="EGORRES when EGTESTCD = QRSAG" /><Alias Context="CDASH" Name="QRSAG_EGORRES" /></ItemDef><ItemDef OID="IT.ECG_02_2_QRSAG_DENORMALIZED_2.QRSAG_EGORRESU" Name="QRSAG_EGORRESU" DataType="text" Length="50"><Description><TranslatedText xml:lang="en">EGORRESU</TranslatedText></Description><CodeListRef CodeListOID="CL.ECG_02_QRSAG_DENORMALIZED_2.QRSAG_EGORRESU.C71620" /><Alias Context="prompt" Name="Unit" /><Alias Context="SDTM" Name="EGORRESU when EGTESTCD = QRSAG" /><Alias Context="CDASH" Name="QRSAG_EGORRESU" /></ItemDef><ItemDef OID="IT.ECG_02_2_PRAG_DENORMALIZED_3.EGDAT" Name="EGDAT" DataType="date" Length="10"><Description><TranslatedText xml:lang="en">EGDAT</TranslatedText></Description><Alias Context="prompt" Name="Date of Assessment" /><Alias Context="SDTM" Name="EGDTC" /><Alias Context="CDASH" Name="EGDAT" /></ItemDef><ItemDef OID="IT.ECG_02_2_PRAG_DENORMALIZED_3.EGMETHOD" Name="EGMETHOD" DataType="text" Length="50"><Description><TranslatedText xml:lang="en">EGMETHOD</TranslatedText></Description><CodeListRef CodeListOID="CL.ECG_02_PRAG_DENORMALIZED_3.EGMETHOD.C71151" /><Alias Context="prompt" Name="Method" /><Alias Context="SDTM" Name="EGMETHOD = 12 LEAD STANDARD" /><Alias Context="CDASH" Name="EGMETHOD" /></ItemDef><ItemDef OID="IT.ECG_02_2_PRAG_DENORMALIZED_3.EGPOS" Name="EGPOS" DataType="text" Length="50"><Description><TranslatedText xml:lang="en">EGPOS</TranslatedText></Description><CodeListRef CodeListOID="CL.ECG_02_PRAG_DENORMALIZED_3.EGPOS.C71148" /><Alias Context="prompt" Name="Position" /><Alias Context="SDTM" Name="EGPOS" /><Alias Context="CDASH" Name="EGPOS" /></ItemDef><ItemDef OID="IT.ECG_02_2_PRAG_DENORMALIZED_3.PRAG_EGORRES" Name="PRAG_EGORRES" DataType="integer" Length="3"><Description><TranslatedText xml:lang="en">EGORRES</TranslatedText></Description><Alias Context="prompt" Name="PR Interval, Single Beat Result" /><Alias Context="SDTM" Name="EGORRES when EGTESTCD = PRAG" /><Alias Context="CDASH" Name="PRAG_EGORRES" /></ItemDef><ItemDef OID="IT.ECG_02_2_PRAG_DENORMALIZED_3.PRAG_EGORRESU" Name="PRAG_EGORRESU" DataType="text" Length="50"><Description><TranslatedText xml:lang="en">EGORRESU</TranslatedText></Description><CodeListRef CodeListOID="CL.ECG_02_PRAG_DENORMALIZED_3.PRAG_EGORRESU.C71620" /><Alias Context="prompt" Name="Unit" /><Alias Context="SDTM" Name="EGORRESU when EGTESTCD = PRAG" /><Alias Context="CDASH" Name="PRAG_EGORRESU" /></ItemDef><ItemDef OID="IT.ECG_02_2_QTAG_DENORMALIZED_4.EGDAT" Name="EGDAT" DataType="date" Length="10"><Description><TranslatedText xml:lang="en">EGDAT</TranslatedText></Description><Alias Context="prompt" Name="Date of Assessment" /><Alias Context="SDTM" Name="EGDTC" /><Alias Context="CDASH" Name="EGDAT" /></ItemDef><ItemDef OID="IT.ECG_02_2_QTAG_DENORMALIZED_4.EGMETHOD" Name="EGMETHOD" DataType="text" Length="50"><Description><TranslatedText xml:lang="en">EGMETHOD</TranslatedText></Description><CodeListRef CodeListOID="CL.ECG_02_QTAG_DENORMALIZED_4.EGMETHOD.C71151" /><Alias Context="prompt" Name="Method" /><Alias Context="SDTM" Name="EGMETHOD = 12 LEAD STANDARD" /><Alias Context="CDASH" Name="EGMETHOD" /></ItemDef><ItemDef OID="IT.ECG_02_2_QTAG_DENORMALIZED_4.EGPOS" Name="EGPOS" DataType="text" Length="50"><Description><TranslatedText xml:lang="en">EGPOS</TranslatedText></Description><CodeListRef CodeListOID="CL.ECG_02_QTAG_DENORMALIZED_4.EGPOS.C71148" /><Alias Context="prompt" Name="Position" /><Alias Context="SDTM" Name="EGPOS" /><Alias Context="CDASH" Name="EGPOS" /></ItemDef><ItemDef OID="IT.ECG_02_2_QTAG_DENORMALIZED_4.QTAG_EGORRES" Name="QTAG_EGORRES" DataType="integer" Length="3"><Description><TranslatedText xml:lang="en">EGORRES</TranslatedText></Description><Alias Context="prompt" Name="QT Interval, Aggregate Result" /><Alias Context="SDTM" Name="EGORRES when EGTESTCD = QTAG" /><Alias Context="CDASH" Name="QTAG_EGORRES" /></ItemDef><ItemDef OID="IT.ECG_02_2_QTAG_DENORMALIZED_4.QTAG_EGORRESU" Name="QTAG_EGORRESU" DataType="text" Length="50"><Description><TranslatedText xml:lang="en">EGORRESU</TranslatedText></Description><CodeListRef CodeListOID="CL.ECG_02_QTAG_DENORMALIZED_4.QTAG_EGORRESU.C71620" /><Alias Context="prompt" Name="Unit" /><Alias Context="SDTM" Name="EGORRESU when EGTESTCD = QTAG" /><Alias Context="CDASH" Name="QTAG_EGORRESU" /></ItemDef><ItemDef OID="IT.ECG_02_2_QTCUNSAG_DENORMALIZED_5.EGDAT" Name="EGDAT" DataType="date" Length="10"><Description><TranslatedText xml:lang="en">EGDAT</TranslatedText></Description><Alias Context="prompt" Name="Date of Assessment" /><Alias Context="SDTM" Name="EGDTC" /><Alias Context="CDASH" Name="EGDAT" /></ItemDef><ItemDef OID="IT.ECG_02_2_QTCUNSAG_DENORMALIZED_5.EGMETHOD" Name="EGMETHOD" DataType="text" Length="50"><Description><TranslatedText xml:lang="en">EGMETHOD</TranslatedText></Description><CodeListRef CodeListOID="CL.ECG_02_QTCUNSAG_DENORMALIZED_5.EGMETHOD.C71151" /><Alias Context="prompt" Name="Method" /><Alias Context="SDTM" Name="EGMETHOD = 12 LEAD STANDARD" /><Alias Context="CDASH" Name="EGMETHOD" /></ItemDef><ItemDef OID="IT.ECG_02_2_QTCUNSAG_DENORMALIZED_5.EGPOS" Name="EGPOS" DataType="text" Length="50"><Description><TranslatedText xml:lang="en">EGPOS</TranslatedText></Description><CodeListRef CodeListOID="CL.ECG_02_QTCUNSAG_DENORMALIZED_5.EGPOS.C71148" /><Alias Context="prompt" Name="Position" /><Alias Context="SDTM" Name="EGPOS" /><Alias Context="CDASH" Name="EGPOS" /></ItemDef><ItemDef OID="IT.ECG_02_2_QTCUNSAG_DENORMALIZED_5.QTCUNSAG_EGORRES" Name="QTCUNSAG_EGORRES" DataType="integer" Length="3"><Description><TranslatedText xml:lang="en">EGORRES</TranslatedText></Description><Alias Context="prompt" Name="QTc Corr Method Unspecified, Aggregate Result Unit" /><Alias Context="SDTM" Name="EGORRES when EGTESTCD = QTCUNSAG" /><Alias Context="CDASH" Name="QTCUNSAG_EGORRES" /></ItemDef><ItemDef OID="IT.ECG_02_2_QTCUNSAG_DENORMALIZED_5.QTCUNSAG_EGORRESU" Name="QTCUNSAG_EGORRESU" DataType="text" Length="50"><Description><TranslatedText xml:lang="en">EGORRESU</TranslatedText></Description><CodeListRef CodeListOID="CL.ECG_02_QTCUNSAG_DENORMALIZED_5.QTCUNSAG_EGORRESU.C71620" /><Alias Context="prompt" Name="Unit" /><Alias Context="SDTM" Name="EGORRESU when EGTESTCD = QTCUNSAG" /><Alias Context="CDASH" Name="QTCUNSAG_EGORRESU" /></ItemDef><ItemDef OID="IT.ECG_02_2_EGINTP_DENORMALIZED_6.EGDAT" Name="EGDAT" DataType="date" Length="10"><Description><TranslatedText xml:lang="en">EGDAT</TranslatedText></Description><Alias Context="prompt" Name="Date of Assessment" /><Alias Context="SDTM" Name="EGDTC" /><Alias Context="CDASH" Name="EGDAT" /></ItemDef><ItemDef OID="IT.ECG_02_2_EGINTP_DENORMALIZED_6.EGINTP_EGORRES" Name="EGINTP_EGORRES" DataType="text" Length="50"><Description><TranslatedText xml:lang="en">EGORRES</TranslatedText></Description><Question><TranslatedText xml:lang="en">What was the interpretation of the result?</TranslatedText></Question><CodeListRef CodeListOID="CL.ECG_02_EGINTP_DENORMALIZED_6.EGINTP_EGORRES.C101834" /><Alias Context="SDTM" Name="EGORRES when EGTESTCD = EGINTP" /><Alias Context="CDASH" Name="EGINTP_EGORRES" /></ItemDef><ItemDef OID="IT.ECG_02_2_EGINTP_DENORMALIZED_6.EGCLSIG" Name="EGCLSIG" DataType="text" Length="1"><Description><TranslatedText xml:lang="en">EGCLSIG</TranslatedText></Description><Question><TranslatedText xml:lang="en">Was the ECG clinically significant?</TranslatedText></Question><CodeListRef CodeListOID="CL.ECG_02_EGINTP_DENORMALIZED_6.EGCLSIG.C66742" /><Alias Context="SDTM" Name="EGCLSIG" /><Alias Context="CDASH" Name="EGCLSIG" /></ItemDef><ItemDef OID="IT.ECG_02_2_EGINTP_DENORMALIZED_6.EGINTP_EGEVAL" Name="EGINTP_EGEVAL" DataType="text" Length="50"><Description><TranslatedText xml:lang="en">EGEVAL</TranslatedText></Description><CodeListRef CodeListOID="CL.ECG_02_EGINTP_DENORMALIZED_6.EGINTP_EGEVAL.C78735" /><Alias Context="prompt" Name="Evaluator" /><Alias Context="SDTM" Name="EGEVAL" /><Alias Context="CDASH" Name="EGINTP_EGEVAL" /></ItemDef><CodeList OID="CL.ECG_01_EGPERF_1.EGPERF.C66742" Name="NY" DataType="text"><CodeListItem CodedValue="N"><Decode><TranslatedText xml:lang="en">No</TranslatedText></Decode></CodeListItem><CodeListItem CodedValue="Y"><Decode><TranslatedText xml:lang="en">Yes</TranslatedText></Decode></CodeListItem></CodeList><CodeList OID="CL.ECG_02_EGHRMN_DENORMALIZED_1.EGMETHOD.C71151" Name="EGMETHOD" DataType="text"><EnumeratedItem CodedValue="12 LEAD STANDARD" /></CodeList><CodeList OID="CL.ECG_02_EGHRMN_DENORMALIZED_1.EGPOS.C71148" Name="POSITION" DataType="text"><CodeListItem CodedValue="SEMI-FOWLERS"><Decode><TranslatedText xml:lang="en">Semi-Fowlers</TranslatedText></Decode></CodeListItem><CodeListItem CodedValue="SEMI-RECUMBENT"><Decode><TranslatedText xml:lang="en">Semi-Recumbent</TranslatedText></Decode></CodeListItem><CodeListItem CodedValue="SITTING"><Decode><TranslatedText xml:lang="en">Sitting</TranslatedText></Decode></CodeListItem><CodeListItem CodedValue="STANDING"><Decode><TranslatedText xml:lang="en">Standing</TranslatedText></Decode></CodeListItem><CodeListItem CodedValue="SUPINE"><Decode><TranslatedText xml:lang="en">Supine</TranslatedText></Decode></CodeListItem></CodeList><CodeList OID="CL.ECG_02_EGHRMN_DENORMALIZED_1.EGHRMN_EGORRESU.C71620" Name="UNIT" DataType="text"><EnumeratedItem CodedValue="beats/min" /></CodeList><CodeList OID="CL.ECG_02_QRSAG_DENORMALIZED_2.EGMETHOD.C71151" Name="EGMETHOD" DataType="text"><EnumeratedItem CodedValue="12 LEAD STANDARD" /></CodeList><CodeList OID="CL.ECG_02_QRSAG_DENORMALIZED_2.EGPOS.C71148" Name="POSITION" DataType="text"><CodeListItem CodedValue="SEMI-FOWLERS"><Decode><TranslatedText xml:lang="en">Semi-Fowlers</TranslatedText></Decode></CodeListItem><CodeListItem CodedValue="SEMI-RECUMBENT"><Decode><TranslatedText xml:lang="en">Semi-Recumbent</TranslatedText></Decode></CodeListItem><CodeListItem CodedValue="SITTING"><Decode><TranslatedText xml:lang="en">Sitting</TranslatedText></Decode></CodeListItem><CodeListItem CodedValue="STANDING"><Decode><TranslatedText xml:lang="en">Standing</TranslatedText></Decode></CodeListItem><CodeListItem CodedValue="SUPINE"><Decode><TranslatedText xml:lang="en">Supine</TranslatedText></Decode></CodeListItem></CodeList><CodeList OID="CL.ECG_02_QRSAG_DENORMALIZED_2.QRSAG_EGORRESU.C71620" Name="UNIT" DataType="text"><CodeListItem CodedValue="ms"><Decode><TranslatedText xml:lang="en">msec</TranslatedText></Decode></CodeListItem><CodeListItem CodedValue="/s"><Decode><TranslatedText xml:lang="en">per sec</TranslatedText></Decode></CodeListItem></CodeList><CodeList OID="CL.ECG_02_PRAG_DENORMALIZED_3.EGMETHOD.C71151" Name="EGMETHOD" DataType="text"><EnumeratedItem CodedValue="12 LEAD STANDARD" /></CodeList><CodeList OID="CL.ECG_02_PRAG_DENORMALIZED_3.EGPOS.C71148" Name="POSITION" DataType="text"><CodeListItem CodedValue="SEMI-FOWLERS"><Decode><TranslatedText xml:lang="en">Semi-Fowlers</TranslatedText></Decode></CodeListItem><CodeListItem CodedValue="SEMI-RECUMBENT"><Decode><TranslatedText xml:lang="en">Semi-Recumbent</TranslatedText></Decode></CodeListItem><CodeListItem CodedValue="SITTING"><Decode><TranslatedText xml:lang="en">Sitting</TranslatedText></Decode></CodeListItem><CodeListItem CodedValue="STANDING"><Decode><TranslatedText xml:lang="en">Standing</TranslatedText></Decode></CodeListItem><CodeListItem CodedValue="SUPINE"><Decode><TranslatedText xml:lang="en">Supine</TranslatedText></Decode></CodeListItem></CodeList><CodeList OID="CL.ECG_02_PRAG_DENORMALIZED_3.PRAG_EGORRESU.C71620" Name="UNIT" DataType="text"><CodeListItem CodedValue="ms"><Decode><TranslatedText xml:lang="en">msec</TranslatedText></Decode></CodeListItem><CodeListItem CodedValue="/s"><Decode><TranslatedText xml:lang="en">per sec</TranslatedText></Decode></CodeListItem></CodeList><CodeList OID="CL.ECG_02_QTAG_DENORMALIZED_4.EGMETHOD.C71151" Name="EGMETHOD" DataType="text"><EnumeratedItem CodedValue="12 LEAD STANDARD" /></CodeList><CodeList OID="CL.ECG_02_QTAG_DENORMALIZED_4.EGPOS.C71148" Name="POSITION" DataType="text"><CodeListItem CodedValue="SEMI-FOWLERS"><Decode><TranslatedText xml:lang="en">Semi-Fowlers</TranslatedText></Decode></CodeListItem><CodeListItem CodedValue="SEMI-RECUMBENT"><Decode><TranslatedText xml:lang="en">Semi-Recumbent</TranslatedText></Decode></CodeListItem><CodeListItem CodedValue="SITTING"><Decode><TranslatedText xml:lang="en">Sitting</TranslatedText></Decode></CodeListItem><CodeListItem CodedValue="STANDING"><Decode><TranslatedText xml:lang="en">Standing</TranslatedText></Decode></CodeListItem><CodeListItem CodedValue="SUPINE"><Decode><TranslatedText xml:lang="en">Supine</TranslatedText></Decode></CodeListItem></CodeList><CodeList OID="CL.ECG_02_QTAG_DENORMALIZED_4.QTAG_EGORRESU.C71620" Name="UNIT" DataType="text"><CodeListItem CodedValue="ms"><Decode><TranslatedText xml:lang="en">msec</TranslatedText></Decode></CodeListItem><CodeListItem CodedValue="/s"><Decode><TranslatedText xml:lang="en">per sec</TranslatedText></Decode></CodeListItem></CodeList><CodeList OID="CL.ECG_02_QTCUNSAG_DENORMALIZED_5.EGMETHOD.C71151" Name="EGMETHOD" DataType="text"><EnumeratedItem CodedValue="12 LEAD STANDARD" /></CodeList><CodeList OID="CL.ECG_02_QTCUNSAG_DENORMALIZED_5.EGPOS.C71148" Name="POSITION" DataType="text"><CodeListItem CodedValue="SEMI-FOWLERS"><Decode><TranslatedText xml:lang="en">Semi-Fowlers</TranslatedText></Decode></CodeListItem><CodeListItem CodedValue="SEMI-RECUMBENT"><Decode><TranslatedText xml:lang="en">Semi-Recumbent</TranslatedText></Decode></CodeListItem><CodeListItem CodedValue="SITTING"><Decode><TranslatedText xml:lang="en">Sitting</TranslatedText></Decode></CodeListItem><CodeListItem CodedValue="STANDING"><Decode><TranslatedText xml:lang="en">Standing</TranslatedText></Decode></CodeListItem><CodeListItem CodedValue="SUPINE"><Decode><TranslatedText xml:lang="en">Supine</TranslatedText></Decode></CodeListItem></CodeList><CodeList OID="CL.ECG_02_QTCUNSAG_DENORMALIZED_5.QTCUNSAG_EGORRESU.C71620" Name="UNIT" DataType="text"><CodeListItem CodedValue="ms"><Decode><TranslatedText xml:lang="en">msec</TranslatedText></Decode></CodeListItem><CodeListItem CodedValue="/s"><Decode><TranslatedText xml:lang="en">per sec</TranslatedText></Decode></CodeListItem></CodeList><CodeList OID="CL.ECG_02_EGINTP_DENORMALIZED_6.EGINTP_EGORRES.C101834" Name="NORMABNM" DataType="text"><CodeListItem CodedValue="ABNORMAL"><Decode><TranslatedText xml:lang="en">Abnormal</TranslatedText></Decode></CodeListItem><CodeListItem CodedValue="NORMAL"><Decode><TranslatedText xml:lang="en">Normal</TranslatedText></Decode></CodeListItem></CodeList><CodeList OID="CL.ECG_02_EGINTP_DENORMALIZED_6.EGCLSIG.C66742" Name="NY" DataType="text"><CodeListItem CodedValue="N"><Decode><TranslatedText xml:lang="en">No</TranslatedText></Decode></CodeListItem><CodeListItem CodedValue="Y"><Decode><TranslatedText xml:lang="en">Yes</TranslatedText></Decode></CodeListItem></CodeList><CodeList OID="CL.ECG_02_EGINTP_DENORMALIZED_6.EGINTP_EGEVAL.C78735" Name="EVAL" DataType="text"><CodeListItem CodedValue="ADJUDICATION COMMITTEE"><Decode><TranslatedText xml:lang="en">Adjudication Committee</TranslatedText></Decode></CodeListItem><CodeListItem CodedValue="INDEPENDENT ASSESSOR"><Decode><TranslatedText xml:lang="en">Independent Assessor</TranslatedText></Decode></CodeListItem><CodeListItem CodedValue="INVESTIGATOR"><Decode><TranslatedText xml:lang="en">Investigator</TranslatedText></Decode></CodeListItem></CodeList></MetaDataVersion></Study></ODM>