<?xml version='1.0' encoding='utf-8'?>
<ODM FileOID="ODM.CDASH.POC" Granularity="Metadata" CreationDateTime="2025-09-23T13:27:23.643765+00:00" ODMVersion="2.0" FileType="Snapshot" Originator="Lex Jansen" SourceSystem="odmlib" SourceSystemVersion="0.1" xmlns="http://www.cdisc.org/ns/odm/v2.0" xmlns:xs="http://www.w3.org/2001/XMLSchema-instance" xmlns:xml="http://www.w3.org/XML/1998/namespace" xmlns:xlink="http://www.w3.org/1999/xlink"><Study OID="ODM.CDASH.STUDY" StudyName="CDISC360i CDASH POC Study" ProtocolName="CDISC360i CDASH POC Study protocol"><Description><TranslatedText Type="text/plain" xml:lang="en">CDISC360i CDASH POC Study</TranslatedText></Description><MetaDataVersion OID="ODM.CDASH.STUDY.MDV" Name="CDISC360i CDASH POC Study Metadata Version"><Description><TranslatedText Type="text/plain" xml:lang="en">CDISC360i CDASH ODM 2.0 metadata version</TranslatedText></Description><ItemGroupDef OID="IG_FORM.ECG1" Name="ECG" Repeating="No" Type="Form"><Description><TranslatedText Type="text/plain" xml:lang="en">ECG</TranslatedText></Description><ItemGroupRef ItemGroupOID="IG.ECG_01_1" OrderNumber="1" Mandatory="Yes" /><ItemGroupRef ItemGroupOID="IG.ECG_02_2" OrderNumber="2" Mandatory="Yes" /><Alias Context="formAnnotation" Name="DOMAIN = EG" /></ItemGroupDef><ItemGroupDef OID="IG.ECG_01_1" Name="ECG Performed" Repeating="No" Type="Section"><Description><TranslatedText Type="text/plain" xml:lang="en">ECG Performed</TranslatedText></Description><ItemGroupRef ItemGroupOID="IG.ECG_01_1_EGPERF_1" OrderNumber="1" Mandatory="Yes" /></ItemGroupDef><ItemGroupDef OID="IG.ECG_02_2" Name="ECG" Repeating="Simple" Type="Section"><Description><TranslatedText Type="text/plain" xml:lang="en">ECG</TranslatedText></Description><ItemGroupRef ItemGroupOID="IG.ECG_02_2_EGHRMN_DENORMALIZED_1" OrderNumber="1" Mandatory="Yes" /><ItemGroupRef ItemGroupOID="IG.ECG_02_2_QRSAG_DENORMALIZED_2" OrderNumber="2" Mandatory="Yes" /><ItemGroupRef ItemGroupOID="IG.ECG_02_2_PRAG_DENORMALIZED_3" OrderNumber="3" Mandatory="Yes" /><ItemGroupRef ItemGroupOID="IG.ECG_02_2_QTAG_DENORMALIZED_4" OrderNumber="4" Mandatory="Yes" /><ItemGroupRef ItemGroupOID="IG.ECG_02_2_QTCUNSAG_DENORMALIZED_5" OrderNumber="5" Mandatory="Yes" /><ItemGroupRef ItemGroupOID="IG.ECG_02_2_EGINTP_DENORMALIZED_6" OrderNumber="6" Mandatory="Yes" /></ItemGroupDef><ItemGroupDef OID="IG.ECG_01_1_EGPERF_1" Name="ECG Performed" Repeating="No" Type="Concept"><Description><TranslatedText Type="text/plain" xml:lang="en">ECG Performed</TranslatedText></Description><ItemRef ItemOID="IT.ECG_01_1_EGPERF_1.EGPERF" OrderNumber="1" Mandatory="Yes" /><ItemRef ItemOID="IT.ECG_01_1_EGPERF_1.EGDAT" OrderNumber="2" Mandatory="No" /><Coding System="/mdr/bc/biomedicalconcepts/C82525" Code="C82525" SystemName="CDISC Biomedical Concept" /></ItemGroupDef><ItemGroupDef OID="IG.ECG_02_2_EGHRMN_DENORMALIZED_1" Name="Mean Heart Rate by Electrocardiogram (Denormalized)" Repeating="No" Type="Concept"><Description><TranslatedText Type="text/plain" xml:lang="en">Mean Heart Rate by Electrocardiogram (Denormalized)</TranslatedText></Description><ItemRef ItemOID="IT.ECG_02_2_EGHRMN_DENORMALIZED_1.EGDAT" OrderNumber="1" Mandatory="No" /><ItemRef ItemOID="IT.ECG_02_2_EGHRMN_DENORMALIZED_1.EGMETHOD" OrderNumber="2" Mandatory="Yes" PreSpecifiedValue="12 LEAD STANDARD" /><ItemRef ItemOID="IT.ECG_02_2_EGHRMN_DENORMALIZED_1.EGPOS" OrderNumber="3" Mandatory="No" /><ItemRef ItemOID="IT.ECG_02_2_EGHRMN_DENORMALIZED_1.EGHRMN_EGORRES" OrderNumber="4" Mandatory="Yes" /><ItemRef ItemOID="IT.ECG_02_2_EGHRMN_DENORMALIZED_1.EGHRMN_EGORRESU" OrderNumber="5" Mandatory="Yes" PreSpecifiedValue="beats/min" /><Coding System="/mdr/bc/biomedicalconcepts/C119259" Code="C119259" SystemName="CDISC Biomedical Concept" /><Coding System="/mdr/specializations/sdtm/datasetspecializations/EGHRMN" Code="EGHRMN" SystemName="CDISC SDTM Dataset Specialization" /></ItemGroupDef><ItemGroupDef OID="IG.ECG_02_2_QRSAG_DENORMALIZED_2" Name="QRS Duration Aggregate (Denormalized)" Repeating="No" Type="Concept"><Description><TranslatedText Type="text/plain" xml:lang="en">QRS Duration Aggregate (Denormalized)</TranslatedText></Description><ItemRef ItemOID="IT.ECG_02_2_QRSAG_DENORMALIZED_2.EGDAT" OrderNumber="1" Mandatory="No" /><ItemRef ItemOID="IT.ECG_02_2_QRSAG_DENORMALIZED_2.EGMETHOD" OrderNumber="2" Mandatory="Yes" PreSpecifiedValue="12 LEAD STANDARD" /><ItemRef ItemOID="IT.ECG_02_2_QRSAG_DENORMALIZED_2.EGPOS" OrderNumber="3" Mandatory="No" /><ItemRef ItemOID="IT.ECG_02_2_QRSAG_DENORMALIZED_2.QRSAG_EGORRES" OrderNumber="4" Mandatory="Yes" /><ItemRef ItemOID="IT.ECG_02_2_QRSAG_DENORMALIZED_2.QRSAG_EGORRESU" OrderNumber="5" Mandatory="Yes" /><Coding System="/mdr/bc/biomedicalconcepts/C117779" Code="C117779" SystemName="CDISC Biomedical Concept" /><Coding System="/mdr/specializations/sdtm/datasetspecializations/QRSAG" Code="QRSAG" SystemName="CDISC SDTM Dataset Specialization" /></ItemGroupDef><ItemGroupDef OID="IG.ECG_02_2_PRAG_DENORMALIZED_3" Name="PR Interval Aggregate (Denormalized)" Repeating="No" Type="Concept"><Description><TranslatedText Type="text/plain" xml:lang="en">PR Interval Aggregate (Denormalized)</TranslatedText></Description><ItemRef ItemOID="IT.ECG_02_2_PRAG_DENORMALIZED_3.EGDAT" OrderNumber="1" Mandatory="No" /><ItemRef ItemOID="IT.ECG_02_2_PRAG_DENORMALIZED_3.EGMETHOD" OrderNumber="2" Mandatory="Yes" PreSpecifiedValue="12 LEAD STANDARD" /><ItemRef ItemOID="IT.ECG_02_2_PRAG_DENORMALIZED_3.EGPOS" OrderNumber="3" Mandatory="No" /><ItemRef ItemOID="IT.ECG_02_2_PRAG_DENORMALIZED_3.PRAG_EGORRES" OrderNumber="4" Mandatory="Yes" /><ItemRef ItemOID="IT.ECG_02_2_PRAG_DENORMALIZED_3.PRAG_EGORRESU" OrderNumber="5" Mandatory="Yes" /><Coding System="/mdr/bc/biomedicalconcepts/C117773" Code="C117773" SystemName="CDISC Biomedical Concept" /><Coding System="/mdr/specializations/sdtm/datasetspecializations/PRAG" Code="PRAG" SystemName="CDISC SDTM Dataset Specialization" /></ItemGroupDef><ItemGroupDef OID="IG.ECG_02_2_QTAG_DENORMALIZED_4" Name="QT Interval Aggregate (Denormalized)" Repeating="No" Type="Concept"><Description><TranslatedText Type="text/plain" xml:lang="en">QT Interval Aggregate (Denormalized)</TranslatedText></Description><ItemRef ItemOID="IT.ECG_02_2_QTAG_DENORMALIZED_4.EGDAT" OrderNumber="1" Mandatory="No" /><ItemRef ItemOID="IT.ECG_02_2_QTAG_DENORMALIZED_4.EGMETHOD" OrderNumber="2" Mandatory="Yes" PreSpecifiedValue="12 LEAD STANDARD" /><ItemRef ItemOID="IT.ECG_02_2_QTAG_DENORMALIZED_4.EGPOS" OrderNumber="3" Mandatory="No" /><ItemRef ItemOID="IT.ECG_02_2_QTAG_DENORMALIZED_4.QTAG_EGORRES" OrderNumber="4" Mandatory="Yes" /><ItemRef ItemOID="IT.ECG_02_2_QTAG_DENORMALIZED_4.QTAG_EGORRESU" OrderNumber="5" Mandatory="Yes" /><Coding System="/mdr/bc/biomedicalconcepts/C117783" Code="C117783" SystemName="CDISC Biomedical Concept" /><Coding System="/mdr/specializations/sdtm/datasetspecializations/QTAG" Code="QTAG" SystemName="CDISC SDTM Dataset Specialization" /></ItemGroupDef><ItemGroupDef OID="IG.ECG_02_2_QTCUNSAG_DENORMALIZED_5" Name="QTC Aggregate Method Unspecified (Denormalized)" Repeating="No" Type="Concept"><Description><TranslatedText Type="text/plain" xml:lang="en">QTC Aggregate Method Unspecified (Denormalized)</TranslatedText></Description><ItemRef ItemOID="IT.ECG_02_2_QTCUNSAG_DENORMALIZED_5.EGDAT" OrderNumber="1" Mandatory="No" /><ItemRef ItemOID="IT.ECG_02_2_QTCUNSAG_DENORMALIZED_5.EGMETHOD" OrderNumber="2" Mandatory="Yes" PreSpecifiedValue="12 LEAD STANDARD" /><ItemRef ItemOID="IT.ECG_02_2_QTCUNSAG_DENORMALIZED_5.EGPOS" OrderNumber="3" Mandatory="No" /><ItemRef ItemOID="IT.ECG_02_2_QTCUNSAG_DENORMALIZED_5.QTCUNSAG_EGORRES" OrderNumber="4" Mandatory="Yes" /><ItemRef ItemOID="IT.ECG_02_2_QTCUNSAG_DENORMALIZED_5.QTCUNSAG_EGORRESU" OrderNumber="5" Mandatory="Yes" /><Coding System="/mdr/bc/biomedicalconcepts/C174285" Code="C174285" SystemName="CDISC Biomedical Concept" /><Coding System="/mdr/specializations/sdtm/datasetspecializations/QTCUNSAG" Code="QTCUNSAG" SystemName="CDISC SDTM Dataset Specialization" /></ItemGroupDef><ItemGroupDef OID="IG.ECG_02_2_EGINTP_DENORMALIZED_6" Name="ECG Interpretation (Denormalized)" Repeating="No" Type="Concept"><Description><TranslatedText Type="text/plain" xml:lang="en">ECG Interpretation (Denormalized)</TranslatedText></Description><ItemRef ItemOID="IT.ECG_02_2_EGINTP_DENORMALIZED_6.EGDAT" OrderNumber="1" Mandatory="No" /><ItemRef ItemOID="IT.ECG_02_2_EGINTP_DENORMALIZED_6.EGINTP_EGORRES" OrderNumber="2" Mandatory="Yes" /><ItemRef ItemOID="IT.ECG_02_2_EGINTP_DENORMALIZED_6.EGCLSIG" OrderNumber="3" Mandatory="No" /><ItemRef ItemOID="IT.ECG_02_2_EGINTP_DENORMALIZED_6.EGINTP_EGEVAL" OrderNumber="4" Mandatory="No" /><Coding System="/mdr/bc/biomedicalconcepts/C181655" Code="C181655" SystemName="CDISC Biomedical Concept" /><Coding System="/mdr/specializations/sdtm/datasetspecializations/EGINTP" Code="EGINTP" SystemName="CDISC SDTM Dataset Specialization" /></ItemGroupDef><ItemDef OID="IT.ECG_01_1_EGPERF_1.EGPERF" Name="EGPERF" DataType="text" Length="1"><Question><TranslatedText Type="text/plain" xml:lang="en">Was an ECG performed?</TranslatedText></Question><CodeListRef CodeListOID="CL.ECG_01_EGPERF_1.EGPERF.C66742" /><Alias Context="SDTM" Name="[NOT SUBMITTED]; EGSTAT = NOT DONE when EGTESTCD = EGALL" /><Alias Context="CDASH" Name="EGPERF" /></ItemDef><ItemDef OID="IT.ECG_01_1_EGPERF_1.EGDAT" Name="EGDAT" DataType="date" Length="10"><Prompt><TranslatedText Type="text/plain" xml:lang="en">Date of Assessment</TranslatedText></Prompt><Alias Context="SDTM" Name="EGDTC" /><Alias Context="CDASH" Name="EGDAT" /></ItemDef><ItemDef OID="IT.ECG_02_2_EGHRMN_DENORMALIZED_1.EGDAT" Name="EGDAT" DataType="date" Length="10"><Prompt><TranslatedText Type="text/plain" xml:lang="en">Date of Assessment</TranslatedText></Prompt><Alias Context="SDTM" Name="EGDTC" /><Alias Context="CDASH" Name="EGDAT" /></ItemDef><ItemDef OID="IT.ECG_02_2_EGHRMN_DENORMALIZED_1.EGMETHOD" Name="EGMETHOD" DataType="text" Length="50"><Prompt><TranslatedText Type="text/plain" xml:lang="en">Method</TranslatedText></Prompt><CodeListRef CodeListOID="CL.ECG_02_EGHRMN_DENORMALIZED_1.EGMETHOD.C71151" /><Alias Context="SDTM" Name="EGMETHOD = 12 LEAD STANDARD" /><Alias Context="CDASH" Name="EGMETHOD" /></ItemDef><ItemDef OID="IT.ECG_02_2_EGHRMN_DENORMALIZED_1.EGPOS" Name="EGPOS" DataType="text" Length="50"><Prompt><TranslatedText Type="text/plain" xml:lang="en">Position</TranslatedText></Prompt><CodeListRef CodeListOID="CL.ECG_02_EGHRMN_DENORMALIZED_1.EGPOS.C71148" /><Alias Context="SDTM" Name="EGPOS" /><Alias Context="CDASH" Name="EGPOS" /></ItemDef><ItemDef OID="IT.ECG_02_2_EGHRMN_DENORMALIZED_1.EGHRMN_EGORRES" Name="EGHRMN_EGORRES" DataType="integer" Length="3"><Prompt><TranslatedText Type="text/plain" xml:lang="en">ECG Mean Heart Rate Result</TranslatedText></Prompt><Alias Context="SDTM" Name="EGORRES when EGTESTCD = EGHRMN" /><Alias Context="CDASH" Name="EGHRMN_EGORRES" /></ItemDef><ItemDef OID="IT.ECG_02_2_EGHRMN_DENORMALIZED_1.EGHRMN_EGORRESU" Name="EGHRMN_EGORRESU" DataType="text" Length="50"><Prompt><TranslatedText Type="text/plain" xml:lang="en">Unit</TranslatedText></Prompt><CodeListRef CodeListOID="CL.ECG_02_EGHRMN_DENORMALIZED_1.EGHRMN_EGORRESU.C71620" /><Alias Context="SDTM" Name="EGORRESU = beats/min when EGTESTCD = EGHRMN" /><Alias Context="CDASH" Name="EGHRMN_EGORRESU" /></ItemDef><ItemDef OID="IT.ECG_02_2_QRSAG_DENORMALIZED_2.EGDAT" Name="EGDAT" DataType="date" Length="10"><Prompt><TranslatedText Type="text/plain" xml:lang="en">Date of Assessment</TranslatedText></Prompt><Alias Context="SDTM" Name="EGDTC" /><Alias Context="CDASH" Name="EGDAT" /></ItemDef><ItemDef OID="IT.ECG_02_2_QRSAG_DENORMALIZED_2.EGMETHOD" Name="EGMETHOD" DataType="text" Length="50"><Prompt><TranslatedText Type="text/plain" xml:lang="en">Method</TranslatedText></Prompt><CodeListRef CodeListOID="CL.ECG_02_QRSAG_DENORMALIZED_2.EGMETHOD.C71151" /><Alias Context="SDTM" Name="EGMETHOD = 12 LEAD STANDARD" /><Alias Context="CDASH" Name="EGMETHOD" /></ItemDef><ItemDef OID="IT.ECG_02_2_QRSAG_DENORMALIZED_2.EGPOS" Name="EGPOS" DataType="text" Length="50"><Prompt><TranslatedText Type="text/plain" xml:lang="en">Position</TranslatedText></Prompt><CodeListRef CodeListOID="CL.ECG_02_QRSAG_DENORMALIZED_2.EGPOS.C71148" /><Alias Context="SDTM" Name="EGPOS" /><Alias Context="CDASH" Name="EGPOS" /></ItemDef><ItemDef OID="IT.ECG_02_2_QRSAG_DENORMALIZED_2.QRSAG_EGORRES" Name="QRSAG_EGORRES" DataType="integer" Length="3"><Prompt><TranslatedText Type="text/plain" xml:lang="en">QRS Duration, Aggregate Result</TranslatedText></Prompt><Alias Context="SDTM" Name="EGORRES when EGTESTCD = QRSAG" /><Alias Context="CDASH" Name="QRSAG_EGORRES" /></ItemDef><ItemDef OID="IT.ECG_02_2_QRSAG_DENORMALIZED_2.QRSAG_EGORRESU" Name="QRSAG_EGORRESU" DataType="text" Length="50"><Prompt><TranslatedText Type="text/plain" xml:lang="en">Unit</TranslatedText></Prompt><CodeListRef CodeListOID="CL.ECG_02_QRSAG_DENORMALIZED_2.QRSAG_EGORRESU.C71620" /><Alias Context="SDTM" Name="EGORRESU when EGTESTCD = QRSAG" /><Alias Context="CDASH" Name="QRSAG_EGORRESU" /></ItemDef><ItemDef OID="IT.ECG_02_2_PRAG_DENORMALIZED_3.EGDAT" Name="EGDAT" DataType="date" Length="10"><Prompt><TranslatedText Type="text/plain" xml:lang="en">Date of Assessment</TranslatedText></Prompt><Alias Context="SDTM" Name="EGDTC" /><Alias Context="CDASH" Name="EGDAT" /></ItemDef><ItemDef OID="IT.ECG_02_2_PRAG_DENORMALIZED_3.EGMETHOD" Name="EGMETHOD" DataType="text" Length="50"><Prompt><TranslatedText Type="text/plain" xml:lang="en">Method</TranslatedText></Prompt><CodeListRef CodeListOID="CL.ECG_02_PRAG_DENORMALIZED_3.EGMETHOD.C71151" /><Alias Context="SDTM" Name="EGMETHOD = 12 LEAD STANDARD" /><Alias Context="CDASH" Name="EGMETHOD" /></ItemDef><ItemDef OID="IT.ECG_02_2_PRAG_DENORMALIZED_3.EGPOS" Name="EGPOS" DataType="text" Length="50"><Prompt><TranslatedText Type="text/plain" xml:lang="en">Position</TranslatedText></Prompt><CodeListRef CodeListOID="CL.ECG_02_PRAG_DENORMALIZED_3.EGPOS.C71148" /><Alias Context="SDTM" Name="EGPOS" /><Alias Context="CDASH" Name="EGPOS" /></ItemDef><ItemDef OID="IT.ECG_02_2_PRAG_DENORMALIZED_3.PRAG_EGORRES" Name="PRAG_EGORRES" DataType="integer" Length="3"><Prompt><TranslatedText Type="text/plain" xml:lang="en">PR Interval, Single Beat Result</TranslatedText></Prompt><Alias Context="SDTM" Name="EGORRES when EGTESTCD = PRAG" /><Alias Context="CDASH" Name="PRAG_EGORRES" /></ItemDef><ItemDef OID="IT.ECG_02_2_PRAG_DENORMALIZED_3.PRAG_EGORRESU" Name="PRAG_EGORRESU" DataType="text" Length="50"><Prompt><TranslatedText Type="text/plain" xml:lang="en">Unit</TranslatedText></Prompt><CodeListRef CodeListOID="CL.ECG_02_PRAG_DENORMALIZED_3.PRAG_EGORRESU.C71620" /><Alias Context="SDTM" Name="EGORRESU when EGTESTCD = PRAG" /><Alias Context="CDASH" Name="PRAG_EGORRESU" /></ItemDef><ItemDef OID="IT.ECG_02_2_QTAG_DENORMALIZED_4.EGDAT" Name="EGDAT" DataType="date" Length="10"><Prompt><TranslatedText Type="text/plain" xml:lang="en">Date of Assessment</TranslatedText></Prompt><Alias Context="SDTM" Name="EGDTC" /><Alias Context="CDASH" Name="EGDAT" /></ItemDef><ItemDef OID="IT.ECG_02_2_QTAG_DENORMALIZED_4.EGMETHOD" Name="EGMETHOD" DataType="text" Length="50"><Prompt><TranslatedText Type="text/plain" xml:lang="en">Method</TranslatedText></Prompt><CodeListRef CodeListOID="CL.ECG_02_QTAG_DENORMALIZED_4.EGMETHOD.C71151" /><Alias Context="SDTM" Name="EGMETHOD = 12 LEAD STANDARD" /><Alias Context="CDASH" Name="EGMETHOD" /></ItemDef><ItemDef OID="IT.ECG_02_2_QTAG_DENORMALIZED_4.EGPOS" Name="EGPOS" DataType="text" Length="50"><Prompt><TranslatedText Type="text/plain" xml:lang="en">Position</TranslatedText></Prompt><CodeListRef CodeListOID="CL.ECG_02_QTAG_DENORMALIZED_4.EGPOS.C71148" /><Alias Context="SDTM" Name="EGPOS" /><Alias Context="CDASH" Name="EGPOS" /></ItemDef><ItemDef OID="IT.ECG_02_2_QTAG_DENORMALIZED_4.QTAG_EGORRES" Name="QTAG_EGORRES" DataType="integer" Length="3"><Prompt><TranslatedText Type="text/plain" xml:lang="en">QT Interval, Aggregate Result</TranslatedText></Prompt><Alias Context="SDTM" Name="EGORRES when EGTESTCD = QTAG" /><Alias Context="CDASH" Name="QTAG_EGORRES" /></ItemDef><ItemDef OID="IT.ECG_02_2_QTAG_DENORMALIZED_4.QTAG_EGORRESU" Name="QTAG_EGORRESU" DataType="text" Length="50"><Prompt><TranslatedText Type="text/plain" xml:lang="en">Unit</TranslatedText></Prompt><CodeListRef CodeListOID="CL.ECG_02_QTAG_DENORMALIZED_4.QTAG_EGORRESU.C71620" /><Alias Context="SDTM" Name="EGORRESU when EGTESTCD = QTAG" /><Alias Context="CDASH" Name="QTAG_EGORRESU" /></ItemDef><ItemDef OID="IT.ECG_02_2_QTCUNSAG_DENORMALIZED_5.EGDAT" Name="EGDAT" DataType="date" Length="10"><Prompt><TranslatedText Type="text/plain" xml:lang="en">Date of Assessment</TranslatedText></Prompt><Alias Context="SDTM" Name="EGDTC" /><Alias Context="CDASH" Name="EGDAT" /></ItemDef><ItemDef OID="IT.ECG_02_2_QTCUNSAG_DENORMALIZED_5.EGMETHOD" Name="EGMETHOD" DataType="text" Length="50"><Prompt><TranslatedText Type="text/plain" xml:lang="en">Method</TranslatedText></Prompt><CodeListRef CodeListOID="CL.ECG_02_QTCUNSAG_DENORMALIZED_5.EGMETHOD.C71151" /><Alias Context="SDTM" Name="EGMETHOD = 12 LEAD STANDARD" /><Alias Context="CDASH" Name="EGMETHOD" /></ItemDef><ItemDef OID="IT.ECG_02_2_QTCUNSAG_DENORMALIZED_5.EGPOS" Name="EGPOS" DataType="text" Length="50"><Prompt><TranslatedText Type="text/plain" xml:lang="en">Position</TranslatedText></Prompt><CodeListRef CodeListOID="CL.ECG_02_QTCUNSAG_DENORMALIZED_5.EGPOS.C71148" /><Alias Context="SDTM" Name="EGPOS" /><Alias Context="CDASH" Name="EGPOS" /></ItemDef><ItemDef OID="IT.ECG_02_2_QTCUNSAG_DENORMALIZED_5.QTCUNSAG_EGORRES" Name="QTCUNSAG_EGORRES" DataType="integer" Length="3"><Prompt><TranslatedText Type="text/plain" xml:lang="en">QTc Corr Method Unspecified, Aggregate Result Unit</TranslatedText></Prompt><Alias Context="SDTM" Name="EGORRES when EGTESTCD = QTCUNSAG" /><Alias Context="CDASH" Name="QTCUNSAG_EGORRES" /></ItemDef><ItemDef OID="IT.ECG_02_2_QTCUNSAG_DENORMALIZED_5.QTCUNSAG_EGORRESU" Name="QTCUNSAG_EGORRESU" DataType="text" Length="50"><Prompt><TranslatedText Type="text/plain" xml:lang="en">Unit</TranslatedText></Prompt><CodeListRef CodeListOID="CL.ECG_02_QTCUNSAG_DENORMALIZED_5.QTCUNSAG_EGORRESU.C71620" /><Alias Context="SDTM" Name="EGORRESU when EGTESTCD = QTCUNSAG" /><Alias Context="CDASH" Name="QTCUNSAG_EGORRESU" /></ItemDef><ItemDef OID="IT.ECG_02_2_EGINTP_DENORMALIZED_6.EGDAT" Name="EGDAT" DataType="date" Length="10"><Prompt><TranslatedText Type="text/plain" xml:lang="en">Date of Assessment</TranslatedText></Prompt><Alias Context="SDTM" Name="EGDTC" /><Alias Context="CDASH" Name="EGDAT" /></ItemDef><ItemDef OID="IT.ECG_02_2_EGINTP_DENORMALIZED_6.EGINTP_EGORRES" Name="EGINTP_EGORRES" DataType="text" Length="50"><Question><TranslatedText Type="text/plain" xml:lang="en">What was the interpretation of the result?</TranslatedText></Question><CodeListRef CodeListOID="CL.ECG_02_EGINTP_DENORMALIZED_6.EGINTP_EGORRES.C101834" /><Alias Context="SDTM" Name="EGORRES when EGTESTCD = EGINTP" /><Alias Context="CDASH" Name="EGINTP_EGORRES" /></ItemDef><ItemDef OID="IT.ECG_02_2_EGINTP_DENORMALIZED_6.EGCLSIG" Name="EGCLSIG" DataType="text" Length="1"><Question><TranslatedText Type="text/plain" xml:lang="en">Was the ECG clinically significant?</TranslatedText></Question><CodeListRef CodeListOID="CL.ECG_02_EGINTP_DENORMALIZED_6.EGCLSIG.C66742" /><Alias Context="SDTM" Name="EGCLSIG" /><Alias Context="CDASH" Name="EGCLSIG" /></ItemDef><ItemDef OID="IT.ECG_02_2_EGINTP_DENORMALIZED_6.EGINTP_EGEVAL" Name="EGINTP_EGEVAL" DataType="text" Length="50"><Prompt><TranslatedText Type="text/plain" xml:lang="en">Evaluator</TranslatedText></Prompt><CodeListRef CodeListOID="CL.ECG_02_EGINTP_DENORMALIZED_6.EGINTP_EGEVAL.C78735" /><Alias Context="SDTM" Name="EGEVAL" /><Alias Context="CDASH" Name="EGINTP_EGEVAL" /></ItemDef><CodeList OID="CL.ECG_01_EGPERF_1.EGPERF.C66742" Name="NY" DataType="text"><CodeListItem CodedValue="N"><Decode><TranslatedText Type="text/plain" xml:lang="en">No</TranslatedText></Decode></CodeListItem><CodeListItem CodedValue="Y"><Decode><TranslatedText Type="text/plain" xml:lang="en">Yes</TranslatedText></Decode></CodeListItem><Coding System="https://www.cdisc.org/standards/terminology" Code="C66742" SystemName="CDISC/NCI CT" /></CodeList><CodeList OID="CL.ECG_02_EGHRMN_DENORMALIZED_1.EGMETHOD.C71151" Name="EGMETHOD" DataType="text"><CodeListItem CodedValue="12 LEAD STANDARD"><Coding System="https://www.cdisc.org/standards/terminology" Code="C71102" SystemName="CDISC/NCI CT" /></CodeListItem><Coding System="https://www.cdisc.org/standards/terminology" Code="C71151" SystemName="CDISC/NCI CT" /></CodeList><CodeList OID="CL.ECG_02_EGHRMN_DENORMALIZED_1.EGPOS.C71148" Name="POSITION" DataType="text"><CodeListItem CodedValue="SEMI-FOWLERS"><Decode><TranslatedText Type="text/plain" xml:lang="en">Semi-Fowlers</TranslatedText></Decode></CodeListItem><CodeListItem CodedValue="SEMI-RECUMBENT"><Decode><TranslatedText Type="text/plain" xml:lang="en">Semi-Recumbent</TranslatedText></Decode></CodeListItem><CodeListItem CodedValue="SITTING"><Decode><TranslatedText Type="text/plain" xml:lang="en">Sitting</TranslatedText></Decode></CodeListItem><CodeListItem CodedValue="STANDING"><Decode><TranslatedText Type="text/plain" xml:lang="en">Standing</TranslatedText></Decode></CodeListItem><CodeListItem CodedValue="SUPINE"><Decode><TranslatedText Type="text/plain" xml:lang="en">Supine</TranslatedText></Decode></CodeListItem><Coding System="https://www.cdisc.org/standards/terminology" Code="C71148" SystemName="CDISC/NCI CT" /></CodeList><CodeList OID="CL.ECG_02_EGHRMN_DENORMALIZED_1.EGHRMN_EGORRESU.C71620" Name="UNIT" DataType="text"><CodeListItem CodedValue="beats/min"><Coding System="https://www.cdisc.org/standards/terminology" Code="C49673" SystemName="CDISC/NCI CT" /></CodeListItem><Coding System="https://www.cdisc.org/standards/terminology" Code="C71620" SystemName="CDISC/NCI CT" /></CodeList><CodeList OID="CL.ECG_02_QRSAG_DENORMALIZED_2.EGMETHOD.C71151" Name="EGMETHOD" DataType="text"><CodeListItem CodedValue="12 LEAD STANDARD"><Coding System="https://www.cdisc.org/standards/terminology" Code="C71102" SystemName="CDISC/NCI CT" /></CodeListItem><Coding System="https://www.cdisc.org/standards/terminology" Code="C71151" SystemName="CDISC/NCI CT" /></CodeList><CodeList OID="CL.ECG_02_QRSAG_DENORMALIZED_2.EGPOS.C71148" Name="POSITION" DataType="text"><CodeListItem CodedValue="SEMI-FOWLERS"><Decode><TranslatedText Type="text/plain" xml:lang="en">Semi-Fowlers</TranslatedText></Decode></CodeListItem><CodeListItem CodedValue="SEMI-RECUMBENT"><Decode><TranslatedText Type="text/plain" xml:lang="en">Semi-Recumbent</TranslatedText></Decode></CodeListItem><CodeListItem CodedValue="SITTING"><Decode><TranslatedText Type="text/plain" xml:lang="en">Sitting</TranslatedText></Decode></CodeListItem><CodeListItem CodedValue="STANDING"><Decode><TranslatedText Type="text/plain" xml:lang="en">Standing</TranslatedText></Decode></CodeListItem><CodeListItem CodedValue="SUPINE"><Decode><TranslatedText Type="text/plain" xml:lang="en">Supine</TranslatedText></Decode></CodeListItem><Coding System="https://www.cdisc.org/standards/terminology" Code="C71148" SystemName="CDISC/NCI CT" /></CodeList><CodeList OID="CL.ECG_02_QRSAG_DENORMALIZED_2.QRSAG_EGORRESU.C71620" Name="UNIT" DataType="text"><CodeListItem CodedValue="ms"><Decode><TranslatedText Type="text/plain" xml:lang="en">msec</TranslatedText></Decode></CodeListItem><CodeListItem CodedValue="/s"><Decode><TranslatedText Type="text/plain" xml:lang="en">per sec</TranslatedText></Decode></CodeListItem><Coding System="https://www.cdisc.org/standards/terminology" Code="C71620" SystemName="CDISC/NCI CT" /></CodeList><CodeList OID="CL.ECG_02_PRAG_DENORMALIZED_3.EGMETHOD.C71151" Name="EGMETHOD" DataType="text"><CodeListItem CodedValue="12 LEAD STANDARD"><Coding System="https://www.cdisc.org/standards/terminology" Code="C71102" SystemName="CDISC/NCI CT" /></CodeListItem><Coding System="https://www.cdisc.org/standards/terminology" Code="C71151" SystemName="CDISC/NCI CT" /></CodeList><CodeList OID="CL.ECG_02_PRAG_DENORMALIZED_3.EGPOS.C71148" Name="POSITION" DataType="text"><CodeListItem CodedValue="SEMI-FOWLERS"><Decode><TranslatedText Type="text/plain" xml:lang="en">Semi-Fowlers</TranslatedText></Decode></CodeListItem><CodeListItem CodedValue="SEMI-RECUMBENT"><Decode><TranslatedText Type="text/plain" xml:lang="en">Semi-Recumbent</TranslatedText></Decode></CodeListItem><CodeListItem CodedValue="SITTING"><Decode><TranslatedText Type="text/plain" xml:lang="en">Sitting</TranslatedText></Decode></CodeListItem><CodeListItem CodedValue="STANDING"><Decode><TranslatedText Type="text/plain" xml:lang="en">Standing</TranslatedText></Decode></CodeListItem><CodeListItem CodedValue="SUPINE"><Decode><TranslatedText Type="text/plain" xml:lang="en">Supine</TranslatedText></Decode></CodeListItem><Coding System="https://www.cdisc.org/standards/terminology" Code="C71148" SystemName="CDISC/NCI CT" /></CodeList><CodeList OID="CL.ECG_02_PRAG_DENORMALIZED_3.PRAG_EGORRESU.C71620" Name="UNIT" DataType="text"><CodeListItem CodedValue="ms"><Decode><TranslatedText Type="text/plain" xml:lang="en">msec</TranslatedText></Decode></CodeListItem><CodeListItem CodedValue="/s"><Decode><TranslatedText Type="text/plain" xml:lang="en">per sec</TranslatedText></Decode></CodeListItem><Coding System="https://www.cdisc.org/standards/terminology" Code="C71620" SystemName="CDISC/NCI CT" /></CodeList><CodeList OID="CL.ECG_02_QTAG_DENORMALIZED_4.EGMETHOD.C71151" Name="EGMETHOD" DataType="text"><CodeListItem CodedValue="12 LEAD STANDARD"><Coding System="https://www.cdisc.org/standards/terminology" Code="C71102" SystemName="CDISC/NCI CT" /></CodeListItem><Coding System="https://www.cdisc.org/standards/terminology" Code="C71151" SystemName="CDISC/NCI CT" /></CodeList><CodeList OID="CL.ECG_02_QTAG_DENORMALIZED_4.EGPOS.C71148" Name="POSITION" DataType="text"><CodeListItem CodedValue="SEMI-FOWLERS"><Decode><TranslatedText Type="text/plain" xml:lang="en">Semi-Fowlers</TranslatedText></Decode></CodeListItem><CodeListItem CodedValue="SEMI-RECUMBENT"><Decode><TranslatedText Type="text/plain" xml:lang="en">Semi-Recumbent</TranslatedText></Decode></CodeListItem><CodeListItem CodedValue="SITTING"><Decode><TranslatedText Type="text/plain" xml:lang="en">Sitting</TranslatedText></Decode></CodeListItem><CodeListItem CodedValue="STANDING"><Decode><TranslatedText Type="text/plain" xml:lang="en">Standing</TranslatedText></Decode></CodeListItem><CodeListItem CodedValue="SUPINE"><Decode><TranslatedText Type="text/plain" xml:lang="en">Supine</TranslatedText></Decode></CodeListItem><Coding System="https://www.cdisc.org/standards/terminology" Code="C71148" SystemName="CDISC/NCI CT" /></CodeList><CodeList OID="CL.ECG_02_QTAG_DENORMALIZED_4.QTAG_EGORRESU.C71620" Name="UNIT" DataType="text"><CodeListItem CodedValue="ms"><Decode><TranslatedText Type="text/plain" xml:lang="en">msec</TranslatedText></Decode></CodeListItem><CodeListItem CodedValue="/s"><Decode><TranslatedText Type="text/plain" xml:lang="en">per sec</TranslatedText></Decode></CodeListItem><Coding System="https://www.cdisc.org/standards/terminology" Code="C71620" SystemName="CDISC/NCI CT" /></CodeList><CodeList OID="CL.ECG_02_QTCUNSAG_DENORMALIZED_5.EGMETHOD.C71151" Name="EGMETHOD" DataType="text"><CodeListItem CodedValue="12 LEAD STANDARD"><Coding System="https://www.cdisc.org/standards/terminology" Code="C71102" SystemName="CDISC/NCI CT" /></CodeListItem><Coding System="https://www.cdisc.org/standards/terminology" Code="C71151" SystemName="CDISC/NCI CT" /></CodeList><CodeList OID="CL.ECG_02_QTCUNSAG_DENORMALIZED_5.EGPOS.C71148" Name="POSITION" DataType="text"><CodeListItem CodedValue="SEMI-FOWLERS"><Decode><TranslatedText Type="text/plain" xml:lang="en">Semi-Fowlers</TranslatedText></Decode></CodeListItem><CodeListItem CodedValue="SEMI-RECUMBENT"><Decode><TranslatedText Type="text/plain" xml:lang="en">Semi-Recumbent</TranslatedText></Decode></CodeListItem><CodeListItem CodedValue="SITTING"><Decode><TranslatedText Type="text/plain" xml:lang="en">Sitting</TranslatedText></Decode></CodeListItem><CodeListItem CodedValue="STANDING"><Decode><TranslatedText Type="text/plain" xml:lang="en">Standing</TranslatedText></Decode></CodeListItem><CodeListItem CodedValue="SUPINE"><Decode><TranslatedText Type="text/plain" xml:lang="en">Supine</TranslatedText></Decode></CodeListItem><Coding System="https://www.cdisc.org/standards/terminology" Code="C71148" SystemName="CDISC/NCI CT" /></CodeList><CodeList OID="CL.ECG_02_QTCUNSAG_DENORMALIZED_5.QTCUNSAG_EGORRESU.C71620" Name="UNIT" DataType="text"><CodeListItem CodedValue="ms"><Decode><TranslatedText Type="text/plain" xml:lang="en">msec</TranslatedText></Decode></CodeListItem><CodeListItem CodedValue="/s"><Decode><TranslatedText Type="text/plain" xml:lang="en">per sec</TranslatedText></Decode></CodeListItem><Coding System="https://www.cdisc.org/standards/terminology" Code="C71620" SystemName="CDISC/NCI CT" /></CodeList><CodeList OID="CL.ECG_02_EGINTP_DENORMALIZED_6.EGINTP_EGORRES.C101834" Name="NORMABNM" DataType="text"><CodeListItem CodedValue="ABNORMAL"><Decode><TranslatedText Type="text/plain" xml:lang="en">Abnormal</TranslatedText></Decode></CodeListItem><CodeListItem CodedValue="NORMAL"><Decode><TranslatedText Type="text/plain" xml:lang="en">Normal</TranslatedText></Decode></CodeListItem><Coding System="https://www.cdisc.org/standards/terminology" Code="C101834" SystemName="CDISC/NCI CT" /></CodeList><CodeList OID="CL.ECG_02_EGINTP_DENORMALIZED_6.EGCLSIG.C66742" Name="NY" DataType="text"><CodeListItem CodedValue="N"><Decode><TranslatedText Type="text/plain" xml:lang="en">No</TranslatedText></Decode></CodeListItem><CodeListItem CodedValue="Y"><Decode><TranslatedText Type="text/plain" xml:lang="en">Yes</TranslatedText></Decode></CodeListItem><Coding System="https://www.cdisc.org/standards/terminology" Code="C66742" SystemName="CDISC/NCI CT" /></CodeList><CodeList OID="CL.ECG_02_EGINTP_DENORMALIZED_6.EGINTP_EGEVAL.C78735" Name="EVAL" DataType="text"><CodeListItem CodedValue="ADJUDICATION COMMITTEE"><Decode><TranslatedText Type="text/plain" xml:lang="en">Adjudication Committee</TranslatedText></Decode></CodeListItem><CodeListItem CodedValue="INDEPENDENT ASSESSOR"><Decode><TranslatedText Type="text/plain" xml:lang="en">Independent Assessor</TranslatedText></Decode></CodeListItem><CodeListItem CodedValue="INVESTIGATOR"><Decode><TranslatedText Type="text/plain" xml:lang="en">Investigator</TranslatedText></Decode></CodeListItem><Coding System="https://www.cdisc.org/standards/terminology" Code="C78735" SystemName="CDISC/NCI CT" /></CodeList></MetaDataVersion></Study></ODM>