{"FileOID": "ODM.CDASH.POC", "Granularity": "Metadata", "CreationDateTime": "2025-09-24T20:32:18.996643+00:00", "ODMVersion": "2.0", "FileType": "Snapshot", "Originator": "Lex Jansen", "SourceSystem": "odmlib", "SourceSystemVersion": "0.1", "Study": [{"OID": "ODM.CDASH.STUDY", "StudyName": "Study Administration", "Description": {"TranslatedText": [{"_content": "Study Administration", "Type": "text/plain", "lang": "en"}]}, "ProtocolName": "Study Administration", "MetaDataVersion": [{"OID": "ODM.CDASH.STUDY.MDV", "Name": "Study Administration", "Description": {"TranslatedText": [{"_content": "Study Administration", "Type": "text/plain", "lang": "en"}]}, "ItemGroupDef": [{"OID": "IG_FORM.EC1", "Name": "Study Administration", "Repeating": "No", "Type": "Form", "Description": {"TranslatedText": [{"_content": "Study Administration", "Type": "text/plain", "lang": "en"}]}, "ItemGroupRef": [{"ItemGroupOID": "IG.EC_1", "OrderNumber": 1, "Mandatory": "Yes"}, {"ItemGroupOID": "IG.EXPOSCOLL_XANPLAC_2", "OrderNumber": 2, "Mandatory": "Yes"}], "Alias": [{"Context": "formAnnotation", "Name": "DOMAIN = EC"}]}, {"OID": "IG.EC_1", "Name": "STUDY DRUG", "Repeating": "No", "Type": "Section", "Description": {"TranslatedText": [{"_content": "STUDY DRUG", "Type": "text/plain", "lang": "en"}]}, "ItemGroupRef": [{"ItemGroupOID": "IG.EC_1_EC_1", "OrderNumber": 1, "Mandatory": "Yes"}], "Alias": []}, {"OID": "IG.EXPOSCOLL_XANPLAC_2", "Name": "STUDY DRUG : DAILY PRESCRIBED DOSAGE", "Repeating": "No", "Type": "Section", "Description": {"TranslatedText": [{"_content": "STUDY DRUG : DAILY PRESCRIBED DOSAGE", "Type": "text/plain", "lang": "en"}]}, "ItemGroupRef": [{"ItemGroupOID": "IG.EXPOSCOLL_XANPLAC_2_EXPOSCOLL_XANOMELINEPLACEBO25_DENORMALIZED_1", "OrderNumber": 1, "Mandatory": "Yes"}, {"ItemGroupOID": "IG.EXPOSCOLL_XANPLAC_2_EXPOSCOLL_XANOMELINEPLACEBO50_DENORMALIZED_2", "OrderNumber": 2, "Mandatory": "Yes"}], "Alias": [{"Context": "formSectionCompletionInstruction", "Name": "For this visit interval, record the number of patches (25-cm2 and 50-cm2 patches) that the patient is to wear per day."}]}, {"OID": "IG.EC_1_EC_1", "Name": "Exposure Yes No Indicator", "Repeating": "No", "Type": "Concept", "Description": {"TranslatedText": [{"_content": "Exposure Yes No Indicator", "Type": "text/plain", "lang": "en"}]}, "ItemRef": [{"ItemOID": "IT.EC_1_EC_1.ECYN", "OrderNumber": 1, "Mandatory": "Yes"}, {"ItemOID": "IT.EC_1_EC_1.ECDAT", "OrderNumber": 2, "Mandatory": "No"}], "Coding": [{"System": "/mdr/bc/biomedicalconcepts/C87885", "Code": "C87885", "SystemName": "CDISC Biomedical Concept"}]}, {"OID": "IG.EXPOSCOLL_XANPLAC_2_EXPOSCOLL_XANOMELINEPLACEBO25_DENORMALIZED_1", "Name": "Exposure as Collected Xanomeline (LY246708) or Placebo (Denormalized)", "Repeating": "No", "Type": "Concept", "Description": {"TranslatedText": [{"_content": "Exposure as Collected Xanomeline (LY246708) or Placebo (Denormalized)", "Type": "text/plain", "lang": "en"}]}, "ItemRef": [{"ItemOID": "IT.EXPOSCOLL_XANPLAC_2_EXPOSCOLL_XANOMELINEPLACEBO25_DENORMALIZED_1.ECDOSE", "OrderNumber": 2, "Mandatory": "Yes"}, {"ItemOID": "IT.EXPOSCOLL_XANPLAC_2_EXPOSCOLL_XANOMELINEPLACEBO25_DENORMALIZED_1.ECDOSU", "OrderNumber": 3, "Mandatory": "Yes", "PreSpecifiedValue": "PATCH"}, {"ItemOID": "IT.EXPOSCOLL_XANPLAC_2_EXPOSCOLL_XANOMELINEPLACEBO25_DENORMALIZED_1.ECSTDAT", "OrderNumber": 9, "Mandatory": "Yes"}, {"ItemOID": "IT.EXPOSCOLL_XANPLAC_2_EXPOSCOLL_XANOMELINEPLACEBO25_DENORMALIZED_1.ECENDAT", "OrderNumber": 10, "Mandatory": "Yes"}], "Coding": [{"System": "/mdr/bc/biomedicalconcepts/C117466", "Code": "C117466", "SystemName": "CDISC Biomedical Concept"}, {"System": "/mdr/specializations/sdtm/datasetspecializations/EXPOSCOLL_XANOMELINEPLACEBO", "Code": "EXPOSCOLL_XANOMELINEPLACEBO", "SystemName": "CDISC SDTM Dataset Specialization"}]}, {"OID": "IG.EXPOSCOLL_XANPLAC_2_EXPOSCOLL_XANOMELINEPLACEBO50_DENORMALIZED_2", "Name": "Exposure as Collected Xanomeline (LY246708) or Placebo (Denormalized)", "Repeating": "No", "Type": "Concept", "Description": {"TranslatedText": [{"_content": "Exposure as Collected Xanomeline (LY246708) or Placebo (Denormalized)", "Type": "text/plain", "lang": "en"}]}, "ItemRef": [{"ItemOID": "IT.EXPOSCOLL_XANPLAC_2_EXPOSCOLL_XANOMELINEPLACEBO50_DENORMALIZED_2.ECDOSE", "OrderNumber": 2, "Mandatory": "Yes"}, {"ItemOID": "IT.EXPOSCOLL_XANPLAC_2_EXPOSCOLL_XANOMELINEPLACEBO50_DENORMALIZED_2.ECDOSU", "OrderNumber": 3, "Mandatory": "Yes", "PreSpecifiedValue": "PATCH"}, {"ItemOID": "IT.EXPOSCOLL_XANPLAC_2_EXPOSCOLL_XANOMELINEPLACEBO50_DENORMALIZED_2.ECSTDAT", "OrderNumber": 9, "Mandatory": "Yes"}, {"ItemOID": "IT.EXPOSCOLL_XANPLAC_2_EXPOSCOLL_XANOMELINEPLACEBO50_DENORMALIZED_2.ECENDAT", "OrderNumber": 10, "Mandatory": "Yes"}], "Coding": [{"System": "/mdr/bc/biomedicalconcepts/C117466", "Code": "C117466", "SystemName": "CDISC Biomedical Concept"}, {"System": "/mdr/specializations/sdtm/datasetspecializations/EXPOSCOLL_XANOMELINEPLACEBO", "Code": "EXPOSCOLL_XANOMELINEPLACEBO", "SystemName": "CDISC SDTM Dataset Specialization"}]}], "ItemDef": [{"OID": "IT.EC_1_EC_1.ECYN", "Name": "ECYN", "DataType": "text", "Length": 1, "Question": {"TranslatedText": [{"_content": "Was any study treatment administered?", "Type": "text/plain", "lang": "en"}]}, "CodeListRef": {"CodeListOID": "CL.EC_EC_1.ECYN.C66742"}, "Alias": [{"Context": "SDTM", "Name": "[NOT SUBMITTED]"}, {"Context": "CDASH", "Name": "ECYN"}]}, {"OID": "IT.EC_1_EC_1.ECDAT", "Name": "ECDAT", "DataType": "date", "Length": 10, "Prompt": {"TranslatedText": [{"_content": "Collection Date", "Type": "text/plain", "lang": "en"}]}, "Alias": [{"Context": "SDTM", "Name": "ECDTC"}, {"Context": "CDASH", "Name": "ECDAT"}]}, {"OID": "IT.EXPOSCOLL_XANPLAC_2_EXPOSCOLL_XANOMELINEPLACEBO25_DENORMALIZED_1.ECDOSE", "Name": "ECDOSE", "DataType": "integer", "Length": 2, "Prompt": {"TranslatedText": [{"_content": "Number of 25cm2 patches prescribed/day", "Type": "text/plain", "lang": "en"}]}, "Alias": [{"Context": "SDTM", "Name": "ECDOSE"}, {"Context": "CDASH", "Name": "ECDOSE"}]}, {"OID": "IT.EXPOSCOLL_XANPLAC_2_EXPOSCOLL_XANOMELINEPLACEBO25_DENORMALIZED_1.ECDOSU", "Name": "ECDOSU", "DataType": "text", "Length": 200, "Prompt": {"TranslatedText": [{"_content": "Unit", "Type": "text/plain", "lang": "en"}]}, "CodeListRef": {"CodeListOID": "CL.EXPOSCOLL_XANPLAC_EXPOSCOLL_XANOMELINEPLACEBO25_DENORMALIZED_1.ECDOSU.C71620"}, "Alias": [{"Context": "SDTM", "Name": "ECDOSU"}, {"Context": "CDASH", "Name": "ECDOSU"}]}, {"OID": "IT.EXPOSCOLL_XANPLAC_2_EXPOSCOLL_XANOMELINEPLACEBO25_DENORMALIZED_1.ECSTDAT", "Name": "ECSTDAT", "DataType": "date", "Length": 10, "Prompt": {"TranslatedText": [{"_content": "Start Date", "Type": "text/plain", "lang": "en"}]}, "Alias": [{"Context": "SDTM", "Name": "ECSTDTC"}, {"Context": "CDASH", "Name": "ECSTDAT"}]}, {"OID": "IT.EXPOSCOLL_XANPLAC_2_EXPOSCOLL_XANOMELINEPLACEBO25_DENORMALIZED_1.ECENDAT", "Name": "ECENDAT", "DataType": "date", "Length": 10, "Prompt": {"TranslatedText": [{"_content": "End Date", "Type": "text/plain", "lang": "en"}]}, "Alias": [{"Context": "SDTM", "Name": "ECENDTC"}, {"Context": "CDASH", "Name": "ECENDAT"}]}, {"OID": "IT.EXPOSCOLL_XANPLAC_2_EXPOSCOLL_XANOMELINEPLACEBO50_DENORMALIZED_2.ECDOSE", "Name": "ECDOSE", "DataType": "integer", "Length": 2, "Prompt": {"TranslatedText": [{"_content": "Number of 50cm2 patches prescribed/day", "Type": "text/plain", "lang": "en"}]}, "Alias": [{"Context": "SDTM", "Name": "ECDOSE"}, {"Context": "CDASH", "Name": "ECDOSE"}]}, {"OID": "IT.EXPOSCOLL_XANPLAC_2_EXPOSCOLL_XANOMELINEPLACEBO50_DENORMALIZED_2.ECDOSU", "Name": "ECDOSU", "DataType": "text", "Length": 200, "Prompt": {"TranslatedText": [{"_content": "Unit", "Type": "text/plain", "lang": "en"}]}, "CodeListRef": {"CodeListOID": "CL.EXPOSCOLL_XANPLAC_EXPOSCOLL_XANOMELINEPLACEBO50_DENORMALIZED_2.ECDOSU.C71620"}, "Alias": [{"Context": "SDTM", "Name": "ECDOSU"}, {"Context": "CDASH", "Name": "ECDOSU"}]}, {"OID": "IT.EXPOSCOLL_XANPLAC_2_EXPOSCOLL_XANOMELINEPLACEBO50_DENORMALIZED_2.ECSTDAT", "Name": "ECSTDAT", "DataType": "date", "Length": 10, "Prompt": {"TranslatedText": [{"_content": "Start Date", "Type": "text/plain", "lang": "en"}]}, "Alias": [{"Context": "SDTM", "Name": "ECSTDTC"}, {"Context": "CDASH", "Name": "ECSTDAT"}]}, {"OID": "IT.EXPOSCOLL_XANPLAC_2_EXPOSCOLL_XANOMELINEPLACEBO50_DENORMALIZED_2.ECENDAT", "Name": "ECENDAT", "DataType": "date", "Length": 10, "Prompt": {"TranslatedText": [{"_content": "End Date", "Type": "text/plain", "lang": "en"}]}, "Alias": [{"Context": "SDTM", "Name": "ECENDTC"}, {"Context": "CDASH", "Name": "ECENDAT"}]}], "CodeList": [{"OID": "CL.EC_EC_1.ECYN.C66742", "Name": "NY", "DataType": "text", "CodeListItem": [{"CodedValue": "N", "Decode": {"TranslatedText": [{"_content": "No", "Type": "text/plain", "lang": "en"}]}}, {"CodedValue": "Y", "Decode": {"TranslatedText": [{"_content": "Yes", "Type": "text/plain", "lang": "en"}]}}], "Coding": [{"System": "https://www.cdisc.org/standards/terminology", "Code": "C66742", "SystemName": "CDISC/NCI CT"}]}, {"OID": "CL.EXPOSCOLL_XANPLAC_EXPOSCOLL_XANOMELINEPLACEBO25_DENORMALIZED_1.ECDOSU.C71620", "Name": "UNIT", "DataType": "text", "CodeListItem": [{"CodedValue": "PATCH", "Coding": [{"System": "https://www.cdisc.org/standards/terminology", "Code": "C48524", "SystemName": "CDISC/NCI CT"}]}], "Coding": [{"System": "https://www.cdisc.org/standards/terminology", "Code": "C71620", "SystemName": "CDISC/NCI CT"}]}, {"OID": "CL.EXPOSCOLL_XANPLAC_EXPOSCOLL_XANOMELINEPLACEBO25_DENORMALIZED_1.ECDOSFRM.C66726", "Name": "FRM", "DataType": "text", "CodeListItem": [{"CodedValue": "PATCH", "Coding": [{"System": "https://www.cdisc.org/standards/terminology", "Code": "C42968", "SystemName": "CDISC/NCI CT"}]}], "Coding": [{"System": "https://www.cdisc.org/standards/terminology", "Code": "C66726", "SystemName": "CDISC/NCI CT"}]}, {"OID": "CL.EXPOSCOLL_XANPLAC_EXPOSCOLL_XANOMELINEPLACEBO25_DENORMALIZED_1.ECDOSFRQ.C71113", "Name": "FREQ", "DataType": "text", "CodeListItem": [{"CodedValue": "QD", "Coding": [{"System": "https://www.cdisc.org/standards/terminology", "Code": "C25473", "SystemName": "CDISC/NCI CT"}]}], "Coding": [{"System": "https://www.cdisc.org/standards/terminology", "Code": "C71113", "SystemName": "CDISC/NCI CT"}]}, {"OID": "CL.EXPOSCOLL_XANPLAC_EXPOSCOLL_XANOMELINEPLACEBO25_DENORMALIZED_1.ECROUTE.C66729", "Name": "ROUTE", "DataType": "text", "CodeListItem": [{"CodedValue": "TRANSDERMAL", "Coding": [{"System": "https://www.cdisc.org/standards/terminology", "Code": "C38305", "SystemName": "CDISC/NCI CT"}]}], "Coding": [{"System": "https://www.cdisc.org/standards/terminology", "Code": "C66729", "SystemName": "CDISC/NCI CT"}]}, {"OID": "CL.EXPOSCOLL_XANPLAC_EXPOSCOLL_XANOMELINEPLACEBO50_DENORMALIZED_2.ECDOSU.C71620", "Name": "UNIT", "DataType": "text", "CodeListItem": [{"CodedValue": "PATCH", "Coding": [{"System": "https://www.cdisc.org/standards/terminology", "Code": "C48524", "SystemName": "CDISC/NCI CT"}]}], "Coding": [{"System": "https://www.cdisc.org/standards/terminology", "Code": "C71620", "SystemName": "CDISC/NCI CT"}]}, {"OID": "CL.EXPOSCOLL_XANPLAC_EXPOSCOLL_XANOMELINEPLACEBO50_DENORMALIZED_2.ECDOSFRM.C66726", "Name": "FRM", "DataType": "text", "CodeListItem": [{"CodedValue": "PATCH", "Coding": [{"System": "https://www.cdisc.org/standards/terminology", "Code": "C42968", "SystemName": "CDISC/NCI CT"}]}], "Coding": [{"System": "https://www.cdisc.org/standards/terminology", "Code": "C66726", "SystemName": "CDISC/NCI CT"}]}, {"OID": "CL.EXPOSCOLL_XANPLAC_EXPOSCOLL_XANOMELINEPLACEBO50_DENORMALIZED_2.ECDOSFRQ.C71113", "Name": "FREQ", "DataType": "text", "CodeListItem": [{"CodedValue": "QD", "Coding": [{"System": "https://www.cdisc.org/standards/terminology", "Code": "C25473", "SystemName": "CDISC/NCI CT"}]}], "Coding": [{"System": "https://www.cdisc.org/standards/terminology", "Code": "C71113", "SystemName": "CDISC/NCI CT"}]}, {"OID": "CL.EXPOSCOLL_XANPLAC_EXPOSCOLL_XANOMELINEPLACEBO50_DENORMALIZED_2.ECROUTE.C66729", "Name": "ROUTE", "DataType": "text", "CodeListItem": [{"CodedValue": "TRANSDERMAL", "Coding": [{"System": "https://www.cdisc.org/standards/terminology", "Code": "C38305", "SystemName": "CDISC/NCI CT"}]}], "Coding": [{"System": "https://www.cdisc.org/standards/terminology", "Code": "C66729", "SystemName": "CDISC/NCI CT"}]}]}]}]}