{"FileOID": "ODM.CDASH.POC", "Granularity": "Metadata", "CreationDateTime": "2025-09-23T13:25:45.078480+00:00", "ODMVersion": "1.3.2", "FileType": "Snapshot", "Originator": "Lex Jansen", "SourceSystem": "odmlib", "SourceSystemVersion": "0.1", "Study": [{"OID": "ODM.CDASH.STUDY", "GlobalVariables": {"StudyName": {"_content": "CDISC360i CDASH POC Study"}, "StudyDescription": {"_content": "CDISC360i CDASH POC Study"}, "ProtocolName": {"_content": "CDISC360i CDASH POC Study protocol"}}, "BasicDefinitions": {}, "MetaDataVersion": [{"OID": "ODM.CDASH.STUDY.MDV", "Name": "CDISC360i CDASH POC Study Metadata Version", "Description": "CDISC360i CDASH ODM 1.3.2 metadata version", "ItemGroupDef": [{"OID": "FORM.EC1", "Name": "Study Administration", "Repeating": "No", "Description": {"TranslatedText": [{"_content": "Study Administration", "lang": "en"}]}, "ItemGroupRef": [{"ItemGroupOID": "IG.EC_1", "OrderNumber": 1, "Mandatory": "Yes"}, {"ItemGroupOID": "IG.EXPOSCOLL_XANPLAC_2", "OrderNumber": 2, "Mandatory": "Yes"}], "Alias": [{"Context": "formAnnotation", "Name": "DOMAIN = EC"}]}, {"OID": "IG.EC_1", "Name": "STUDY DRUG", "Repeating": "No", "ItemRef": [{"ItemOID": "IT.EC_1_EC_1.ECYN", "OrderNumber": 1, "Mandatory": "Yes"}, {"ItemOID": "IT.EC_1_EC_1.ECDAT", "OrderNumber": 2, "Mandatory": "No"}], "Alias": []}, {"OID": "IG.EXPOSCOLL_XANPLAC_2", "Name": "STUDY DRUG : DAILY PRESCRIBED DOSAGE", "Repeating": "No", "ItemRef": [{"ItemOID": "IT.EXPOSCOLL_XANPLAC_2_EXPOSCOLL_XANOMELINEPLACEBO25_DENORMALIZED_1.ECDOSE", "OrderNumber": 2, "Mandatory": "Yes"}, {"ItemOID": "IT.EXPOSCOLL_XANPLAC_2_EXPOSCOLL_XANOMELINEPLACEBO25_DENORMALIZED_1.ECDOSU", "OrderNumber": 3, "Mandatory": "Yes"}, {"ItemOID": "IT.EXPOSCOLL_XANPLAC_2_EXPOSCOLL_XANOMELINEPLACEBO25_DENORMALIZED_1.ECSTDAT", "OrderNumber": 9, "Mandatory": "Yes"}, {"ItemOID": "IT.EXPOSCOLL_XANPLAC_2_EXPOSCOLL_XANOMELINEPLACEBO25_DENORMALIZED_1.ECENDAT", "OrderNumber": 10, "Mandatory": "Yes"}, {"ItemOID": "IT.EXPOSCOLL_XANPLAC_2_EXPOSCOLL_XANOMELINEPLACEBO50_DENORMALIZED_2.ECDOSE", "OrderNumber": 12, "Mandatory": "Yes"}, {"ItemOID": "IT.EXPOSCOLL_XANPLAC_2_EXPOSCOLL_XANOMELINEPLACEBO50_DENORMALIZED_2.ECDOSU", "OrderNumber": 13, "Mandatory": "Yes"}, {"ItemOID": "IT.EXPOSCOLL_XANPLAC_2_EXPOSCOLL_XANOMELINEPLACEBO50_DENORMALIZED_2.ECSTDAT", "OrderNumber": 19, "Mandatory": "Yes"}, {"ItemOID": "IT.EXPOSCOLL_XANPLAC_2_EXPOSCOLL_XANOMELINEPLACEBO50_DENORMALIZED_2.ECENDAT", "OrderNumber": 20, "Mandatory": "Yes"}], "Alias": [{"Context": "formSectionCompletionInstruction", "Name": "For this visit interval, record the number of patches (25-cm2 and 50-cm2 patches) that the patient is to wear per day."}]}], "ItemDef": [{"OID": "IT.EC_1_EC_1.ECYN", "Name": "ECYN", "DataType": "text", "Length": 1, "Description": {"TranslatedText": [{"_content": "ECYN", "lang": "en"}]}, "Question": {"TranslatedText": [{"_content": "Was any study treatment administered?", "lang": "en"}]}, "CodeListRef": {"CodeListOID": "CL.EC_EC_1.ECYN.C66742"}, "Alias": [{"Context": "SDTM", "Name": "[NOT SUBMITTED]"}, {"Context": "CDASH", "Name": "ECYN"}]}, {"OID": "IT.EC_1_EC_1.ECDAT", "Name": "ECDAT", "DataType": "date", "Length": 10, "Description": {"TranslatedText": [{"_content": "ECDAT", "lang": "en"}]}, "Alias": [{"Context": "prompt", "Name": "Collection Date"}, {"Context": "SDTM", "Name": "ECDTC"}, {"Context": "CDASH", "Name": "ECDAT"}]}, {"OID": "IT.EXPOSCOLL_XANPLAC_2_EXPOSCOLL_XANOMELINEPLACEBO25_DENORMALIZED_1.ECDOSE", "Name": "ECDOSE", "DataType": "integer", "Length": 2, "Description": {"TranslatedText": [{"_content": "ECDOSE", "lang": "en"}]}, "Alias": [{"Context": "prompt", "Name": "Number of 25cm2 patches prescribed/day"}, {"Context": "SDTM", "Name": "ECDOSE"}, {"Context": "CDASH", "Name": "ECDOSE"}]}, {"OID": "IT.EXPOSCOLL_XANPLAC_2_EXPOSCOLL_XANOMELINEPLACEBO25_DENORMALIZED_1.ECDOSU", "Name": "ECDOSU", "DataType": "text", "Length": 200, "Description": {"TranslatedText": [{"_content": "ECDOSU", "lang": "en"}]}, "CodeListRef": {"CodeListOID": "CL.EXPOSCOLL_XANPLAC_EXPOSCOLL_XANOMELINEPLACEBO25_DENORMALIZED_1.ECDOSU.C71620"}, "Alias": [{"Context": "prompt", "Name": "Unit"}, {"Context": "SDTM", "Name": "ECDOSU"}, {"Context": "CDASH", "Name": "ECDOSU"}]}, {"OID": "IT.EXPOSCOLL_XANPLAC_2_EXPOSCOLL_XANOMELINEPLACEBO25_DENORMALIZED_1.ECSTDAT", "Name": "ECSTDAT", "DataType": "date", "Length": 10, "Description": {"TranslatedText": [{"_content": "ECSTDAT", "lang": "en"}]}, "Alias": [{"Context": "prompt", "Name": "Start Date"}, {"Context": "SDTM", "Name": "ECSTDTC"}, {"Context": "CDASH", "Name": "ECSTDAT"}]}, {"OID": "IT.EXPOSCOLL_XANPLAC_2_EXPOSCOLL_XANOMELINEPLACEBO25_DENORMALIZED_1.ECENDAT", "Name": "ECENDAT", "DataType": "date", "Length": 10, "Description": {"TranslatedText": [{"_content": "ECENDAT", "lang": "en"}]}, "Alias": [{"Context": "prompt", "Name": "End Date"}, {"Context": "SDTM", "Name": "ECENDTC"}, {"Context": "CDASH", "Name": "ECENDAT"}]}, {"OID": "IT.EXPOSCOLL_XANPLAC_2_EXPOSCOLL_XANOMELINEPLACEBO50_DENORMALIZED_2.ECDOSE", "Name": "ECDOSE", "DataType": "integer", "Length": 2, "Description": {"TranslatedText": [{"_content": "ECDOSE", "lang": "en"}]}, "Alias": [{"Context": "prompt", "Name": "Number of 50cm2 patches prescribed/day"}, {"Context": "SDTM", "Name": "ECDOSE"}, {"Context": "CDASH", "Name": "ECDOSE"}]}, {"OID": "IT.EXPOSCOLL_XANPLAC_2_EXPOSCOLL_XANOMELINEPLACEBO50_DENORMALIZED_2.ECDOSU", "Name": "ECDOSU", "DataType": "text", "Length": 200, "Description": {"TranslatedText": [{"_content": "ECDOSU", "lang": "en"}]}, "CodeListRef": {"CodeListOID": "CL.EXPOSCOLL_XANPLAC_EXPOSCOLL_XANOMELINEPLACEBO50_DENORMALIZED_2.ECDOSU.C71620"}, "Alias": [{"Context": "prompt", "Name": "Unit"}, {"Context": "SDTM", "Name": "ECDOSU"}, {"Context": "CDASH", "Name": "ECDOSU"}]}, {"OID": "IT.EXPOSCOLL_XANPLAC_2_EXPOSCOLL_XANOMELINEPLACEBO50_DENORMALIZED_2.ECSTDAT", "Name": "ECSTDAT", "DataType": "date", "Length": 10, "Description": {"TranslatedText": [{"_content": "ECSTDAT", "lang": "en"}]}, "Alias": [{"Context": "prompt", "Name": "Start Date"}, {"Context": "SDTM", "Name": "ECSTDTC"}, {"Context": "CDASH", "Name": "ECSTDAT"}]}, {"OID": "IT.EXPOSCOLL_XANPLAC_2_EXPOSCOLL_XANOMELINEPLACEBO50_DENORMALIZED_2.ECENDAT", "Name": "ECENDAT", "DataType": "date", "Length": 10, "Description": {"TranslatedText": [{"_content": "ECENDAT", "lang": "en"}]}, "Alias": [{"Context": "prompt", "Name": "End Date"}, {"Context": "SDTM", "Name": "ECENDTC"}, {"Context": "CDASH", "Name": "ECENDAT"}]}], "CodeList": [{"OID": "CL.EC_EC_1.ECYN.C66742", "Name": "NY", "DataType": "text", "CodeListItem": [{"CodedValue": "N", "Decode": {"TranslatedText": [{"_content": "No", "lang": "en"}]}}, {"CodedValue": "Y", "Decode": {"TranslatedText": [{"_content": "Yes", "lang": "en"}]}}]}, {"OID": "CL.EXPOSCOLL_XANPLAC_EXPOSCOLL_XANOMELINEPLACEBO25_DENORMALIZED_1.ECDOSU.C71620", "Name": "UNIT", "DataType": "text", "EnumeratedItem": [{"CodedValue": "PATCH"}]}, {"OID": "CL.EXPOSCOLL_XANPLAC_EXPOSCOLL_XANOMELINEPLACEBO25_DENORMALIZED_1.ECDOSFRM.C66726", "Name": "FRM", "DataType": "text", "EnumeratedItem": [{"CodedValue": "PATCH"}]}, {"OID": "CL.EXPOSCOLL_XANPLAC_EXPOSCOLL_XANOMELINEPLACEBO25_DENORMALIZED_1.ECDOSFRQ.C71113", "Name": "FREQ", "DataType": "text", "EnumeratedItem": [{"CodedValue": "QD"}]}, {"OID": "CL.EXPOSCOLL_XANPLAC_EXPOSCOLL_XANOMELINEPLACEBO25_DENORMALIZED_1.ECROUTE.C66729", "Name": "ROUTE", "DataType": "text", "EnumeratedItem": [{"CodedValue": "TRANSDERMAL"}]}, {"OID": "CL.EXPOSCOLL_XANPLAC_EXPOSCOLL_XANOMELINEPLACEBO50_DENORMALIZED_2.ECDOSU.C71620", "Name": "UNIT", "DataType": "text", "EnumeratedItem": [{"CodedValue": "PATCH"}]}, {"OID": "CL.EXPOSCOLL_XANPLAC_EXPOSCOLL_XANOMELINEPLACEBO50_DENORMALIZED_2.ECDOSFRM.C66726", "Name": "FRM", "DataType": "text", "EnumeratedItem": [{"CodedValue": "PATCH"}]}, {"OID": "CL.EXPOSCOLL_XANPLAC_EXPOSCOLL_XANOMELINEPLACEBO50_DENORMALIZED_2.ECDOSFRQ.C71113", "Name": "FREQ", "DataType": "text", "EnumeratedItem": [{"CodedValue": "QD"}]}, {"OID": "CL.EXPOSCOLL_XANPLAC_EXPOSCOLL_XANOMELINEPLACEBO50_DENORMALIZED_2.ECROUTE.C66729", "Name": "ROUTE", "DataType": "text", "EnumeratedItem": [{"CodedValue": "TRANSDERMAL"}]}]}]}]}