<?xml version='1.0' encoding='utf-8'?>
<ODM FileOID="ODM.CDASH.POC" Granularity="Metadata" CreationDateTime="2025-11-26T20:26:54.884231+00:00" ODMVersion="2.0" FileType="Snapshot" Originator="Lex Jansen" SourceSystem="odmlib" SourceSystemVersion="0.1" xmlns="http://www.cdisc.org/ns/odm/v2.0" xmlns:xs="http://www.w3.org/2001/XMLSchema-instance" xmlns:xml="http://www.w3.org/XML/1998/namespace" xmlns:xlink="http://www.w3.org/1999/xlink"><Study OID="ODM.CDASH.STUDY" StudyName="Study Administration" ProtocolName="Study Administration"><Description><TranslatedText Type="text/plain" xml:lang="en">Study Administration</TranslatedText></Description><MetaDataVersion OID="ODM.CDASH.STUDY.MDV" Name="Study Administration"><Description><TranslatedText Type="text/plain" xml:lang="en">Study Administration</TranslatedText></Description><ItemGroupDef OID="IG_FORM.EC1" Name="Study Administration" Repeating="No" Type="Form"><Description><TranslatedText Type="text/plain" xml:lang="en">Study Administration</TranslatedText></Description><ItemGroupRef ItemGroupOID="IG.EC_1" OrderNumber="1" Mandatory="Yes" /><ItemGroupRef ItemGroupOID="IG.EXPOSCOLL_XANPLAC_2" OrderNumber="2" Mandatory="Yes" /><Alias Context="formAnnotation" Name="DOMAIN = EC" /></ItemGroupDef><ItemGroupDef OID="IG.EC_1" Name="STUDY DRUG" Repeating="No" Type="Section"><Description><TranslatedText Type="text/plain" xml:lang="en">STUDY DRUG</TranslatedText></Description><ItemGroupRef ItemGroupOID="IG.EC_1_EC_1" OrderNumber="1" Mandatory="Yes" /></ItemGroupDef><ItemGroupDef OID="IG.EXPOSCOLL_XANPLAC_2" Name="STUDY DRUG : DAILY PRESCRIBED DOSAGE" Repeating="No" Type="Section"><Description><TranslatedText Type="text/plain" xml:lang="en">STUDY DRUG : DAILY PRESCRIBED DOSAGE</TranslatedText></Description><ItemGroupRef ItemGroupOID="IG.EXPOSCOLL_XANPLAC_2_EXPOSCOLL_XANOMELINEPLACEBO25_DENORMALIZED_1" OrderNumber="1" Mandatory="Yes" /><ItemGroupRef ItemGroupOID="IG.EXPOSCOLL_XANPLAC_2_EXPOSCOLL_XANOMELINEPLACEBO50_DENORMALIZED_2" OrderNumber="2" Mandatory="Yes" /><Alias Context="formSectionCompletionInstruction" Name="For this visit interval, record the number of patches (25-cm2 and 50-cm2 patches) that the patient is to wear per day." /></ItemGroupDef><ItemGroupDef OID="IG.EC_1_EC_1" Name="Exposure Yes No Indicator" Repeating="No" Type="Concept"><Description><TranslatedText Type="text/plain" xml:lang="en">Exposure Yes No Indicator</TranslatedText></Description><ItemRef ItemOID="IT.EC_1_EC_1.ECYN" OrderNumber="1" Mandatory="Yes" /><ItemRef ItemOID="IT.EC_1_EC_1.ECDAT" OrderNumber="2" Mandatory="No" /><Coding System="/mdr/bc/biomedicalconcepts/C87885" Code="C87885" SystemName="CDISC Biomedical Concept" /></ItemGroupDef><ItemGroupDef OID="IG.EXPOSCOLL_XANPLAC_2_EXPOSCOLL_XANOMELINEPLACEBO25_DENORMALIZED_1" Name="Exposure as Collected Xanomeline (LY246708) or Placebo (Denormalized)" Repeating="No" Type="Concept"><Description><TranslatedText Type="text/plain" xml:lang="en">Exposure as Collected Xanomeline (LY246708) or Placebo (Denormalized)</TranslatedText></Description><ItemRef ItemOID="IT.EXPOSCOLL_XANPLAC_2_EXPOSCOLL_XANOMELINEPLACEBO25_DENORMALIZED_1.ECDOSE" OrderNumber="2" Mandatory="Yes" /><ItemRef ItemOID="IT.EXPOSCOLL_XANPLAC_2_EXPOSCOLL_XANOMELINEPLACEBO25_DENORMALIZED_1.ECDOSU" OrderNumber="3" Mandatory="Yes" PreSpecifiedValue="PATCH" /><ItemRef ItemOID="IT.EXPOSCOLL_XANPLAC_2_EXPOSCOLL_XANOMELINEPLACEBO25_DENORMALIZED_1.ECSTDAT" OrderNumber="9" Mandatory="Yes" /><ItemRef ItemOID="IT.EXPOSCOLL_XANPLAC_2_EXPOSCOLL_XANOMELINEPLACEBO25_DENORMALIZED_1.ECENDAT" OrderNumber="10" Mandatory="Yes" /><Coding System="/mdr/bc/biomedicalconcepts/C117466" Code="C117466" SystemName="CDISC Biomedical Concept" /><Coding System="/mdr/specializations/sdtm/datasetspecializations/EXPOSCOLL_XANOMELINEPLACEBO" Code="EXPOSCOLL_XANOMELINEPLACEBO" SystemName="CDISC SDTM Dataset Specialization" /></ItemGroupDef><ItemGroupDef OID="IG.EXPOSCOLL_XANPLAC_2_EXPOSCOLL_XANOMELINEPLACEBO50_DENORMALIZED_2" Name="Exposure as Collected Xanomeline (LY246708) or Placebo (Denormalized)" Repeating="No" Type="Concept"><Description><TranslatedText Type="text/plain" xml:lang="en">Exposure as Collected Xanomeline (LY246708) or Placebo (Denormalized)</TranslatedText></Description><ItemRef ItemOID="IT.EXPOSCOLL_XANPLAC_2_EXPOSCOLL_XANOMELINEPLACEBO50_DENORMALIZED_2.ECDOSE" OrderNumber="2" Mandatory="Yes" /><ItemRef ItemOID="IT.EXPOSCOLL_XANPLAC_2_EXPOSCOLL_XANOMELINEPLACEBO50_DENORMALIZED_2.ECDOSU" OrderNumber="3" Mandatory="Yes" PreSpecifiedValue="PATCH" /><ItemRef ItemOID="IT.EXPOSCOLL_XANPLAC_2_EXPOSCOLL_XANOMELINEPLACEBO50_DENORMALIZED_2.ECSTDAT" OrderNumber="9" Mandatory="Yes" /><ItemRef ItemOID="IT.EXPOSCOLL_XANPLAC_2_EXPOSCOLL_XANOMELINEPLACEBO50_DENORMALIZED_2.ECENDAT" OrderNumber="10" Mandatory="Yes" /><Coding System="/mdr/bc/biomedicalconcepts/C117466" Code="C117466" SystemName="CDISC Biomedical Concept" /><Coding System="/mdr/specializations/sdtm/datasetspecializations/EXPOSCOLL_XANOMELINEPLACEBO" Code="EXPOSCOLL_XANOMELINEPLACEBO" SystemName="CDISC SDTM Dataset Specialization" /></ItemGroupDef><ItemDef OID="IT.EC_1_EC_1.ECYN" Name="ECYN" DataType="text" Length="1"><Question><TranslatedText Type="text/plain" xml:lang="en">Was any study treatment administered?</TranslatedText></Question><CodeListRef CodeListOID="CL.EC_EC_1.ECYN.C66742" /><Alias Context="SDTM" Name="[NOT SUBMITTED]" /><Alias Context="CDASH" Name="ECYN" /></ItemDef><ItemDef OID="IT.EC_1_EC_1.ECDAT" Name="ECDAT" DataType="date" Length="10"><Prompt><TranslatedText Type="text/plain" xml:lang="en">Collection Date</TranslatedText></Prompt><Alias Context="SDTM" Name="ECDTC" /><Alias Context="CDASH" Name="ECDAT" /></ItemDef><ItemDef OID="IT.EXPOSCOLL_XANPLAC_2_EXPOSCOLL_XANOMELINEPLACEBO25_DENORMALIZED_1.ECDOSE" Name="ECDOSE" DataType="integer" Length="2"><Prompt><TranslatedText Type="text/plain" xml:lang="en">Number of 25cm2 patches prescribed/day</TranslatedText></Prompt><Alias Context="SDTM" Name="ECDOSE" /><Alias Context="CDASH" Name="ECDOSE" /></ItemDef><ItemDef OID="IT.EXPOSCOLL_XANPLAC_2_EXPOSCOLL_XANOMELINEPLACEBO25_DENORMALIZED_1.ECDOSU" Name="ECDOSU" DataType="text" Length="200"><Prompt><TranslatedText Type="text/plain" xml:lang="en">Unit</TranslatedText></Prompt><CodeListRef CodeListOID="CL.EXPOSCOLL_XANPLAC_EXPOSCOLL_XANOMELINEPLACEBO25_DENORMALIZED_1.ECDOSU.C71620" /><Alias Context="SDTM" Name="ECDOSU" /><Alias Context="CDASH" Name="ECDOSU" /></ItemDef><ItemDef OID="IT.EXPOSCOLL_XANPLAC_2_EXPOSCOLL_XANOMELINEPLACEBO25_DENORMALIZED_1.ECSTDAT" Name="ECSTDAT" DataType="date" Length="10"><Prompt><TranslatedText Type="text/plain" xml:lang="en">Start Date</TranslatedText></Prompt><Alias Context="SDTM" Name="ECSTDTC" /><Alias Context="CDASH" Name="ECSTDAT" /></ItemDef><ItemDef OID="IT.EXPOSCOLL_XANPLAC_2_EXPOSCOLL_XANOMELINEPLACEBO25_DENORMALIZED_1.ECENDAT" Name="ECENDAT" DataType="date" Length="10"><Prompt><TranslatedText Type="text/plain" xml:lang="en">End Date</TranslatedText></Prompt><Alias Context="SDTM" Name="ECENDTC" /><Alias Context="CDASH" Name="ECENDAT" /></ItemDef><ItemDef OID="IT.EXPOSCOLL_XANPLAC_2_EXPOSCOLL_XANOMELINEPLACEBO50_DENORMALIZED_2.ECDOSE" Name="ECDOSE" DataType="integer" Length="2"><Prompt><TranslatedText Type="text/plain" xml:lang="en">Number of 50cm2 patches prescribed/day</TranslatedText></Prompt><Alias Context="SDTM" Name="ECDOSE" /><Alias Context="CDASH" Name="ECDOSE" /></ItemDef><ItemDef OID="IT.EXPOSCOLL_XANPLAC_2_EXPOSCOLL_XANOMELINEPLACEBO50_DENORMALIZED_2.ECDOSU" Name="ECDOSU" DataType="text" Length="200"><Prompt><TranslatedText Type="text/plain" xml:lang="en">Unit</TranslatedText></Prompt><CodeListRef CodeListOID="CL.EXPOSCOLL_XANPLAC_EXPOSCOLL_XANOMELINEPLACEBO50_DENORMALIZED_2.ECDOSU.C71620" /><Alias Context="SDTM" Name="ECDOSU" /><Alias Context="CDASH" Name="ECDOSU" /></ItemDef><ItemDef OID="IT.EXPOSCOLL_XANPLAC_2_EXPOSCOLL_XANOMELINEPLACEBO50_DENORMALIZED_2.ECSTDAT" Name="ECSTDAT" DataType="date" Length="10"><Prompt><TranslatedText Type="text/plain" xml:lang="en">Start Date</TranslatedText></Prompt><Alias Context="SDTM" Name="ECSTDTC" /><Alias Context="CDASH" Name="ECSTDAT" /></ItemDef><ItemDef OID="IT.EXPOSCOLL_XANPLAC_2_EXPOSCOLL_XANOMELINEPLACEBO50_DENORMALIZED_2.ECENDAT" Name="ECENDAT" DataType="date" Length="10"><Prompt><TranslatedText Type="text/plain" xml:lang="en">End Date</TranslatedText></Prompt><Alias Context="SDTM" Name="ECENDTC" /><Alias Context="CDASH" Name="ECENDAT" /></ItemDef><CodeList OID="CL.EC_EC_1.ECYN.C66742" Name="NY" DataType="text"><CodeListItem CodedValue="N"><Decode><TranslatedText Type="text/plain" xml:lang="en">No</TranslatedText></Decode></CodeListItem><CodeListItem CodedValue="Y"><Decode><TranslatedText Type="text/plain" xml:lang="en">Yes</TranslatedText></Decode></CodeListItem><Coding System="https://www.cdisc.org/standards/terminology" Code="C66742" SystemName="CDISC/NCI CT" /></CodeList><CodeList OID="CL.EXPOSCOLL_XANPLAC_EXPOSCOLL_XANOMELINEPLACEBO25_DENORMALIZED_1.ECDOSU.C71620" Name="UNIT" DataType="text"><CodeListItem CodedValue="PATCH"><Coding System="https://www.cdisc.org/standards/terminology" Code="C48524" SystemName="CDISC/NCI CT" /></CodeListItem><Coding System="https://www.cdisc.org/standards/terminology" Code="C71620" SystemName="CDISC/NCI CT" /></CodeList><CodeList OID="CL.EXPOSCOLL_XANPLAC_EXPOSCOLL_XANOMELINEPLACEBO25_DENORMALIZED_1.ECDOSFRM.C66726" Name="FRM" DataType="text"><CodeListItem CodedValue="PATCH"><Coding System="https://www.cdisc.org/standards/terminology" Code="C42968" SystemName="CDISC/NCI CT" /></CodeListItem><Coding System="https://www.cdisc.org/standards/terminology" Code="C66726" SystemName="CDISC/NCI CT" /></CodeList><CodeList OID="CL.EXPOSCOLL_XANPLAC_EXPOSCOLL_XANOMELINEPLACEBO25_DENORMALIZED_1.ECDOSFRQ.C71113" Name="FREQ" DataType="text"><CodeListItem CodedValue="QD"><Coding System="https://www.cdisc.org/standards/terminology" Code="C25473" SystemName="CDISC/NCI CT" /></CodeListItem><Coding System="https://www.cdisc.org/standards/terminology" Code="C71113" SystemName="CDISC/NCI CT" /></CodeList><CodeList OID="CL.EXPOSCOLL_XANPLAC_EXPOSCOLL_XANOMELINEPLACEBO25_DENORMALIZED_1.ECROUTE.C66729" Name="ROUTE" DataType="text"><CodeListItem CodedValue="TRANSDERMAL"><Coding System="https://www.cdisc.org/standards/terminology" Code="C38305" SystemName="CDISC/NCI CT" /></CodeListItem><Coding System="https://www.cdisc.org/standards/terminology" Code="C66729" SystemName="CDISC/NCI CT" /></CodeList><CodeList OID="CL.EXPOSCOLL_XANPLAC_EXPOSCOLL_XANOMELINEPLACEBO50_DENORMALIZED_2.ECDOSU.C71620" Name="UNIT" DataType="text"><CodeListItem CodedValue="PATCH"><Coding System="https://www.cdisc.org/standards/terminology" Code="C48524" SystemName="CDISC/NCI CT" /></CodeListItem><Coding System="https://www.cdisc.org/standards/terminology" Code="C71620" SystemName="CDISC/NCI CT" /></CodeList><CodeList OID="CL.EXPOSCOLL_XANPLAC_EXPOSCOLL_XANOMELINEPLACEBO50_DENORMALIZED_2.ECDOSFRM.C66726" Name="FRM" DataType="text"><CodeListItem CodedValue="PATCH"><Coding System="https://www.cdisc.org/standards/terminology" Code="C42968" SystemName="CDISC/NCI CT" /></CodeListItem><Coding System="https://www.cdisc.org/standards/terminology" Code="C66726" SystemName="CDISC/NCI CT" /></CodeList><CodeList OID="CL.EXPOSCOLL_XANPLAC_EXPOSCOLL_XANOMELINEPLACEBO50_DENORMALIZED_2.ECDOSFRQ.C71113" Name="FREQ" DataType="text"><CodeListItem CodedValue="QD"><Coding System="https://www.cdisc.org/standards/terminology" Code="C25473" SystemName="CDISC/NCI CT" /></CodeListItem><Coding System="https://www.cdisc.org/standards/terminology" Code="C71113" SystemName="CDISC/NCI CT" /></CodeList><CodeList OID="CL.EXPOSCOLL_XANPLAC_EXPOSCOLL_XANOMELINEPLACEBO50_DENORMALIZED_2.ECROUTE.C66729" Name="ROUTE" DataType="text"><CodeListItem CodedValue="TRANSDERMAL"><Coding System="https://www.cdisc.org/standards/terminology" Code="C38305" SystemName="CDISC/NCI CT" /></CodeListItem><Coding System="https://www.cdisc.org/standards/terminology" Code="C66729" SystemName="CDISC/NCI CT" /></CodeList></MetaDataVersion></Study></ODM>