<?xml version='1.0' encoding='utf-8'?>
<ODM FileOID="ODM.CDASH.POC" Granularity="Metadata" CreationDateTime="2025-09-23T13:25:45.078480+00:00" ODMVersion="1.3.2" FileType="Snapshot" Originator="Lex Jansen" SourceSystem="odmlib" SourceSystemVersion="0.1" xmlns="http://www.cdisc.org/ns/odm/v1.3" xmlns:xs="http://www.w3.org/2001/XMLSchema-instance" xmlns:xml="http://www.w3.org/XML/1998/namespace" xmlns:xlink="http://www.w3.org/1999/xlink"><Study OID="ODM.CDASH.STUDY"><GlobalVariables><StudyName>CDISC360i CDASH POC Study</StudyName><StudyDescription>CDISC360i CDASH POC Study</StudyDescription><ProtocolName>CDISC360i CDASH POC Study protocol</ProtocolName></GlobalVariables><BasicDefinitions /><MetaDataVersion OID="ODM.CDASH.STUDY.MDV" Name="CDISC360i CDASH POC Study Metadata Version" Description="CDISC360i CDASH ODM 1.3.2 metadata version"><FormDef OID="FORM.EC1" Name="Study Administration" Repeating="No"><Description><TranslatedText xml:lang="en">Study Administration</TranslatedText></Description><ItemGroupRef ItemGroupOID="IG.EC_1" OrderNumber="1" Mandatory="Yes" /><ItemGroupRef ItemGroupOID="IG.EXPOSCOLL_XANPLAC_2" OrderNumber="2" Mandatory="Yes" /><Alias Context="formAnnotation" Name="DOMAIN = EC" /></FormDef><ItemGroupDef OID="IG.EC_1" Name="STUDY DRUG" Repeating="No"><ItemRef ItemOID="IT.EC_1_EC_1.ECYN" OrderNumber="1" Mandatory="Yes" /><ItemRef ItemOID="IT.EC_1_EC_1.ECDAT" OrderNumber="2" Mandatory="No" /></ItemGroupDef><ItemGroupDef OID="IG.EXPOSCOLL_XANPLAC_2" Name="STUDY DRUG : DAILY PRESCRIBED DOSAGE" Repeating="No"><ItemRef ItemOID="IT.EXPOSCOLL_XANPLAC_2_EXPOSCOLL_XANOMELINEPLACEBO25_DENORMALIZED_1.ECDOSE" OrderNumber="2" Mandatory="Yes" /><ItemRef ItemOID="IT.EXPOSCOLL_XANPLAC_2_EXPOSCOLL_XANOMELINEPLACEBO25_DENORMALIZED_1.ECDOSU" OrderNumber="3" Mandatory="Yes" /><ItemRef ItemOID="IT.EXPOSCOLL_XANPLAC_2_EXPOSCOLL_XANOMELINEPLACEBO25_DENORMALIZED_1.ECSTDAT" OrderNumber="9" Mandatory="Yes" /><ItemRef ItemOID="IT.EXPOSCOLL_XANPLAC_2_EXPOSCOLL_XANOMELINEPLACEBO25_DENORMALIZED_1.ECENDAT" OrderNumber="10" Mandatory="Yes" /><ItemRef ItemOID="IT.EXPOSCOLL_XANPLAC_2_EXPOSCOLL_XANOMELINEPLACEBO50_DENORMALIZED_2.ECDOSE" OrderNumber="12" Mandatory="Yes" /><ItemRef ItemOID="IT.EXPOSCOLL_XANPLAC_2_EXPOSCOLL_XANOMELINEPLACEBO50_DENORMALIZED_2.ECDOSU" OrderNumber="13" Mandatory="Yes" /><ItemRef ItemOID="IT.EXPOSCOLL_XANPLAC_2_EXPOSCOLL_XANOMELINEPLACEBO50_DENORMALIZED_2.ECSTDAT" OrderNumber="19" Mandatory="Yes" /><ItemRef ItemOID="IT.EXPOSCOLL_XANPLAC_2_EXPOSCOLL_XANOMELINEPLACEBO50_DENORMALIZED_2.ECENDAT" OrderNumber="20" Mandatory="Yes" /><Alias Context="formSectionCompletionInstruction" Name="For this visit interval, record the number of patches (25-cm2 and 50-cm2 patches) that the patient is to wear per day." /></ItemGroupDef><ItemDef OID="IT.EC_1_EC_1.ECYN" Name="ECYN" DataType="text" Length="1"><Description><TranslatedText xml:lang="en">ECYN</TranslatedText></Description><Question><TranslatedText xml:lang="en">Was any study treatment administered?</TranslatedText></Question><CodeListRef CodeListOID="CL.EC_EC_1.ECYN.C66742" /><Alias Context="SDTM" Name="[NOT SUBMITTED]" /><Alias Context="CDASH" Name="ECYN" /></ItemDef><ItemDef OID="IT.EC_1_EC_1.ECDAT" Name="ECDAT" DataType="date" Length="10"><Description><TranslatedText xml:lang="en">ECDAT</TranslatedText></Description><Alias Context="prompt" Name="Collection Date" /><Alias Context="SDTM" Name="ECDTC" /><Alias Context="CDASH" Name="ECDAT" /></ItemDef><ItemDef OID="IT.EXPOSCOLL_XANPLAC_2_EXPOSCOLL_XANOMELINEPLACEBO25_DENORMALIZED_1.ECDOSE" Name="ECDOSE" DataType="integer" Length="2"><Description><TranslatedText xml:lang="en">ECDOSE</TranslatedText></Description><Alias Context="prompt" Name="Number of 25cm2 patches prescribed/day" /><Alias Context="SDTM" Name="ECDOSE" /><Alias Context="CDASH" Name="ECDOSE" /></ItemDef><ItemDef OID="IT.EXPOSCOLL_XANPLAC_2_EXPOSCOLL_XANOMELINEPLACEBO25_DENORMALIZED_1.ECDOSU" Name="ECDOSU" DataType="text" Length="200"><Description><TranslatedText xml:lang="en">ECDOSU</TranslatedText></Description><CodeListRef CodeListOID="CL.EXPOSCOLL_XANPLAC_EXPOSCOLL_XANOMELINEPLACEBO25_DENORMALIZED_1.ECDOSU.C71620" /><Alias Context="prompt" Name="Unit" /><Alias Context="SDTM" Name="ECDOSU" /><Alias Context="CDASH" Name="ECDOSU" /></ItemDef><ItemDef OID="IT.EXPOSCOLL_XANPLAC_2_EXPOSCOLL_XANOMELINEPLACEBO25_DENORMALIZED_1.ECSTDAT" Name="ECSTDAT" DataType="date" Length="10"><Description><TranslatedText xml:lang="en">ECSTDAT</TranslatedText></Description><Alias Context="prompt" Name="Start Date" /><Alias Context="SDTM" Name="ECSTDTC" /><Alias Context="CDASH" Name="ECSTDAT" /></ItemDef><ItemDef OID="IT.EXPOSCOLL_XANPLAC_2_EXPOSCOLL_XANOMELINEPLACEBO25_DENORMALIZED_1.ECENDAT" Name="ECENDAT" DataType="date" Length="10"><Description><TranslatedText xml:lang="en">ECENDAT</TranslatedText></Description><Alias Context="prompt" Name="End Date" /><Alias Context="SDTM" Name="ECENDTC" /><Alias Context="CDASH" Name="ECENDAT" /></ItemDef><ItemDef OID="IT.EXPOSCOLL_XANPLAC_2_EXPOSCOLL_XANOMELINEPLACEBO50_DENORMALIZED_2.ECDOSE" Name="ECDOSE" DataType="integer" Length="2"><Description><TranslatedText xml:lang="en">ECDOSE</TranslatedText></Description><Alias Context="prompt" Name="Number of 50cm2 patches prescribed/day" /><Alias Context="SDTM" Name="ECDOSE" /><Alias Context="CDASH" Name="ECDOSE" /></ItemDef><ItemDef OID="IT.EXPOSCOLL_XANPLAC_2_EXPOSCOLL_XANOMELINEPLACEBO50_DENORMALIZED_2.ECDOSU" Name="ECDOSU" DataType="text" Length="200"><Description><TranslatedText xml:lang="en">ECDOSU</TranslatedText></Description><CodeListRef CodeListOID="CL.EXPOSCOLL_XANPLAC_EXPOSCOLL_XANOMELINEPLACEBO50_DENORMALIZED_2.ECDOSU.C71620" /><Alias Context="prompt" Name="Unit" /><Alias Context="SDTM" Name="ECDOSU" /><Alias Context="CDASH" Name="ECDOSU" /></ItemDef><ItemDef OID="IT.EXPOSCOLL_XANPLAC_2_EXPOSCOLL_XANOMELINEPLACEBO50_DENORMALIZED_2.ECSTDAT" Name="ECSTDAT" DataType="date" Length="10"><Description><TranslatedText xml:lang="en">ECSTDAT</TranslatedText></Description><Alias Context="prompt" Name="Start Date" /><Alias Context="SDTM" Name="ECSTDTC" /><Alias Context="CDASH" Name="ECSTDAT" /></ItemDef><ItemDef OID="IT.EXPOSCOLL_XANPLAC_2_EXPOSCOLL_XANOMELINEPLACEBO50_DENORMALIZED_2.ECENDAT" Name="ECENDAT" DataType="date" Length="10"><Description><TranslatedText xml:lang="en">ECENDAT</TranslatedText></Description><Alias Context="prompt" Name="End Date" /><Alias Context="SDTM" Name="ECENDTC" /><Alias Context="CDASH" Name="ECENDAT" /></ItemDef><CodeList OID="CL.EC_EC_1.ECYN.C66742" Name="NY" DataType="text"><CodeListItem CodedValue="N"><Decode><TranslatedText xml:lang="en">No</TranslatedText></Decode></CodeListItem><CodeListItem CodedValue="Y"><Decode><TranslatedText xml:lang="en">Yes</TranslatedText></Decode></CodeListItem></CodeList><CodeList OID="CL.EXPOSCOLL_XANPLAC_EXPOSCOLL_XANOMELINEPLACEBO25_DENORMALIZED_1.ECDOSU.C71620" Name="UNIT" DataType="text"><EnumeratedItem CodedValue="PATCH" /></CodeList><CodeList OID="CL.EXPOSCOLL_XANPLAC_EXPOSCOLL_XANOMELINEPLACEBO25_DENORMALIZED_1.ECDOSFRM.C66726" Name="FRM" DataType="text"><EnumeratedItem CodedValue="PATCH" /></CodeList><CodeList OID="CL.EXPOSCOLL_XANPLAC_EXPOSCOLL_XANOMELINEPLACEBO25_DENORMALIZED_1.ECDOSFRQ.C71113" Name="FREQ" DataType="text"><EnumeratedItem CodedValue="QD" /></CodeList><CodeList OID="CL.EXPOSCOLL_XANPLAC_EXPOSCOLL_XANOMELINEPLACEBO25_DENORMALIZED_1.ECROUTE.C66729" Name="ROUTE" DataType="text"><EnumeratedItem CodedValue="TRANSDERMAL" /></CodeList><CodeList OID="CL.EXPOSCOLL_XANPLAC_EXPOSCOLL_XANOMELINEPLACEBO50_DENORMALIZED_2.ECDOSU.C71620" Name="UNIT" DataType="text"><EnumeratedItem CodedValue="PATCH" /></CodeList><CodeList OID="CL.EXPOSCOLL_XANPLAC_EXPOSCOLL_XANOMELINEPLACEBO50_DENORMALIZED_2.ECDOSFRM.C66726" Name="FRM" DataType="text"><EnumeratedItem CodedValue="PATCH" /></CodeList><CodeList OID="CL.EXPOSCOLL_XANPLAC_EXPOSCOLL_XANOMELINEPLACEBO50_DENORMALIZED_2.ECDOSFRQ.C71113" Name="FREQ" DataType="text"><EnumeratedItem CodedValue="QD" /></CodeList><CodeList OID="CL.EXPOSCOLL_XANPLAC_EXPOSCOLL_XANOMELINEPLACEBO50_DENORMALIZED_2.ECROUTE.C66729" Name="ROUTE" DataType="text"><EnumeratedItem CodedValue="TRANSDERMAL" /></CodeList></MetaDataVersion></Study></ODM>