{"FileOID": "ODM.CDASH.POC", "Granularity": "Metadata", "CreationDateTime": "2025-09-22T21:13:22.413246+00:00", "ODMVersion": "1.3.2", "FileType": "Snapshot", "Originator": "Lex Jansen", "SourceSystem": "odmlib", "SourceSystemVersion": "0.1", "Study": [{"OID": "ODM.CDASH.STUDY", "GlobalVariables": {"StudyName": {"_content": "CDISC360i CDASH POC Study"}, "StudyDescription": {"_content": "CDISC360i CDASH POC Study"}, "ProtocolName": {"_content": "CDISC360i CDASH POC Study protocol"}}, "BasicDefinitions": {}, "MetaDataVersion": [{"OID": "ODM.CDASH.STUDY.MDV", "Name": "CDISC360i CDASH POC Study Metadata Version", "Description": "CDISC360i CDASH ODM 1.3.2 metadata version", "ItemGroupDef": [{"OID": "FORM.EQ5D02", "Name": "EQ-5D-5L Questionnaire", "Repeating": "No", "Description": {"TranslatedText": [{"_content": "EQ-5D-5L Questionnaire", "lang": "en"}]}, "ItemGroupRef": [{"ItemGroupOID": "IG.QS_EQ5D02_01_1", "OrderNumber": 1, "Mandatory": "Yes"}, {"ItemGroupOID": "IG.QS_EQ5D02_02_2", "OrderNumber": 2, "Mandatory": "Yes"}, {"ItemGroupOID": "IG.QS_EQ5D02_03_3", "OrderNumber": 3, "Mandatory": "Yes"}], "Alias": [{"Context": "formAnnotation", "Name": "DOMAIN = QS; QSCAT = EQ-5D-5L"}]}, {"OID": "IG.QS_EQ5D02_01_1", "Name": "EQ-5D-5L Questionnaire - Lead Question", "Repeating": "No", "ItemRef": [{"ItemOID": "IT.QS_EQ5D02_01_1_EQ5D02_1.EQ5D02_QSCAT", "OrderNumber": 1, "Mandatory": "Yes"}, {"ItemOID": "IT.QS_EQ5D02_01_1_EQ5D02_1.EQ5D02_QSPERF", "OrderNumber": 2, "Mandatory": "No"}, {"ItemOID": "IT.QS_EQ5D02_01_1_EQ5D02_1.EQ5D02_QSDAT", "OrderNumber": 3, "Mandatory": "Yes"}, {"ItemOID": "IT.QS_EQ5D02_01_1_EQ5D02_1.EQ5D02_QSEVINTX", "OrderNumber": 4, "Mandatory": "Yes"}], "Alias": []}, {"OID": "IG.QS_EQ5D02_02_2", "Name": "EQ-5D-5L Questionnaire - Question 1-5", "Repeating": "No", "ItemRef": [{"ItemOID": "IT.QS_EQ5D02_02_2_EQ5D0201_1.EQ5D0201_QSORRES", "OrderNumber": 1, "Mandatory": "Yes"}, {"ItemOID": "IT.QS_EQ5D02_02_2_EQ5D0202_2.EQ5D0202_QSORRES", "OrderNumber": 2, "Mandatory": "Yes"}, {"ItemOID": "IT.QS_EQ5D02_02_2_EQ5D0203_3.EQ5D0203_QSORRES", "OrderNumber": 3, "Mandatory": "Yes"}, {"ItemOID": "IT.QS_EQ5D02_02_2_EQ5D0204_4.EQ5D0204_QSORRES", "OrderNumber": 4, "Mandatory": "Yes"}, {"ItemOID": "IT.QS_EQ5D02_02_2_EQ5D0205_5.EQ5D0205_QSORRES", "OrderNumber": 5, "Mandatory": "Yes"}], "Alias": [{"Context": "formSectionCompletionInstruction", "Name": "Under each heading, please check the ONE box that best describes your health TODAY."}]}, {"OID": "IG.QS_EQ5D02_03_3", "Name": "EQ-5D-5L Questionnaire - VAS", "Repeating": "No", "ItemRef": [{"ItemOID": "IT.QS_EQ5D02_03_3_EQ5D0206_1.EQ5D0206_QSORRES", "OrderNumber": 1, "Mandatory": "Yes"}, {"ItemOID": "IT.QS_EQ5D02_03_3_EQ5D0206_1.EQ5D0206_QSMETHOD", "OrderNumber": 2, "Mandatory": "Yes"}, {"ItemOID": "IT.QS_EQ5D02_03_3_EQ5D0206_1.EQ5D0206_QSANTXLO", "OrderNumber": 3, "Mandatory": "Yes"}, {"ItemOID": "IT.QS_EQ5D02_03_3_EQ5D0206_1.EQ5D0206_QSANTXHI", "OrderNumber": 4, "Mandatory": "Yes"}, {"ItemOID": "IT.QS_EQ5D02_03_3_EQ5D0206_1.EQ5D0206_QSANVLLO", "OrderNumber": 5, "Mandatory": "Yes"}, {"ItemOID": "IT.QS_EQ5D02_03_3_EQ5D0206_1.EQ5D0206_QSANVLHI", "OrderNumber": 6, "Mandatory": "Yes"}], "Alias": [{"Context": "formSectionCompletionInstruction", "Name": "  -  We would like to know how good or bad your health is TODAY.\n  -  This scale is numbered from 0 to 100.\n  -  100 means the best health you can imagine.\n      0 means the worst health you can imagine.\n  -   Mark an X on the scale to indicate how your health is TODAY.\n  -   Now, please write the number you marked on the scale in the box below."}]}], "ItemDef": [{"OID": "IT.QS_EQ5D02_01_1_EQ5D02_1.EQ5D02_QSCAT", "Name": "EQ5D02_QSCAT", "DataType": "text", "Length": 50, "Description": {"TranslatedText": [{"_content": "QSCAT", "lang": "en"}]}, "CodeListRef": {"CodeListOID": "CL.QS_EQ5D02_01_EQ5D02_1.EQ5D02_QSCAT.C100129"}, "Alias": [{"Context": "prompt", "Name": "Category of Questionnaire"}, {"Context": "SDTM", "Name": "QSCAT = EQ-5D-5L"}, {"Context": "CDASH", "Name": "EQ5D02_QSCAT"}]}, {"OID": "IT.QS_EQ5D02_01_1_EQ5D02_1.EQ5D02_QSPERF", "Name": "EQ5D02_QSPERF", "DataType": "text", "Length": 1, "Description": {"TranslatedText": [{"_content": "QSPERF", "lang": "en"}]}, "Question": {"TranslatedText": [{"_content": "Was the EQ-5D-5L questionnaire performed?", "lang": "en"}]}, "CodeListRef": {"CodeListOID": "CL.QS_EQ5D02_01_EQ5D02_1.EQ5D02_QSPERF.C66742"}, "Alias": [{"Context": "SDTM", "Name": "[NOT SUBMITTED]; QSSTAT = NOT DONE"}, {"Context": "CDASH", "Name": "EQ5D02_QSPERF"}]}, {"OID": "IT.QS_EQ5D02_01_1_EQ5D02_1.EQ5D02_QSDAT", "Name": "EQ5D02_QSDAT", "DataType": "date", "Length": 10, "Description": {"TranslatedText": [{"_content": "QSDAT", "lang": "en"}]}, "Alias": [{"Context": "prompt", "Name": "Date of Assessment"}, {"Context": "SDTM", "Name": "QSDTC"}, {"Context": "CDASH", "Name": "EQ5D02_QSDAT"}]}, {"OID": "IT.QS_EQ5D02_01_1_EQ5D02_1.EQ5D02_QSEVINTX", "Name": "EQ5D02_QSEVINTX", "DataType": "text", "Length": 5, "Description": {"TranslatedText": [{"_content": "QSEVINTX", "lang": "en"}]}, "Alias": [{"Context": "prompt", "Name": "Collected Evaluation Interval"}, {"Context": "SDTM", "Name": "QSEVINTX = TODAY"}, {"Context": "CDASH", "Name": "EQ5D02_QSEVINTX"}]}, {"OID": "IT.QS_EQ5D02_02_2_EQ5D0201_1.EQ5D0201_QSORRES", "Name": "EQ5D0201_QSORRES", "DataType": "text", "Length": 200, "Description": {"TranslatedText": [{"_content": "QSORRES", "lang": "en"}]}, "CodeListRef": {"CodeListOID": "CL.QS_EQ5D02_02_EQ5D0201_1.EQ5D0201_QSORRES"}, "Alias": [{"Context": "prompt", "Name": "MOBILITY"}, {"Context": "SDTM", "Name": "QSORRES where QSTESTCD = EQ5D0201"}, {"Context": "CDASH", "Name": "EQ5D0201_QSORRES"}]}, {"OID": "IT.QS_EQ5D02_02_2_EQ5D0202_2.EQ5D0202_QSORRES", "Name": "EQ5D0202_QSORRES", "DataType": "text", "Length": 200, "Description": {"TranslatedText": [{"_content": "QSORRES", "lang": "en"}]}, "CodeListRef": {"CodeListOID": "CL.QS_EQ5D02_02_EQ5D0202_2.EQ5D0202_QSORRES"}, "Alias": [{"Context": "prompt", "Name": "SELF-CARE"}, {"Context": "SDTM", "Name": "QSORRES where QSTESTCD = EQ5D0202"}, {"Context": "CDASH", "Name": "EQ5D0202_QSORRES"}]}, {"OID": "IT.QS_EQ5D02_02_2_EQ5D0203_3.EQ5D0203_QSORRES", "Name": "EQ5D0203_QSORRES", "DataType": "text", "Length": 200, "Description": {"TranslatedText": [{"_content": "QSORRES", "lang": "en"}]}, "CodeListRef": {"CodeListOID": "CL.QS_EQ5D02_02_EQ5D0203_3.EQ5D0203_QSORRES"}, "Alias": [{"Context": "prompt", "Name": "USUAL ACTIVITIES (e.g. work, study, housework, family or leisure activities)"}, {"Context": "SDTM", "Name": "QSORRES where QSTESTCD = EQ5D0203"}, {"Context": "CDASH", "Name": "EQ5D0203_QSORRES"}]}, {"OID": "IT.QS_EQ5D02_02_2_EQ5D0204_4.EQ5D0204_QSORRES", "Name": "EQ5D0204_QSORRES", "DataType": "text", "Length": 200, "Description": {"TranslatedText": [{"_content": "QSORRES", "lang": "en"}]}, "CodeListRef": {"CodeListOID": "CL.QS_EQ5D02_02_EQ5D0204_4.EQ5D0204_QSORRES"}, "Alias": [{"Context": "prompt", "Name": "PAIN / DISCOMFORT"}, {"Context": "SDTM", "Name": "QSORRES where QSTESTCD = EQ5D0204"}, {"Context": "CDASH", "Name": "EQ5D0204_QSORRES"}]}, {"OID": "IT.QS_EQ5D02_02_2_EQ5D0205_5.EQ5D0205_QSORRES", "Name": "EQ5D0205_QSORRES", "DataType": "text", "Length": 200, "Description": {"TranslatedText": [{"_content": "QSORRES", "lang": "en"}]}, "CodeListRef": {"CodeListOID": "CL.QS_EQ5D02_02_EQ5D0205_5.EQ5D0205_QSORRES"}, "Alias": [{"Context": "prompt", "Name": "ANXIETY / DEPRESSION"}, {"Context": "SDTM", "Name": "QSORRES where QSTESTCD = EQ5D0205"}, {"Context": "CDASH", "Name": "EQ5D0205_QSORRES"}]}, {"OID": "IT.QS_EQ5D02_03_3_EQ5D0206_1.EQ5D0206_QSORRES", "Name": "EQ5D0206_QSORRES", "DataType": "integer", "Length": 3, "Description": {"TranslatedText": [{"_content": "QSORRES", "lang": "en"}]}, "Alias": [{"Context": "prompt", "Name": "YOUR HEALTH TODAY"}, {"Context": "SDTM", "Name": "QSORRES where QSTESTCD = EQ5D0206"}, {"Context": "CDASH", "Name": "EQ5D0206_QSORRES"}]}, {"OID": "IT.QS_EQ5D02_03_3_EQ5D0206_1.EQ5D0206_QSMETHOD", "Name": "EQ5D0206_QSMETHOD", "DataType": "text", "Length": 100, "Description": {"TranslatedText": [{"_content": "QSMETHOD", "lang": "en"}]}, "Alias": [{"Context": "prompt", "Name": "Visual Analog Scale"}, {"Context": "SDTM", "Name": "QSMETHOD = VISUAL ANALOG SCALE (1-100) when QSTESTCD = EQ5D0206"}, {"Context": "CDASH", "Name": "EQ5D0206_QSMETHOD"}]}, {"OID": "IT.QS_EQ5D02_03_3_EQ5D0206_1.EQ5D0206_QSANTXLO", "Name": "EQ5D0206_QSANTXLO", "DataType": "text", "Length": 100, "Description": {"TranslatedText": [{"_content": "QSANTXLO", "lang": "en"}]}, "Alias": [{"Context": "prompt", "Name": "The worst health you can imagine"}, {"Context": "SDTM", "Name": "QSANTXLO in SUPPQS"}, {"Context": "CDASH", "Name": "EQ5D0206_QSANTXLO"}]}, {"OID": "IT.QS_EQ5D02_03_3_EQ5D0206_1.EQ5D0206_QSANTXHI", "Name": "EQ5D0206_QSANTXHI", "DataType": "text", "Length": 100, "Description": {"TranslatedText": [{"_content": "QSANTXHI", "lang": "en"}]}, "Alias": [{"Context": "prompt", "Name": "The best health you can imagine"}, {"Context": "SDTM", "Name": "QSANTXHI in SUPPQS"}, {"Context": "CDASH", "Name": "EQ5D0206_QSANTXHI"}]}, {"OID": "IT.QS_EQ5D02_03_3_EQ5D0206_1.EQ5D0206_QSANVLLO", "Name": "EQ5D0206_QSANVLLO", "DataType": "integer", "Length": 3, "Description": {"TranslatedText": [{"_content": "QSANVLLO", "lang": "en"}]}, "Alias": [{"Context": "prompt", "Name": "Anchor Value Low"}, {"Context": "SDTM", "Name": "QSANVLLO in SUPPQS"}, {"Context": "CDASH", "Name": "EQ5D0206_QSANVLLO"}]}, {"OID": "IT.QS_EQ5D02_03_3_EQ5D0206_1.EQ5D0206_QSANVLHI", "Name": "EQ5D0206_QSANVLHI", "DataType": "integer", "Length": 3, "Description": {"TranslatedText": [{"_content": "QSANVLHI", "lang": "en"}]}, "Alias": [{"Context": "prompt", "Name": "Anchor Value High"}, {"Context": "SDTM", "Name": "QSANVLHI in SUPPQS"}, {"Context": "CDASH", "Name": "EQ5D0206_QSANVLHI"}]}], "CodeList": [{"OID": "CL.QS_EQ5D02_01_EQ5D02_1.EQ5D02_QSCAT.C100129", "Name": "QSCAT", "DataType": "text", "EnumeratedItem": [{"CodedValue": "EQ-5D-5L"}]}, {"OID": "CL.QS_EQ5D02_01_EQ5D02_1.EQ5D02_QSPERF.C66742", "Name": "NY", "DataType": "text", "CodeListItem": [{"CodedValue": "N", "Decode": {"TranslatedText": [{"_content": "No", "lang": "en"}]}}, {"CodedValue": "Y", "Decode": {"TranslatedText": [{"_content": "Yes", "lang": "en"}]}}]}, {"OID": "CL.QS_EQ5D02_02_EQ5D0201_1.EQ5D0201_QSORRES", "Name": "EQ5D0201-QSORRES", "DataType": "text", "CodeListItem": [{"CodedValue": "I have no problems walking", "Decode": {"TranslatedText": [{"_content": "I have no problems walking", "lang": "en"}]}}, {"CodedValue": "I have slight problems walking", "Decode": {"TranslatedText": [{"_content": "I have slight problems walking", "lang": "en"}]}}, {"CodedValue": "I have moderate problems walking", "Decode": {"TranslatedText": [{"_content": "I have moderate problems walking", "lang": "en"}]}}, {"CodedValue": "I have severe problems walking", "Decode": {"TranslatedText": [{"_content": "I have severe problems walking", "lang": "en"}]}}, {"CodedValue": "I am unable to walk", "Decode": {"TranslatedText": [{"_content": "I am unable to walk", "lang": "en"}]}}]}, {"OID": "CL.QS_EQ5D02_02_EQ5D0202_2.EQ5D0202_QSORRES", "Name": "EQ5D0202-QSORRES", "DataType": "text", "CodeListItem": [{"CodedValue": "I have no problems washing or dressing myself", "Decode": {"TranslatedText": [{"_content": "I have no problems washing or dressing myself", "lang": "en"}]}}, {"CodedValue": "I have slight problems washing or dressing myself", "Decode": {"TranslatedText": [{"_content": "I have slight problems washing or dressing myself", "lang": "en"}]}}, {"CodedValue": "I have moderate problems washing or dressing myself", "Decode": {"TranslatedText": [{"_content": "I have moderate problems washing or dressing myself", "lang": "en"}]}}, {"CodedValue": "I have severe problems washing or dressing myself", "Decode": {"TranslatedText": [{"_content": "I have severe problems washing or dressing myself", "lang": "en"}]}}, {"CodedValue": "I am unable to wash or dress myself", "Decode": {"TranslatedText": [{"_content": "I am unable to wash or dress myself", "lang": "en"}]}}]}, {"OID": "CL.QS_EQ5D02_02_EQ5D0203_3.EQ5D0203_QSORRES", "Name": "EQ5D0203-QSORRES", "DataType": "text", "CodeListItem": [{"CodedValue": "I have no problems doing my usual activities", "Decode": {"TranslatedText": [{"_content": "I have no problems doing my usual activities", "lang": "en"}]}}, {"CodedValue": "I have slight problems doing my usual activities", "Decode": {"TranslatedText": [{"_content": "I have slight problems doing my usual activities", "lang": "en"}]}}, {"CodedValue": "I have moderate problems doing my usual activities", "Decode": {"TranslatedText": [{"_content": "I have moderate problems doing my usual activities", "lang": "en"}]}}, {"CodedValue": "I have severe problems doing my usual activities", "Decode": {"TranslatedText": [{"_content": "I have severe problems doing my usual activities", "lang": "en"}]}}, {"CodedValue": "I am unable to do my usual activities", "Decode": {"TranslatedText": [{"_content": "I am unable to do my usual activities", "lang": "en"}]}}]}, {"OID": "CL.QS_EQ5D02_02_EQ5D0204_4.EQ5D0204_QSORRES", "Name": "EQ5D0204-QSORRES", "DataType": "text", "CodeListItem": [{"CodedValue": "I have no pain or discomfort", "Decode": {"TranslatedText": [{"_content": "I have no pain or discomfort", "lang": "en"}]}}, {"CodedValue": "I have slight pain or discomfort", "Decode": {"TranslatedText": [{"_content": "I have slight pain or discomfort", "lang": "en"}]}}, {"CodedValue": "I have moderate pain or discomfort", "Decode": {"TranslatedText": [{"_content": "I have moderate pain or discomfort", "lang": "en"}]}}, {"CodedValue": "I have severe pain or discomfort", "Decode": {"TranslatedText": [{"_content": "I have severe pain or discomfort", "lang": "en"}]}}, {"CodedValue": "I have extreme pain or discomfort", "Decode": {"TranslatedText": [{"_content": "I have extreme pain or discomfort", "lang": "en"}]}}]}, {"OID": "CL.QS_EQ5D02_02_EQ5D0205_5.EQ5D0205_QSORRES", "Name": "EQ5D0205-QSORRES", "DataType": "text", "CodeListItem": [{"CodedValue": "I am not anxious or depressed", "Decode": {"TranslatedText": [{"_content": "I am not anxious or depressed", "lang": "en"}]}}, {"CodedValue": "I am slightly anxious or depressed", "Decode": {"TranslatedText": [{"_content": "I am slightly anxious or depressed", "lang": "en"}]}}, {"CodedValue": "I am moderately anxious or depressed", "Decode": {"TranslatedText": [{"_content": "I am moderately anxious or depressed", "lang": "en"}]}}, {"CodedValue": "I am severely anxious or depressed", "Decode": {"TranslatedText": [{"_content": "I am severely anxious or depressed", "lang": "en"}]}}, {"CodedValue": "I am extremely anxious or depressed", "Decode": {"TranslatedText": [{"_content": "I am extremely anxious or depressed", "lang": "en"}]}}]}]}]}]}