{"FileOID": "ODM.CDASH.POC", "Granularity": "Metadata", "CreationDateTime": "2025-09-24T20:32:23.580640+00:00", "ODMVersion": "2.0", "FileType": "Snapshot", "Originator": "Lex Jansen", "SourceSystem": "odmlib", "SourceSystemVersion": "0.1", "Study": [{"OID": "ODM.CDASH.STUDY", "StudyName": "EQ-5D-5L Questionnaire", "Description": {"TranslatedText": [{"_content": "EQ-5D-5L Questionnaire", "Type": "text/plain", "lang": "en"}]}, "ProtocolName": "EQ-5D-5L Questionnaire", "MetaDataVersion": [{"OID": "ODM.CDASH.STUDY.MDV", "Name": "EQ-5D-5L Questionnaire", "Description": {"TranslatedText": [{"_content": "EQ-5D-5L Questionnaire", "Type": "text/plain", "lang": "en"}]}, "ItemGroupDef": [{"OID": "IG_FORM.EQ5D02", "Name": "EQ-5D-5L Questionnaire", "Repeating": "No", "Type": "Form", "Description": {"TranslatedText": [{"_content": "EQ-5D-5L Questionnaire", "Type": "text/plain", "lang": "en"}]}, "ItemGroupRef": [{"ItemGroupOID": "IG.QS_EQ5D02_01_1", "OrderNumber": 1, "Mandatory": "Yes"}, {"ItemGroupOID": "IG.QS_EQ5D02_02_2", "OrderNumber": 2, "Mandatory": "Yes"}, {"ItemGroupOID": "IG.QS_EQ5D02_03_3", "OrderNumber": 3, "Mandatory": "Yes"}], "Alias": [{"Context": "formAnnotation", "Name": "DOMAIN = QS; QSCAT = EQ-5D-5L"}]}, {"OID": "IG.QS_EQ5D02_01_1", "Name": "EQ-5D-5L Questionnaire - Lead Question", "Repeating": "No", "Type": "Section", "Description": {"TranslatedText": [{"_content": "EQ-5D-5L Questionnaire - Lead Question", "Type": "text/plain", "lang": "en"}]}, "ItemGroupRef": [{"ItemGroupOID": "IG.QS_EQ5D02_01_1_EQ5D02_1", "OrderNumber": 1, "Mandatory": "Yes"}], "Alias": []}, {"OID": "IG.QS_EQ5D02_02_2", "Name": "EQ-5D-5L Questionnaire - Question 1-5", "Repeating": "No", "Type": "Section", "Description": {"TranslatedText": [{"_content": "EQ-5D-5L Questionnaire - Question 1-5", "Type": "text/plain", "lang": "en"}]}, "ItemGroupRef": [{"ItemGroupOID": "IG.QS_EQ5D02_02_2_EQ5D0201_1", "OrderNumber": 1, "Mandatory": "Yes"}, {"ItemGroupOID": "IG.QS_EQ5D02_02_2_EQ5D0202_2", "OrderNumber": 2, "Mandatory": "Yes"}, {"ItemGroupOID": "IG.QS_EQ5D02_02_2_EQ5D0203_3", "OrderNumber": 3, "Mandatory": "Yes"}, {"ItemGroupOID": "IG.QS_EQ5D02_02_2_EQ5D0204_4", "OrderNumber": 4, "Mandatory": "Yes"}, {"ItemGroupOID": "IG.QS_EQ5D02_02_2_EQ5D0205_5", "OrderNumber": 5, "Mandatory": "Yes"}], "Alias": [{"Context": "formSectionCompletionInstruction", "Name": "Under each heading, please check the ONE box that best describes your health TODAY."}]}, {"OID": "IG.QS_EQ5D02_03_3", "Name": "EQ-5D-5L Questionnaire - VAS", "Repeating": "No", "Type": "Section", "Description": {"TranslatedText": [{"_content": "EQ-5D-5L Questionnaire - VAS", "Type": "text/plain", "lang": "en"}]}, "ItemGroupRef": [{"ItemGroupOID": "IG.QS_EQ5D02_03_3_EQ5D0206_1", "OrderNumber": 1, "Mandatory": "Yes"}], "Alias": [{"Context": "formSectionCompletionInstruction", "Name": "  -  We would like to know how good or bad your health is TODAY.\n  -  This scale is numbered from 0 to 100.\n  -  100 means the best health you can imagine.\n      0 means the worst health you can imagine.\n  -   Mark an X on the scale to indicate how your health is TODAY.\n  -   Now, please write the number you marked on the scale in the box below."}]}, {"OID": "IG.QS_EQ5D02_01_1_EQ5D02_1", "Name": "EQ-5D-5L Questionnaire", "Repeating": "No", "Type": "Concept", "Description": {"TranslatedText": [{"_content": "EQ-5D-5L Questionnaire", "Type": "text/plain", "lang": "en"}]}, "ItemRef": [{"ItemOID": "IT.QS_EQ5D02_01_1_EQ5D02_1.EQ5D02_QSCAT", "OrderNumber": 1, "Mandatory": "Yes", "PreSpecifiedValue": "EQ-5D-5L"}, {"ItemOID": "IT.QS_EQ5D02_01_1_EQ5D02_1.EQ5D02_QSPERF", "OrderNumber": 2, "Mandatory": "No"}, {"ItemOID": "IT.QS_EQ5D02_01_1_EQ5D02_1.EQ5D02_QSDAT", "OrderNumber": 3, "Mandatory": "Yes"}, {"ItemOID": "IT.QS_EQ5D02_01_1_EQ5D02_1.EQ5D02_QSEVINTX", "OrderNumber": 4, "Mandatory": "Yes", "PreSpecifiedValue": "TODAY"}], "Coding": [{"System": "/mdr/bc/biomedicalconcepts/C102117", "Code": "C102117", "SystemName": "CDISC Biomedical Concept"}]}, {"OID": "IG.QS_EQ5D02_02_2_EQ5D0201_1", "Name": "EQ5D02-Mobility", "Repeating": "No", "Type": "Concept", "Description": {"TranslatedText": [{"_content": "EQ5D02-Mobility", "Type": "text/plain", "lang": "en"}]}, "ItemRef": [{"ItemOID": "IT.QS_EQ5D02_02_2_EQ5D0201_1.EQ5D0201_QSORRES", "OrderNumber": 1, "Mandatory": "Yes"}], "Coding": [{"System": "/mdr/bc/biomedicalconcepts/C102067", "Code": "C102067", "SystemName": "CDISC Biomedical Concept"}, {"System": "/mdr/specializations/sdtm/datasetspecializations/EQ5D0201", "Code": "EQ5D0201", "SystemName": "CDISC SDTM Dataset Specialization"}]}, {"OID": "IG.QS_EQ5D02_02_2_EQ5D0202_2", "Name": "EQ5D02-Self-Care", "Repeating": "No", "Type": "Concept", "Description": {"TranslatedText": [{"_content": "EQ5D02-Self-Care", "Type": "text/plain", "lang": "en"}]}, "ItemRef": [{"ItemOID": "IT.QS_EQ5D02_02_2_EQ5D0202_2.EQ5D0202_QSORRES", "OrderNumber": 1, "Mandatory": "Yes"}], "Coding": [{"System": "/mdr/bc/biomedicalconcepts/C102068", "Code": "C102068", "SystemName": "CDISC Biomedical Concept"}, {"System": "/mdr/specializations/sdtm/datasetspecializations/EQ5D0202", "Code": "EQ5D0202", "SystemName": "CDISC SDTM Dataset Specialization"}]}, {"OID": "IG.QS_EQ5D02_02_2_EQ5D0203_3", "Name": "EQ5D02-Usual Activities", "Repeating": "No", "Type": "Concept", "Description": {"TranslatedText": [{"_content": "EQ5D02-Usual Activities", "Type": "text/plain", "lang": "en"}]}, "ItemRef": [{"ItemOID": "IT.QS_EQ5D02_02_2_EQ5D0203_3.EQ5D0203_QSORRES", "OrderNumber": 1, "Mandatory": "Yes"}], "Coding": [{"System": "/mdr/bc/biomedicalconcepts/C102069", "Code": "C102069", "SystemName": "CDISC Biomedical Concept"}, {"System": "/mdr/specializations/sdtm/datasetspecializations/EQ5D0203", "Code": "EQ5D0203", "SystemName": "CDISC SDTM Dataset Specialization"}]}, {"OID": "IG.QS_EQ5D02_02_2_EQ5D0204_4", "Name": "EQ5D02-Pain/Discomfort", "Repeating": "No", "Type": "Concept", "Description": {"TranslatedText": [{"_content": "EQ5D02-Pain/Discomfort", "Type": "text/plain", "lang": "en"}]}, "ItemRef": [{"ItemOID": "IT.QS_EQ5D02_02_2_EQ5D0204_4.EQ5D0204_QSORRES", "OrderNumber": 1, "Mandatory": "Yes"}], "Coding": [{"System": "/mdr/bc/biomedicalconcepts/C102070", "Code": "C102070", "SystemName": "CDISC Biomedical Concept"}, {"System": "/mdr/specializations/sdtm/datasetspecializations/EQ5D0204", "Code": "EQ5D0204", "SystemName": "CDISC SDTM Dataset Specialization"}]}, {"OID": "IG.QS_EQ5D02_02_2_EQ5D0205_5", "Name": "EQ5D02-Anxiety/Depression", "Repeating": "No", "Type": "Concept", "Description": {"TranslatedText": [{"_content": "EQ5D02-Anxiety/Depression", "Type": "text/plain", "lang": "en"}]}, "ItemRef": [{"ItemOID": "IT.QS_EQ5D02_02_2_EQ5D0205_5.EQ5D0205_QSORRES", "OrderNumber": 1, "Mandatory": "Yes"}], "Coding": [{"System": "/mdr/bc/biomedicalconcepts/C102071", "Code": "C102071", "SystemName": "CDISC Biomedical Concept"}, {"System": "/mdr/specializations/sdtm/datasetspecializations/EQ5D0205", "Code": "EQ5D0205", "SystemName": "CDISC SDTM Dataset Specialization"}]}, {"OID": "IG.QS_EQ5D02_03_3_EQ5D0206_1", "Name": "EQ-5D-5L - EQ VAS Score", "Repeating": "No", "Type": "Concept", "Description": {"TranslatedText": [{"_content": "EQ-5D-5L - EQ VAS Score", "Type": "text/plain", "lang": "en"}]}, "ItemRef": [{"ItemOID": "IT.QS_EQ5D02_03_3_EQ5D0206_1.EQ5D0206_QSORRES", "OrderNumber": 1, "Mandatory": "Yes"}, {"ItemOID": "IT.QS_EQ5D02_03_3_EQ5D0206_1.EQ5D0206_QSMETHOD", "OrderNumber": 2, "Mandatory": "Yes", "PreSpecifiedValue": "VISUAL ANALOG SCALE (1-100)"}, {"ItemOID": "IT.QS_EQ5D02_03_3_EQ5D0206_1.EQ5D0206_QSANTXLO", "OrderNumber": 3, "Mandatory": "Yes", "PreSpecifiedValue": "The worst health you can imagine"}, {"ItemOID": "IT.QS_EQ5D02_03_3_EQ5D0206_1.EQ5D0206_QSANTXHI", "OrderNumber": 4, "Mandatory": "Yes", "PreSpecifiedValue": "The best health you can imagine"}, {"ItemOID": "IT.QS_EQ5D02_03_3_EQ5D0206_1.EQ5D0206_QSANVLLO", "OrderNumber": 5, "Mandatory": "Yes", "PreSpecifiedValue": "0"}, {"ItemOID": "IT.QS_EQ5D02_03_3_EQ5D0206_1.EQ5D0206_QSANVLHI", "OrderNumber": 6, "Mandatory": "Yes", "PreSpecifiedValue": "100"}], "Coding": [{"System": "/mdr/bc/biomedicalconcepts/C102072", "Code": "C102072", "SystemName": "CDISC Biomedical Concept"}, {"System": "/mdr/specializations/sdtm/datasetspecializations/EQ5D0206", "Code": "EQ5D0206", "SystemName": "CDISC SDTM Dataset Specialization"}]}], "ItemDef": [{"OID": "IT.QS_EQ5D02_01_1_EQ5D02_1.EQ5D02_QSCAT", "Name": "EQ5D02_QSCAT", "DataType": "text", "Length": 50, "Prompt": {"TranslatedText": [{"_content": "Category of Questionnaire", "Type": "text/plain", "lang": "en"}]}, "CodeListRef": {"CodeListOID": "CL.QS_EQ5D02_01_EQ5D02_1.EQ5D02_QSCAT.C100129"}, "Alias": [{"Context": "SDTM", "Name": "QSCAT = EQ-5D-5L"}, {"Context": "CDASH", "Name": "EQ5D02_QSCAT"}]}, {"OID": "IT.QS_EQ5D02_01_1_EQ5D02_1.EQ5D02_QSPERF", "Name": "EQ5D02_QSPERF", "DataType": "text", "Length": 1, "Question": {"TranslatedText": [{"_content": "Was the EQ-5D-5L questionnaire performed?", "Type": "text/plain", "lang": "en"}]}, "CodeListRef": {"CodeListOID": "CL.QS_EQ5D02_01_EQ5D02_1.EQ5D02_QSPERF.C66742"}, "Alias": [{"Context": "SDTM", "Name": "[NOT SUBMITTED]; QSSTAT = NOT DONE"}, {"Context": "CDASH", "Name": "EQ5D02_QSPERF"}]}, {"OID": "IT.QS_EQ5D02_01_1_EQ5D02_1.EQ5D02_QSDAT", "Name": "EQ5D02_QSDAT", "DataType": "date", "Length": 10, "Prompt": {"TranslatedText": [{"_content": "Date of Assessment", "Type": "text/plain", "lang": "en"}]}, "Alias": [{"Context": "SDTM", "Name": "QSDTC"}, {"Context": "CDASH", "Name": "EQ5D02_QSDAT"}]}, {"OID": "IT.QS_EQ5D02_01_1_EQ5D02_1.EQ5D02_QSEVINTX", "Name": "EQ5D02_QSEVINTX", "DataType": "text", "Length": 5, "Prompt": {"TranslatedText": [{"_content": "Collected Evaluation Interval", "Type": "text/plain", "lang": "en"}]}, "Alias": [{"Context": "SDTM", "Name": "QSEVINTX = TODAY"}, {"Context": "CDASH", "Name": "EQ5D02_QSEVINTX"}]}, {"OID": "IT.QS_EQ5D02_02_2_EQ5D0201_1.EQ5D0201_QSORRES", "Name": "EQ5D0201_QSORRES", "DataType": "text", "Length": 200, "Prompt": {"TranslatedText": [{"_content": "MOBILITY", "Type": "text/plain", "lang": "en"}]}, "CodeListRef": {"CodeListOID": "CL.QS_EQ5D02_02_EQ5D0201_1.EQ5D0201_QSORRES"}, "Alias": [{"Context": "SDTM", "Name": "QSORRES where QSTESTCD = EQ5D0201"}, {"Context": "CDASH", "Name": "EQ5D0201_QSORRES"}]}, {"OID": "IT.QS_EQ5D02_02_2_EQ5D0202_2.EQ5D0202_QSORRES", "Name": "EQ5D0202_QSORRES", "DataType": "text", "Length": 200, "Prompt": {"TranslatedText": [{"_content": "SELF-CARE", "Type": "text/plain", "lang": "en"}]}, "CodeListRef": {"CodeListOID": "CL.QS_EQ5D02_02_EQ5D0202_2.EQ5D0202_QSORRES"}, "Alias": [{"Context": "SDTM", "Name": "QSORRES where QSTESTCD = EQ5D0202"}, {"Context": "CDASH", "Name": "EQ5D0202_QSORRES"}]}, {"OID": "IT.QS_EQ5D02_02_2_EQ5D0203_3.EQ5D0203_QSORRES", "Name": "EQ5D0203_QSORRES", "DataType": "text", "Length": 200, "Prompt": {"TranslatedText": [{"_content": "USUAL ACTIVITIES (e.g. work, study, housework, family or leisure activities)", "Type": "text/plain", "lang": "en"}]}, "CodeListRef": {"CodeListOID": "CL.QS_EQ5D02_02_EQ5D0203_3.EQ5D0203_QSORRES"}, "Alias": [{"Context": "SDTM", "Name": "QSORRES where QSTESTCD = EQ5D0203"}, {"Context": "CDASH", "Name": "EQ5D0203_QSORRES"}]}, {"OID": "IT.QS_EQ5D02_02_2_EQ5D0204_4.EQ5D0204_QSORRES", "Name": "EQ5D0204_QSORRES", "DataType": "text", "Length": 200, "Prompt": {"TranslatedText": [{"_content": "PAIN / DISCOMFORT", "Type": "text/plain", "lang": "en"}]}, "CodeListRef": {"CodeListOID": "CL.QS_EQ5D02_02_EQ5D0204_4.EQ5D0204_QSORRES"}, "Alias": [{"Context": "SDTM", "Name": "QSORRES where QSTESTCD = EQ5D0204"}, {"Context": "CDASH", "Name": "EQ5D0204_QSORRES"}]}, {"OID": "IT.QS_EQ5D02_02_2_EQ5D0205_5.EQ5D0205_QSORRES", "Name": "EQ5D0205_QSORRES", "DataType": "text", "Length": 200, "Prompt": {"TranslatedText": [{"_content": "ANXIETY / DEPRESSION", "Type": "text/plain", "lang": "en"}]}, "CodeListRef": {"CodeListOID": "CL.QS_EQ5D02_02_EQ5D0205_5.EQ5D0205_QSORRES"}, "Alias": [{"Context": "SDTM", "Name": "QSORRES where QSTESTCD = EQ5D0205"}, {"Context": "CDASH", "Name": "EQ5D0205_QSORRES"}]}, {"OID": "IT.QS_EQ5D02_03_3_EQ5D0206_1.EQ5D0206_QSORRES", "Name": "EQ5D0206_QSORRES", "DataType": "integer", "Length": 3, "Prompt": {"TranslatedText": [{"_content": "YOUR HEALTH TODAY", "Type": "text/plain", "lang": "en"}]}, "Alias": [{"Context": "SDTM", "Name": "QSORRES where QSTESTCD = EQ5D0206"}, {"Context": "CDASH", "Name": "EQ5D0206_QSORRES"}]}, {"OID": "IT.QS_EQ5D02_03_3_EQ5D0206_1.EQ5D0206_QSMETHOD", "Name": "EQ5D0206_QSMETHOD", "DataType": "text", "Length": 100, "Prompt": {"TranslatedText": [{"_content": "Visual Analog Scale", "Type": "text/plain", "lang": "en"}]}, "Alias": [{"Context": "SDTM", "Name": "QSMETHOD = VISUAL ANALOG SCALE (1-100) when QSTESTCD = EQ5D0206"}, {"Context": "CDASH", "Name": "EQ5D0206_QSMETHOD"}]}, {"OID": "IT.QS_EQ5D02_03_3_EQ5D0206_1.EQ5D0206_QSANTXLO", "Name": "EQ5D0206_QSANTXLO", "DataType": "text", "Length": 100, "Prompt": {"TranslatedText": [{"_content": "The worst health you can imagine", "Type": "text/plain", "lang": "en"}]}, "Alias": [{"Context": "SDTM", "Name": "QSANTXLO in SUPPQS"}, {"Context": "CDASH", "Name": "EQ5D0206_QSANTXLO"}]}, {"OID": "IT.QS_EQ5D02_03_3_EQ5D0206_1.EQ5D0206_QSANTXHI", "Name": "EQ5D0206_QSANTXHI", "DataType": "text", "Length": 100, "Prompt": {"TranslatedText": [{"_content": "The best health you can imagine", "Type": "text/plain", "lang": "en"}]}, "Alias": [{"Context": "SDTM", "Name": "QSANTXHI in SUPPQS"}, {"Context": "CDASH", "Name": "EQ5D0206_QSANTXHI"}]}, {"OID": "IT.QS_EQ5D02_03_3_EQ5D0206_1.EQ5D0206_QSANVLLO", "Name": "EQ5D0206_QSANVLLO", "DataType": "integer", "Length": 3, "Prompt": {"TranslatedText": [{"_content": "Anchor Value Low", "Type": "text/plain", "lang": "en"}]}, "Alias": [{"Context": "SDTM", "Name": "QSANVLLO in SUPPQS"}, {"Context": "CDASH", "Name": "EQ5D0206_QSANVLLO"}]}, {"OID": "IT.QS_EQ5D02_03_3_EQ5D0206_1.EQ5D0206_QSANVLHI", "Name": "EQ5D0206_QSANVLHI", "DataType": "integer", "Length": 3, "Prompt": {"TranslatedText": [{"_content": "Anchor Value High", "Type": "text/plain", "lang": "en"}]}, "Alias": [{"Context": "SDTM", "Name": "QSANVLHI in SUPPQS"}, {"Context": "CDASH", "Name": "EQ5D0206_QSANVLHI"}]}], "CodeList": [{"OID": "CL.QS_EQ5D02_01_EQ5D02_1.EQ5D02_QSCAT.C100129", "Name": "QSCAT", "DataType": "text", "CodeListItem": [{"CodedValue": "EQ-5D-5L", "Coding": [{"System": "https://www.cdisc.org/standards/terminology", "Code": "C102117", "SystemName": "CDISC/NCI CT"}]}], "Coding": [{"System": "https://www.cdisc.org/standards/terminology", "Code": "C100129", "SystemName": "CDISC/NCI CT"}]}, {"OID": "CL.QS_EQ5D02_01_EQ5D02_1.EQ5D02_QSPERF.C66742", "Name": "NY", "DataType": "text", "CodeListItem": [{"CodedValue": "N", "Decode": {"TranslatedText": [{"_content": "No", "Type": "text/plain", "lang": "en"}]}}, {"CodedValue": "Y", "Decode": {"TranslatedText": [{"_content": "Yes", "Type": "text/plain", "lang": "en"}]}}], "Coding": [{"System": "https://www.cdisc.org/standards/terminology", "Code": "C66742", "SystemName": "CDISC/NCI CT"}]}, {"OID": "CL.QS_EQ5D02_02_EQ5D0201_1.EQ5D0201_QSORRES", "Name": "EQ5D0201-QSORRES", "DataType": "text", "CodeListItem": [{"CodedValue": "I have no problems walking", "Decode": {"TranslatedText": [{"_content": "I have no problems walking", "Type": "text/plain", "lang": "en"}]}}, {"CodedValue": "I have slight problems walking", "Decode": {"TranslatedText": [{"_content": "I have slight problems walking", "Type": "text/plain", "lang": "en"}]}}, {"CodedValue": "I have moderate problems walking", "Decode": {"TranslatedText": [{"_content": "I have moderate problems walking", "Type": "text/plain", "lang": "en"}]}}, {"CodedValue": "I have severe problems walking", "Decode": {"TranslatedText": [{"_content": "I have severe problems walking", "Type": "text/plain", "lang": "en"}]}}, {"CodedValue": "I am unable to walk", "Decode": {"TranslatedText": [{"_content": "I am unable to walk", "Type": "text/plain", "lang": "en"}]}}]}, {"OID": "CL.QS_EQ5D02_02_EQ5D0202_2.EQ5D0202_QSORRES", "Name": "EQ5D0202-QSORRES", "DataType": "text", "CodeListItem": [{"CodedValue": "I have no problems washing or dressing myself", "Decode": {"TranslatedText": [{"_content": "I have no problems washing or dressing myself", "Type": "text/plain", "lang": "en"}]}}, {"CodedValue": "I have slight problems washing or dressing myself", "Decode": {"TranslatedText": [{"_content": "I have slight problems washing or dressing myself", "Type": "text/plain", "lang": "en"}]}}, {"CodedValue": "I have moderate problems washing or dressing myself", "Decode": {"TranslatedText": [{"_content": "I have moderate problems washing or dressing myself", "Type": "text/plain", "lang": "en"}]}}, {"CodedValue": "I have severe problems washing or dressing myself", "Decode": {"TranslatedText": [{"_content": "I have severe problems washing or dressing myself", "Type": "text/plain", "lang": "en"}]}}, {"CodedValue": "I am unable to wash or dress myself", "Decode": {"TranslatedText": [{"_content": "I am unable to wash or dress myself", "Type": "text/plain", "lang": "en"}]}}]}, {"OID": "CL.QS_EQ5D02_02_EQ5D0203_3.EQ5D0203_QSORRES", "Name": "EQ5D0203-QSORRES", "DataType": "text", "CodeListItem": [{"CodedValue": "I have no problems doing my usual activities", "Decode": {"TranslatedText": [{"_content": "I have no problems doing my usual activities", "Type": "text/plain", "lang": "en"}]}}, {"CodedValue": "I have slight problems doing my usual activities", "Decode": {"TranslatedText": [{"_content": "I have slight problems doing my usual activities", "Type": "text/plain", "lang": "en"}]}}, {"CodedValue": "I have moderate problems doing my usual activities", "Decode": {"TranslatedText": [{"_content": "I have moderate problems doing my usual activities", "Type": "text/plain", "lang": "en"}]}}, {"CodedValue": "I have severe problems doing my usual activities", "Decode": {"TranslatedText": [{"_content": "I have severe problems doing my usual activities", "Type": "text/plain", "lang": "en"}]}}, {"CodedValue": "I am unable to do my usual activities", "Decode": {"TranslatedText": [{"_content": "I am unable to do my usual activities", "Type": "text/plain", "lang": "en"}]}}]}, {"OID": "CL.QS_EQ5D02_02_EQ5D0204_4.EQ5D0204_QSORRES", "Name": "EQ5D0204-QSORRES", "DataType": "text", "CodeListItem": [{"CodedValue": "I have no pain or discomfort", "Decode": {"TranslatedText": [{"_content": "I have no pain or discomfort", "Type": "text/plain", "lang": "en"}]}}, {"CodedValue": "I have slight pain or discomfort", "Decode": {"TranslatedText": [{"_content": "I have slight pain or discomfort", "Type": "text/plain", "lang": "en"}]}}, {"CodedValue": "I have moderate pain or discomfort", "Decode": {"TranslatedText": [{"_content": "I have moderate pain or discomfort", "Type": "text/plain", "lang": "en"}]}}, {"CodedValue": "I have severe pain or discomfort", "Decode": {"TranslatedText": [{"_content": "I have severe pain or discomfort", "Type": "text/plain", "lang": "en"}]}}, {"CodedValue": "I have extreme pain or discomfort", "Decode": {"TranslatedText": [{"_content": "I have extreme pain or discomfort", "Type": "text/plain", "lang": "en"}]}}]}, {"OID": "CL.QS_EQ5D02_02_EQ5D0205_5.EQ5D0205_QSORRES", "Name": "EQ5D0205-QSORRES", "DataType": "text", "CodeListItem": [{"CodedValue": "I am not anxious or depressed", "Decode": {"TranslatedText": [{"_content": "I am not anxious or depressed", "Type": "text/plain", "lang": "en"}]}}, {"CodedValue": "I am slightly anxious or depressed", "Decode": {"TranslatedText": [{"_content": "I am slightly anxious or depressed", "Type": "text/plain", "lang": "en"}]}}, {"CodedValue": "I am moderately anxious or depressed", "Decode": {"TranslatedText": [{"_content": "I am moderately anxious or depressed", "Type": "text/plain", "lang": "en"}]}}, {"CodedValue": "I am severely anxious or depressed", "Decode": {"TranslatedText": [{"_content": "I am severely anxious or depressed", "Type": "text/plain", "lang": "en"}]}}, {"CodedValue": "I am extremely anxious or depressed", "Decode": {"TranslatedText": [{"_content": "I am extremely anxious or depressed", "Type": "text/plain", "lang": "en"}]}}]}]}]}]}