<?xml version='1.0' encoding='utf-8'?>
<ODM FileOID="ODM.CDASH.POC" Granularity="Metadata" CreationDateTime="2025-09-24T20:33:43.555223+00:00" ODMVersion="1.3.2" FileType="Snapshot" Originator="Lex Jansen" SourceSystem="odmlib" SourceSystemVersion="0.1" xmlns="http://www.cdisc.org/ns/odm/v1.3" xmlns:xs="http://www.w3.org/2001/XMLSchema-instance" xmlns:xml="http://www.w3.org/XML/1998/namespace" xmlns:xlink="http://www.w3.org/1999/xlink"><Study OID="ODM.CDASH.STUDY"><GlobalVariables><StudyName>Alzheimer's Disease</StudyName><StudyDescription>Alzheimer's Disease</StudyDescription><ProtocolName>Alzheimer's Disease</ProtocolName></GlobalVariables><BasicDefinitions /><MetaDataVersion OID="ODM.CDASH.STUDY.MDV" Name="Alzheimer's Disease" Description="Alzheimer's Disease"><FormDef OID="FORM.MH_LZZT" Name="Alzheimer's Disease" Repeating="No"><Description><TranslatedText xml:lang="en">Alzheimer's Disease</TranslatedText></Description><ItemGroupRef ItemGroupOID="IG.MH_1" OrderNumber="1" Mandatory="Yes" /><ItemGroupRef ItemGroupOID="IG.MH_AD_ONSET_2" OrderNumber="2" Mandatory="Yes" /><Alias Context="formAnnotation" Name="DOMAIN = MH" /></FormDef><ItemGroupDef OID="IG.MH_1" Name="MH - Lead Question" Repeating="No"><ItemRef ItemOID="IT.MH_1_MH_1.MHYN" OrderNumber="1" Mandatory="Yes" /><ItemRef ItemOID="IT.MH_1_MH_1.MHDAT" OrderNumber="2" Mandatory="No" /></ItemGroupDef><ItemGroupDef OID="IG.MH_AD_ONSET_2" Name="PATIENT HISTORY : ALZHEIMER'S DISEASE ONSET DATE" Repeating="No"><ItemRef ItemOID="IT.MH_AD_ONSET_2_MHALZHEIMERS_DENORMALIZED_1.MHTERM" OrderNumber="1" Mandatory="Yes" /><ItemRef ItemOID="IT.MH_AD_ONSET_2_MHALZHEIMERS_DENORMALIZED_1.MHSTDAT" OrderNumber="5" Mandatory="Yes" /><Alias Context="formSectionCompletionInstruction" Name="Date of onset of the first definite symptoms of Alzheimer's Disease" /></ItemGroupDef><ItemDef OID="IT.MH_1_MH_1.MHYN" Name="MHYN" DataType="text" Length="1"><Description><TranslatedText xml:lang="en">MHYN</TranslatedText></Description><Question><TranslatedText xml:lang="en">Were any medical conditions or events reported?</TranslatedText></Question><CodeListRef CodeListOID="CL.MH_MH_1.MHYN.C66742" /><Alias Context="SDTM" Name="[NOT SUBMITTED]" /><Alias Context="CDASH" Name="MHYN" /></ItemDef><ItemDef OID="IT.MH_1_MH_1.MHDAT" Name="MHDAT" DataType="date" Length="10"><Description><TranslatedText xml:lang="en">MHDAT</TranslatedText></Description><Alias Context="prompt" Name="Collection Date" /><Alias Context="SDTM" Name="MHDTC" /><Alias Context="CDASH" Name="MHDAT" /></ItemDef><ItemDef OID="IT.MH_AD_ONSET_2_MHALZHEIMERS_DENORMALIZED_1.MHTERM" Name="MHTERM" DataType="text" Length="200"><Description><TranslatedText xml:lang="en">MHTERM</TranslatedText></Description><Alias Context="prompt" Name="Medical History Term" /><Alias Context="SDTM" Name="MHTERM = ALZHEIMER'S DISEASE" /><Alias Context="CDASH" Name="MHTERM" /></ItemDef><ItemDef OID="IT.MH_AD_ONSET_2_MHALZHEIMERS_DENORMALIZED_1.MHSTDAT" Name="MHSTDAT" DataType="date" Length="10"><Description><TranslatedText xml:lang="en">MHSTDAT</TranslatedText></Description><Alias Context="prompt" Name="Alzheimer's Disease Symptom Start Date" /><Alias Context="SDTM" Name="MHSTDTC" /><Alias Context="CDASH" Name="MHSTDAT" /></ItemDef><CodeList OID="CL.MH_MH_1.MHYN.C66742" Name="NY" DataType="text"><CodeListItem CodedValue="N"><Decode><TranslatedText xml:lang="en">No</TranslatedText></Decode></CodeListItem><CodeListItem CodedValue="Y"><Decode><TranslatedText xml:lang="en">Yes</TranslatedText></Decode></CodeListItem></CodeList><CodeList OID="CL.MH_AD_ONSET_MHALZHEIMERS_DENORMALIZED_1.MHPRESP.C66742" Name="NY" DataType="text"><EnumeratedItem CodedValue="Y" /></CodeList><CodeList OID="CL.MH_AD_ONSET_MHALZHEIMERS_DENORMALIZED_1.MHOCCUR.C66742" Name="NY" DataType="text"><EnumeratedItem CodedValue="Y" /></CodeList><CodeList OID="CL.MH_AD_ONSET_MHALZHEIMERS_DENORMALIZED_1.MHEVDTYP.C124301" Name="MHEDTTYP" DataType="text"><EnumeratedItem CodedValue="SYMPTOM ONSET" /></CodeList><CodeList OID="CL.MH_AD_ONSET_MHALZHEIMERS_DENORMALIZED_1.MHONGO.C66742" Name="NY" DataType="text"><EnumeratedItem CodedValue="Y" /></CodeList></MetaDataVersion></Study></ODM>