{"FileOID": "ODM.CDASH.POC", "Granularity": "Metadata", "CreationDateTime": "2025-09-23T13:25:37.582026+00:00", "ODMVersion": "1.3.2", "FileType": "Snapshot", "Originator": "Lex Jansen", "SourceSystem": "odmlib", "SourceSystemVersion": "0.1", "Study": [{"OID": "ODM.CDASH.STUDY", "GlobalVariables": {"StudyName": {"_content": "CDISC360i CDASH POC Study"}, "StudyDescription": {"_content": "CDISC360i CDASH POC Study"}, "ProtocolName": {"_content": "CDISC360i CDASH POC Study protocol"}}, "BasicDefinitions": {}, "MetaDataVersion": [{"OID": "ODM.CDASH.STUDY.MDV", "Name": "CDISC360i CDASH POC Study Metadata Version", "Description": "CDISC360i CDASH ODM 1.3.2 metadata version", "ItemGroupDef": [{"OID": "FORM.MH_LZZT", "Name": "Alzheimer's Disease", "Repeating": "No", "Description": {"TranslatedText": [{"_content": "Alzheimer's Disease", "lang": "en"}]}, "ItemGroupRef": [{"ItemGroupOID": "IG.MH_1", "OrderNumber": 1, "Mandatory": "Yes"}, {"ItemGroupOID": "IG.MH_AD_ONSET_2", "OrderNumber": 2, "Mandatory": "Yes"}], "Alias": [{"Context": "formAnnotation", "Name": "DOMAIN = MH"}]}, {"OID": "IG.MH_1", "Name": "MH - Lead Question", "Repeating": "No", "ItemRef": [{"ItemOID": "IT.MH_1_MH_1.MHYN", "OrderNumber": 1, "Mandatory": "Yes"}, {"ItemOID": "IT.MH_1_MH_1.MHDAT", "OrderNumber": 2, "Mandatory": "No"}], "Alias": []}, {"OID": "IG.MH_AD_ONSET_2", "Name": "PATIENT HISTORY : ALZHEIMER'S DISEASE ONSET DATE", "Repeating": "No", "ItemRef": [{"ItemOID": "IT.MH_AD_ONSET_2_MHALZHEIMERS_DENORMALIZED_1.MHTERM", "OrderNumber": 1, "Mandatory": "Yes"}, {"ItemOID": "IT.MH_AD_ONSET_2_MHALZHEIMERS_DENORMALIZED_1.MHSTDAT", "OrderNumber": 5, "Mandatory": "Yes"}], "Alias": [{"Context": "formSectionCompletionInstruction", "Name": "Date of onset of the first definite symptoms of Alzheimer's Disease"}]}], "ItemDef": [{"OID": "IT.MH_1_MH_1.MHYN", "Name": "MHYN", "DataType": "text", "Length": 1, "Description": {"TranslatedText": [{"_content": "MHYN", "lang": "en"}]}, "Question": {"TranslatedText": [{"_content": "Were any medical conditions or events reported?", "lang": "en"}]}, "CodeListRef": {"CodeListOID": "CL.MH_MH_1.MHYN.C66742"}, "Alias": [{"Context": "SDTM", "Name": "[NOT SUBMITTED]"}, {"Context": "CDASH", "Name": "MHYN"}]}, {"OID": "IT.MH_1_MH_1.MHDAT", "Name": "MHDAT", "DataType": "date", "Length": 10, "Description": {"TranslatedText": [{"_content": "MHDAT", "lang": "en"}]}, "Alias": [{"Context": "prompt", "Name": "Collection Date"}, {"Context": "SDTM", "Name": "MHDTC"}, {"Context": "CDASH", "Name": "MHDAT"}]}, {"OID": "IT.MH_AD_ONSET_2_MHALZHEIMERS_DENORMALIZED_1.MHTERM", "Name": "MHTERM", "DataType": "text", "Length": 200, "Description": {"TranslatedText": [{"_content": "MHTERM", "lang": "en"}]}, "Alias": [{"Context": "prompt", "Name": "Medical History Term"}, {"Context": "SDTM", "Name": "MHTERM = ALZHEIMER'S DISEASE"}, {"Context": "CDASH", "Name": "MHTERM"}]}, {"OID": "IT.MH_AD_ONSET_2_MHALZHEIMERS_DENORMALIZED_1.MHSTDAT", "Name": "MHSTDAT", "DataType": "date", "Length": 10, "Description": {"TranslatedText": [{"_content": "MHSTDAT", "lang": "en"}]}, "Alias": [{"Context": "prompt", "Name": "Alzheimer's Disease Symptom Start Date"}, {"Context": "SDTM", "Name": "MHSTDTC"}, {"Context": "CDASH", "Name": "MHSTDAT"}]}], "CodeList": [{"OID": "CL.MH_MH_1.MHYN.C66742", "Name": "NY", "DataType": "text", "CodeListItem": [{"CodedValue": "N", "Decode": {"TranslatedText": [{"_content": "No", "lang": "en"}]}}, {"CodedValue": "Y", "Decode": {"TranslatedText": [{"_content": "Yes", "lang": "en"}]}}]}, {"OID": "CL.MH_AD_ONSET_MHALZHEIMERS_DENORMALIZED_1.MHPRESP.C66742", "Name": "NY", "DataType": "text", "EnumeratedItem": [{"CodedValue": "Y"}]}, {"OID": "CL.MH_AD_ONSET_MHALZHEIMERS_DENORMALIZED_1.MHOCCUR.C66742", "Name": "NY", "DataType": "text", "EnumeratedItem": [{"CodedValue": "Y"}]}, {"OID": "CL.MH_AD_ONSET_MHALZHEIMERS_DENORMALIZED_1.MHEVDTYP.C124301", "Name": "MHEDTTYP", "DataType": "text", "EnumeratedItem": [{"CodedValue": "SYMPTOM ONSET"}]}, {"OID": "CL.MH_AD_ONSET_MHALZHEIMERS_DENORMALIZED_1.MHONGO.C66742", "Name": "NY", "DataType": "text", "EnumeratedItem": [{"CodedValue": "Y"}]}]}]}]}