<?xml version='1.0' encoding='utf-8'?>
<ODM FileOID="ODM.CDASH.POC" Granularity="Metadata" CreationDateTime="2025-09-24T20:32:25.500025+00:00" ODMVersion="2.0" FileType="Snapshot" Originator="Lex Jansen" SourceSystem="odmlib" SourceSystemVersion="0.1" xmlns="http://www.cdisc.org/ns/odm/v2.0" xmlns:xs="http://www.w3.org/2001/XMLSchema-instance" xmlns:xml="http://www.w3.org/XML/1998/namespace" xmlns:xlink="http://www.w3.org/1999/xlink"><Study OID="ODM.CDASH.STUDY" StudyName="Alzheimer's Disease" ProtocolName="Alzheimer's Disease"><Description><TranslatedText Type="text/plain" xml:lang="en">Alzheimer's Disease</TranslatedText></Description><MetaDataVersion OID="ODM.CDASH.STUDY.MDV" Name="Alzheimer's Disease"><Description><TranslatedText Type="text/plain" xml:lang="en">Alzheimer's Disease</TranslatedText></Description><ItemGroupDef OID="IG_FORM.MH_LZZT" Name="Alzheimer's Disease" Repeating="No" Type="Form"><Description><TranslatedText Type="text/plain" xml:lang="en">Alzheimer's Disease</TranslatedText></Description><ItemGroupRef ItemGroupOID="IG.MH_1" OrderNumber="1" Mandatory="Yes" /><ItemGroupRef ItemGroupOID="IG.MH_AD_ONSET_2" OrderNumber="2" Mandatory="Yes" /><Alias Context="formAnnotation" Name="DOMAIN = MH" /></ItemGroupDef><ItemGroupDef OID="IG.MH_1" Name="MH - Lead Question" Repeating="No" Type="Section"><Description><TranslatedText Type="text/plain" xml:lang="en">MH - Lead Question</TranslatedText></Description><ItemGroupRef ItemGroupOID="IG.MH_1_MH_1" OrderNumber="1" Mandatory="Yes" /></ItemGroupDef><ItemGroupDef OID="IG.MH_AD_ONSET_2" Name="PATIENT HISTORY : ALZHEIMER'S DISEASE ONSET DATE" Repeating="No" Type="Section"><Description><TranslatedText Type="text/plain" xml:lang="en">PATIENT HISTORY : ALZHEIMER'S DISEASE ONSET DATE</TranslatedText></Description><ItemGroupRef ItemGroupOID="IG.MH_AD_ONSET_2_MHALZHEIMERS_DENORMALIZED_1" OrderNumber="1" Mandatory="Yes" /><Alias Context="formSectionCompletionInstruction" Name="Date of onset of the first definite symptoms of Alzheimer's Disease" /></ItemGroupDef><ItemGroupDef OID="IG.MH_1_MH_1" Name="Medical History Yes No Indicator" Repeating="No" Type="Concept"><Description><TranslatedText Type="text/plain" xml:lang="en">Medical History Yes No Indicator</TranslatedText></Description><ItemRef ItemOID="IT.MH_1_MH_1.MHYN" OrderNumber="1" Mandatory="Yes" /><ItemRef ItemOID="IT.MH_1_MH_1.MHDAT" OrderNumber="2" Mandatory="No" /><Coding System="/mdr/bc/biomedicalconcepts/C85522" Code="C85522" SystemName="CDISC Biomedical Concept" /></ItemGroupDef><ItemGroupDef OID="IG.MH_AD_ONSET_2_MHALZHEIMERS_DENORMALIZED_1" Name="Medical History Prespecified: Alzheimer's Disease (Denormalized)" Repeating="No" Type="Concept"><Description><TranslatedText Type="text/plain" xml:lang="en">Medical History Prespecified: Alzheimer's Disease (Denormalized)</TranslatedText></Description><ItemRef ItemOID="IT.MH_AD_ONSET_2_MHALZHEIMERS_DENORMALIZED_1.MHTERM" OrderNumber="1" Mandatory="Yes" PreSpecifiedValue="ALZHEIMER'S DISEASE" /><ItemRef ItemOID="IT.MH_AD_ONSET_2_MHALZHEIMERS_DENORMALIZED_1.MHSTDAT" OrderNumber="5" Mandatory="Yes" /><Coding System="/mdr/bc/biomedicalconcepts/C200145" Code="C200145" SystemName="CDISC Biomedical Concept" /><Coding System="/mdr/specializations/sdtm/datasetspecializations/MHALZHEIMERS" Code="MHALZHEIMERS" SystemName="CDISC SDTM Dataset Specialization" /></ItemGroupDef><ItemDef OID="IT.MH_1_MH_1.MHYN" Name="MHYN" DataType="text" Length="1"><Question><TranslatedText Type="text/plain" xml:lang="en">Were any medical conditions or events reported?</TranslatedText></Question><CodeListRef CodeListOID="CL.MH_MH_1.MHYN.C66742" /><Alias Context="SDTM" Name="[NOT SUBMITTED]" /><Alias Context="CDASH" Name="MHYN" /></ItemDef><ItemDef OID="IT.MH_1_MH_1.MHDAT" Name="MHDAT" DataType="date" Length="10"><Prompt><TranslatedText Type="text/plain" xml:lang="en">Collection Date</TranslatedText></Prompt><Alias Context="SDTM" Name="MHDTC" /><Alias Context="CDASH" Name="MHDAT" /></ItemDef><ItemDef OID="IT.MH_AD_ONSET_2_MHALZHEIMERS_DENORMALIZED_1.MHTERM" Name="MHTERM" DataType="text" Length="200"><Prompt><TranslatedText Type="text/plain" xml:lang="en">Medical History Term</TranslatedText></Prompt><Alias Context="SDTM" Name="MHTERM = ALZHEIMER'S DISEASE" /><Alias Context="CDASH" Name="MHTERM" /></ItemDef><ItemDef OID="IT.MH_AD_ONSET_2_MHALZHEIMERS_DENORMALIZED_1.MHSTDAT" Name="MHSTDAT" DataType="date" Length="10"><Prompt><TranslatedText Type="text/plain" xml:lang="en">Alzheimer's Disease Symptom Start Date</TranslatedText></Prompt><Alias Context="SDTM" Name="MHSTDTC" /><Alias Context="CDASH" Name="MHSTDAT" /></ItemDef><CodeList OID="CL.MH_MH_1.MHYN.C66742" Name="NY" DataType="text"><CodeListItem CodedValue="N"><Decode><TranslatedText Type="text/plain" xml:lang="en">No</TranslatedText></Decode></CodeListItem><CodeListItem CodedValue="Y"><Decode><TranslatedText Type="text/plain" xml:lang="en">Yes</TranslatedText></Decode></CodeListItem><Coding System="https://www.cdisc.org/standards/terminology" Code="C66742" SystemName="CDISC/NCI CT" /></CodeList><CodeList OID="CL.MH_AD_ONSET_MHALZHEIMERS_DENORMALIZED_1.MHPRESP.C66742" Name="NY" DataType="text"><CodeListItem CodedValue="Y"><Coding System="https://www.cdisc.org/standards/terminology" Code="C49488" SystemName="CDISC/NCI CT" /></CodeListItem><Coding System="https://www.cdisc.org/standards/terminology" Code="C66742" SystemName="CDISC/NCI CT" /></CodeList><CodeList OID="CL.MH_AD_ONSET_MHALZHEIMERS_DENORMALIZED_1.MHOCCUR.C66742" Name="NY" DataType="text"><CodeListItem CodedValue="Y"><Coding System="https://www.cdisc.org/standards/terminology" Code="C49488" SystemName="CDISC/NCI CT" /></CodeListItem><Coding System="https://www.cdisc.org/standards/terminology" Code="C66742" SystemName="CDISC/NCI CT" /></CodeList><CodeList OID="CL.MH_AD_ONSET_MHALZHEIMERS_DENORMALIZED_1.MHEVDTYP.C124301" Name="MHEDTTYP" DataType="text"><CodeListItem CodedValue="SYMPTOM ONSET"><Coding System="https://www.cdisc.org/standards/terminology" Code="C124353" SystemName="CDISC/NCI CT" /></CodeListItem><Coding System="https://www.cdisc.org/standards/terminology" Code="C124301" SystemName="CDISC/NCI CT" /></CodeList><CodeList OID="CL.MH_AD_ONSET_MHALZHEIMERS_DENORMALIZED_1.MHONGO.C66742" Name="NY" DataType="text"><CodeListItem CodedValue="Y"><Coding System="https://www.cdisc.org/standards/terminology" Code="C49488" SystemName="CDISC/NCI CT" /></CodeListItem><Coding System="https://www.cdisc.org/standards/terminology" Code="C66742" SystemName="CDISC/NCI CT" /></CodeList></MetaDataVersion></Study></ODM>