{"FileOID": "ODM.CDASH.POC", "Granularity": "Metadata", "CreationDateTime": "2025-11-26T20:27:01.488547+00:00", "ODMVersion": "2.0", "FileType": "Snapshot", "Originator": "Lex Jansen", "SourceSystem": "odmlib", "SourceSystemVersion": "0.1", "Study": [{"OID": "ODM.CDASH.STUDY", "StudyName": "Alzheimer's Disease", "Description": {"TranslatedText": [{"_content": "Alzheimer's Disease", "Type": "text/plain", "lang": "en"}]}, "ProtocolName": "Alzheimer's Disease", "MetaDataVersion": [{"OID": "ODM.CDASH.STUDY.MDV", "Name": "Alzheimer's Disease", "Description": {"TranslatedText": [{"_content": "Alzheimer's Disease", "Type": "text/plain", "lang": "en"}]}, "ItemGroupDef": [{"OID": "IG_FORM.MH_LZZT", "Name": "Alzheimer's Disease", "Repeating": "No", "Type": "Form", "Description": {"TranslatedText": [{"_content": "Alzheimer's Disease", "Type": "text/plain", "lang": "en"}]}, "ItemGroupRef": [{"ItemGroupOID": "IG.MH_1", "OrderNumber": 1, "Mandatory": "Yes"}, {"ItemGroupOID": "IG.MH_AD_ONSET_2", "OrderNumber": 2, "Mandatory": "Yes"}], "Alias": [{"Context": "formAnnotation", "Name": "DOMAIN = MH"}]}, {"OID": "IG.MH_1", "Name": "MH - Lead Question", "Repeating": "No", "Type": "Section", "Description": {"TranslatedText": [{"_content": "MH - Lead Question", "Type": "text/plain", "lang": "en"}]}, "ItemGroupRef": [{"ItemGroupOID": "IG.MH_1_MH_1", "OrderNumber": 1, "Mandatory": "Yes"}], "Alias": []}, {"OID": "IG.MH_AD_ONSET_2", "Name": "PATIENT HISTORY : ALZHEIMER'S DISEASE ONSET DATE", "Repeating": "No", "Type": "Section", "Description": {"TranslatedText": [{"_content": "PATIENT HISTORY : ALZHEIMER'S DISEASE ONSET DATE", "Type": "text/plain", "lang": "en"}]}, "ItemGroupRef": [{"ItemGroupOID": "IG.MH_AD_ONSET_2_MHALZHEIMERS_DENORMALIZED_1", "OrderNumber": 1, "Mandatory": "Yes"}], "Alias": [{"Context": "formSectionCompletionInstruction", "Name": "Date of onset of the first definite symptoms of Alzheimer's Disease"}]}, {"OID": "IG.MH_1_MH_1", "Name": "Medical History Yes No Indicator", "Repeating": "No", "Type": "Concept", "Description": {"TranslatedText": [{"_content": "Medical History Yes No Indicator", "Type": "text/plain", "lang": "en"}]}, "ItemRef": [{"ItemOID": "IT.MH_1_MH_1.MHYN", "OrderNumber": 1, "Mandatory": "Yes"}, {"ItemOID": "IT.MH_1_MH_1.MHDAT", "OrderNumber": 2, "Mandatory": "No"}], "Coding": [{"System": "/mdr/bc/biomedicalconcepts/C85522", "Code": "C85522", "SystemName": "CDISC Biomedical Concept"}]}, {"OID": "IG.MH_AD_ONSET_2_MHALZHEIMERS_DENORMALIZED_1", "Name": "Medical History Prespecified: Alzheimer's Disease (Denormalized)", "Repeating": "No", "Type": "Concept", "Description": {"TranslatedText": [{"_content": "Medical History Prespecified: Alzheimer's Disease (Denormalized)", "Type": "text/plain", "lang": "en"}]}, "ItemRef": [{"ItemOID": "IT.MH_AD_ONSET_2_MHALZHEIMERS_DENORMALIZED_1.MHTERM", "OrderNumber": 1, "Mandatory": "Yes", "PreSpecifiedValue": "ALZHEIMER'S DISEASE"}, {"ItemOID": "IT.MH_AD_ONSET_2_MHALZHEIMERS_DENORMALIZED_1.MHSTDAT", "OrderNumber": 5, "Mandatory": "Yes"}], "Coding": [{"System": "/mdr/bc/biomedicalconcepts/C200145", "Code": "C200145", "SystemName": "CDISC Biomedical Concept"}, {"System": "/mdr/specializations/sdtm/datasetspecializations/MHALZHEIMERS", "Code": "MHALZHEIMERS", "SystemName": "CDISC SDTM Dataset Specialization"}]}], "ItemDef": [{"OID": "IT.MH_1_MH_1.MHYN", "Name": "MHYN", "DataType": "text", "Length": 1, "Question": {"TranslatedText": [{"_content": "Were any medical conditions or events reported?", "Type": "text/plain", "lang": "en"}]}, "CodeListRef": {"CodeListOID": "CL.MH_MH_1.MHYN.C66742"}, "Alias": [{"Context": "SDTM", "Name": "[NOT SUBMITTED]"}, {"Context": "CDASH", "Name": "MHYN"}]}, {"OID": "IT.MH_1_MH_1.MHDAT", "Name": "MHDAT", "DataType": "date", "Length": 10, "Prompt": {"TranslatedText": [{"_content": "Collection Date", "Type": "text/plain", "lang": "en"}]}, "Alias": [{"Context": "SDTM", "Name": "MHDTC"}, {"Context": "CDASH", "Name": "MHDAT"}]}, {"OID": "IT.MH_AD_ONSET_2_MHALZHEIMERS_DENORMALIZED_1.MHTERM", "Name": "MHTERM", "DataType": "text", "Length": 200, "Prompt": {"TranslatedText": [{"_content": "Medical History Term", "Type": "text/plain", "lang": "en"}]}, "Alias": [{"Context": "SDTM", "Name": "MHTERM = ALZHEIMER'S DISEASE"}, {"Context": "CDASH", "Name": "MHTERM"}]}, {"OID": "IT.MH_AD_ONSET_2_MHALZHEIMERS_DENORMALIZED_1.MHSTDAT", "Name": "MHSTDAT", "DataType": "date", "Length": 10, "Prompt": {"TranslatedText": [{"_content": "Alzheimer's Disease Symptom Start Date", "Type": "text/plain", "lang": "en"}]}, "Alias": [{"Context": "SDTM", "Name": "MHSTDTC"}, {"Context": "CDASH", "Name": "MHSTDAT"}]}], "CodeList": [{"OID": "CL.MH_MH_1.MHYN.C66742", "Name": "NY", "DataType": "text", "CodeListItem": [{"CodedValue": "N", "Decode": {"TranslatedText": [{"_content": "No", "Type": "text/plain", "lang": "en"}]}}, {"CodedValue": "Y", "Decode": {"TranslatedText": [{"_content": "Yes", "Type": "text/plain", "lang": "en"}]}}], "Coding": [{"System": "https://www.cdisc.org/standards/terminology", "Code": "C66742", "SystemName": "CDISC/NCI CT"}]}, {"OID": "CL.MH_AD_ONSET_MHALZHEIMERS_DENORMALIZED_1.MHPRESP.C66742", "Name": "NY", "DataType": "text", "CodeListItem": [{"CodedValue": "Y", "Coding": [{"System": "https://www.cdisc.org/standards/terminology", "Code": "C49488", "SystemName": "CDISC/NCI CT"}]}], "Coding": [{"System": "https://www.cdisc.org/standards/terminology", "Code": "C66742", "SystemName": "CDISC/NCI CT"}]}, {"OID": "CL.MH_AD_ONSET_MHALZHEIMERS_DENORMALIZED_1.MHOCCUR.C66742", "Name": "NY", "DataType": "text", "CodeListItem": [{"CodedValue": "Y", "Coding": [{"System": "https://www.cdisc.org/standards/terminology", "Code": "C49488", "SystemName": "CDISC/NCI CT"}]}], "Coding": [{"System": "https://www.cdisc.org/standards/terminology", "Code": "C66742", "SystemName": "CDISC/NCI CT"}]}, {"OID": "CL.MH_AD_ONSET_MHALZHEIMERS_DENORMALIZED_1.MHEVDTYP.C124301", "Name": "MHEDTTYP", "DataType": "text", "CodeListItem": [{"CodedValue": "SYMPTOM ONSET", "Coding": [{"System": "https://www.cdisc.org/standards/terminology", "Code": "C124353", "SystemName": "CDISC/NCI CT"}]}], "Coding": [{"System": "https://www.cdisc.org/standards/terminology", "Code": "C124301", "SystemName": "CDISC/NCI CT"}]}, {"OID": "CL.MH_AD_ONSET_MHALZHEIMERS_DENORMALIZED_1.MHONGO.C66742", "Name": "NY", "DataType": "text", "CodeListItem": [{"CodedValue": "Y", "Coding": [{"System": "https://www.cdisc.org/standards/terminology", "Code": "C49488", "SystemName": "CDISC/NCI CT"}]}], "Coding": [{"System": "https://www.cdisc.org/standards/terminology", "Code": "C66742", "SystemName": "CDISC/NCI CT"}]}]}]}]}