<?xml version='1.0' encoding='utf-8'?>
<ODM FileOID="ODM.CDASH.POC" Granularity="Metadata" CreationDateTime="2025-09-24T20:32:22.702287+00:00" ODMVersion="2.0" FileType="Snapshot" Originator="Lex Jansen" SourceSystem="odmlib" SourceSystemVersion="0.1" xmlns="http://www.cdisc.org/ns/odm/v2.0" xmlns:xs="http://www.w3.org/2001/XMLSchema-instance" xmlns:xml="http://www.w3.org/XML/1998/namespace" xmlns:xlink="http://www.w3.org/1999/xlink"><Study OID="ODM.CDASH.STUDY" StudyName="Procedures" ProtocolName="Procedures"><Description><TranslatedText Type="text/plain" xml:lang="en">Procedures</TranslatedText></Description><MetaDataVersion OID="ODM.CDASH.STUDY.MDV" Name="Procedures"><Description><TranslatedText Type="text/plain" xml:lang="en">Procedures</TranslatedText></Description><ItemGroupDef OID="IG_FORM.PR_LZZT" Name="Procedures" Repeating="No" Type="Form"><Description><TranslatedText Type="text/plain" xml:lang="en">Procedures</TranslatedText></Description><ItemGroupRef ItemGroupOID="IG.PR_CHESTXRAY_1" OrderNumber="1" Mandatory="Yes" /><ItemGroupRef ItemGroupOID="IG.PR_MRI_2" OrderNumber="2" Mandatory="Yes" /><ItemGroupRef ItemGroupOID="IG.PR_CTSCAN_3" OrderNumber="3" Mandatory="Yes" /><Alias Context="formAnnotation" Name="DOMAIN = PR" /></ItemGroupDef><ItemGroupDef OID="IG.PR_CHESTXRAY_1" Name="CHEST X-RAY" Repeating="No" Type="Section"><Description><TranslatedText Type="text/plain" xml:lang="en">CHEST X-RAY</TranslatedText></Description><ItemGroupRef ItemGroupOID="IG.PR_CHESTXRAY_1_PR_SHORT_360_1" OrderNumber="1" Mandatory="Yes" /><ItemGroupRef ItemGroupOID="IG.PR_CHESTXRAY_1_XRAYCHEST_SHORT_2" OrderNumber="2" Mandatory="Yes" /></ItemGroupDef><ItemGroupDef OID="IG.PR_MRI_2" Name="PROCEDURE : MRI" Repeating="No" Type="Section"><Description><TranslatedText Type="text/plain" xml:lang="en">PROCEDURE : MRI</TranslatedText></Description><ItemGroupRef ItemGroupOID="IG.PR_MRI_2_PR_SHORT_360_1" OrderNumber="1" Mandatory="Yes" /><ItemGroupRef ItemGroupOID="IG.PR_MRI_2_MRIBRAIN_SHORT_2" OrderNumber="2" Mandatory="Yes" /></ItemGroupDef><ItemGroupDef OID="IG.PR_CTSCAN_3" Name="PROCEDURE : CT SCAN" Repeating="No" Type="Section"><Description><TranslatedText Type="text/plain" xml:lang="en">PROCEDURE : CT SCAN</TranslatedText></Description><ItemGroupRef ItemGroupOID="IG.PR_CTSCAN_3_PR_SHORT_360_1" OrderNumber="1" Mandatory="Yes" /><ItemGroupRef ItemGroupOID="IG.PR_CTSCAN_3_CTSCANCHEST_SHORT_2" OrderNumber="2" Mandatory="Yes" /></ItemGroupDef><ItemGroupDef OID="IG.PR_CHESTXRAY_1_PR_SHORT_360_1" Name="Medical Procedure Yes No Indicator" Repeating="No" Type="Concept"><Description><TranslatedText Type="text/plain" xml:lang="en">Medical Procedure Yes No Indicator</TranslatedText></Description><ItemRef ItemOID="IT.PR_CHESTXRAY_1_PR_SHORT_360_1.PRYN" OrderNumber="1" Mandatory="No" /><Coding System="/mdr/bc/biomedicalconcepts/C219640" Code="C219640" SystemName="CDISC Biomedical Concept" /></ItemGroupDef><ItemGroupDef OID="IG.PR_CHESTXRAY_1_XRAYCHEST_SHORT_2" Name="Chest X-Ray" Repeating="No" Type="Concept"><Description><TranslatedText Type="text/plain" xml:lang="en">Chest X-Ray</TranslatedText></Description><ItemRef ItemOID="IT.PR_CHESTXRAY_1_XRAYCHEST_SHORT_2.PRCAT" OrderNumber="1" Mandatory="No" PreSpecifiedValue="IMAGING" /><ItemRef ItemOID="IT.PR_CHESTXRAY_1_XRAYCHEST_SHORT_2.PRTRT" OrderNumber="3" Mandatory="Yes" PreSpecifiedValue="X-RAY" /><ItemRef ItemOID="IT.PR_CHESTXRAY_1_XRAYCHEST_SHORT_2.PROCCUR" OrderNumber="5" Mandatory="No" /><ItemRef ItemOID="IT.PR_CHESTXRAY_1_XRAYCHEST_SHORT_2.PRSTDAT" OrderNumber="6" Mandatory="Yes" /><Coding System="/mdr/bc/biomedicalconcepts/C38101" Code="C38101" SystemName="CDISC Biomedical Concept" /><Coding System="/mdr/specializations/sdtm/datasetspecializations/XRAYCHEST" Code="XRAYCHEST" SystemName="CDISC SDTM Dataset Specialization" /></ItemGroupDef><ItemGroupDef OID="IG.PR_MRI_2_PR_SHORT_360_1" Name="Medical Procedure Yes No Indicator" Repeating="No" Type="Concept"><Description><TranslatedText Type="text/plain" xml:lang="en">Medical Procedure Yes No Indicator</TranslatedText></Description><ItemRef ItemOID="IT.PR_MRI_2_PR_SHORT_360_1.PRYN" OrderNumber="1" Mandatory="No" /><Coding System="/mdr/bc/biomedicalconcepts/C219640" Code="C219640" SystemName="CDISC Biomedical Concept" /></ItemGroupDef><ItemGroupDef OID="IG.PR_MRI_2_MRIBRAIN_SHORT_2" Name="MRI Brain" Repeating="No" Type="Concept"><Description><TranslatedText Type="text/plain" xml:lang="en">MRI Brain</TranslatedText></Description><ItemRef ItemOID="IT.PR_MRI_2_MRIBRAIN_SHORT_2.PRCAT" OrderNumber="1" Mandatory="No" PreSpecifiedValue="IMAGING" /><ItemRef ItemOID="IT.PR_MRI_2_MRIBRAIN_SHORT_2.PRTRT" OrderNumber="3" Mandatory="Yes" PreSpecifiedValue="MRI" /><ItemRef ItemOID="IT.PR_MRI_2_MRIBRAIN_SHORT_2.PROCCUR" OrderNumber="5" Mandatory="No" /><ItemRef ItemOID="IT.PR_MRI_2_MRIBRAIN_SHORT_2.PRSTDAT" OrderNumber="6" Mandatory="Yes" /><Coding System="/mdr/bc/biomedicalconcepts/C16809" Code="C16809" SystemName="CDISC Biomedical Concept" /><Coding System="/mdr/specializations/sdtm/datasetspecializations/MRIBRAIN" Code="MRIBRAIN" SystemName="CDISC SDTM Dataset Specialization" /></ItemGroupDef><ItemGroupDef OID="IG.PR_CTSCAN_3_PR_SHORT_360_1" Name="Medical Procedure Yes No Indicator" Repeating="No" Type="Concept"><Description><TranslatedText Type="text/plain" xml:lang="en">Medical Procedure Yes No Indicator</TranslatedText></Description><ItemRef ItemOID="IT.PR_CTSCAN_3_PR_SHORT_360_1.PRYN" OrderNumber="1" Mandatory="No" /><Coding System="/mdr/bc/biomedicalconcepts/C219640" Code="C219640" SystemName="CDISC Biomedical Concept" /></ItemGroupDef><ItemGroupDef OID="IG.PR_CTSCAN_3_CTSCANCHEST_SHORT_2" Name="Chest CT Scan" Repeating="No" Type="Concept"><Description><TranslatedText Type="text/plain" xml:lang="en">Chest CT Scan</TranslatedText></Description><ItemRef ItemOID="IT.PR_CTSCAN_3_CTSCANCHEST_SHORT_2.PRCAT" OrderNumber="1" Mandatory="No" PreSpecifiedValue="IMAGING" /><ItemRef ItemOID="IT.PR_CTSCAN_3_CTSCANCHEST_SHORT_2.PRTRT" OrderNumber="3" Mandatory="Yes" PreSpecifiedValue="CT SCAN" /><ItemRef ItemOID="IT.PR_CTSCAN_3_CTSCANCHEST_SHORT_2.PROCCUR" OrderNumber="5" Mandatory="No" /><ItemRef ItemOID="IT.PR_CTSCAN_3_CTSCANCHEST_SHORT_2.PRSTDAT" OrderNumber="6" Mandatory="Yes" /><Coding System="/mdr/bc/biomedicalconcepts/C17204" Code="C17204" SystemName="CDISC Biomedical Concept" /><Coding System="/mdr/specializations/sdtm/datasetspecializations/CTSCANCHEST" Code="CTSCANCHEST" SystemName="CDISC SDTM Dataset Specialization" /></ItemGroupDef><ItemDef OID="IT.PR_CHESTXRAY_1_PR_SHORT_360_1.PRYN" Name="PRYN" DataType="text" Length="1"><Prompt><TranslatedText Type="text/plain" xml:lang="en">NOT DONE</TranslatedText></Prompt><CodeListRef CodeListOID="CL.PR_CHESTXRAY_PR_SHORT_360_1.PRYN.C66742" /><Alias Context="SDTM" Name="[NOT SUBMITTED]" /><Alias Context="CDASH" Name="PRYN" /></ItemDef><ItemDef OID="IT.PR_CHESTXRAY_1_XRAYCHEST_SHORT_2.PRCAT" Name="PRCAT" DataType="text" Length="200"><Prompt><TranslatedText Type="text/plain" xml:lang="en">Procedure Category</TranslatedText></Prompt><Alias Context="SDTM" Name="PRCAT = IMAGING" /><Alias Context="CDASH" Name="PRCAT" /></ItemDef><ItemDef OID="IT.PR_CHESTXRAY_1_XRAYCHEST_SHORT_2.PRTRT" Name="PRTRT" DataType="text" Length="200"><Prompt><TranslatedText Type="text/plain" xml:lang="en">Procedure Name</TranslatedText></Prompt><CodeListRef CodeListOID="CL.PR_CHESTXRAY_XRAYCHEST_SHORT_2.PRTRT.C101858" /><Alias Context="SDTM" Name="PRTRT = X-RAY" /><Alias Context="CDASH" Name="PRTRT" /></ItemDef><ItemDef OID="IT.PR_CHESTXRAY_1_XRAYCHEST_SHORT_2.PROCCUR" Name="PROCCUR" DataType="text" Length="1"><Question><TranslatedText Type="text/plain" xml:lang="en">Was the Chest X-Ray perfomed?</TranslatedText></Question><CodeListRef CodeListOID="CL.PR_CHESTXRAY_XRAYCHEST_SHORT_2.PROCCUR.C66742" /><Alias Context="SDTM" Name="PROCCUR" /><Alias Context="CDASH" Name="PROCCUR" /></ItemDef><ItemDef OID="IT.PR_CHESTXRAY_1_XRAYCHEST_SHORT_2.PRSTDAT" Name="PRSTDAT" DataType="date" Length="10"><Prompt><TranslatedText Type="text/plain" xml:lang="en">Start Date</TranslatedText></Prompt><Alias Context="SDTM" Name="PRSTDTC" /><Alias Context="CDASH" Name="PRSTDAT" /></ItemDef><ItemDef OID="IT.PR_MRI_2_PR_SHORT_360_1.PRYN" Name="PRYN" DataType="text" Length="1"><Prompt><TranslatedText Type="text/plain" xml:lang="en">NOT DONE</TranslatedText></Prompt><CodeListRef CodeListOID="CL.PR_MRI_PR_SHORT_360_1.PRYN.C66742" /><Alias Context="SDTM" Name="[NOT SUBMITTED]" /><Alias Context="CDASH" Name="PRYN" /></ItemDef><ItemDef OID="IT.PR_MRI_2_MRIBRAIN_SHORT_2.PRCAT" Name="PRCAT" DataType="text" Length="200"><Prompt><TranslatedText Type="text/plain" xml:lang="en">Procedure Category</TranslatedText></Prompt><Alias Context="SDTM" Name="PRCAT = IMAGING" /><Alias Context="CDASH" Name="PRCAT" /></ItemDef><ItemDef OID="IT.PR_MRI_2_MRIBRAIN_SHORT_2.PRTRT" Name="PRTRT" DataType="text" Length="200"><Prompt><TranslatedText Type="text/plain" xml:lang="en">Procedure Name</TranslatedText></Prompt><CodeListRef CodeListOID="CL.PR_MRI_MRIBRAIN_SHORT_2.PRTRT.C101858" /><Alias Context="SDTM" Name="PRTRT = MRI" /><Alias Context="CDASH" Name="PRTRT" /></ItemDef><ItemDef OID="IT.PR_MRI_2_MRIBRAIN_SHORT_2.PROCCUR" Name="PROCCUR" DataType="text" Length="1"><Question><TranslatedText Type="text/plain" xml:lang="en">Was the Brain MRI perfomed?</TranslatedText></Question><CodeListRef CodeListOID="CL.PR_MRI_MRIBRAIN_SHORT_2.PROCCUR.C66742" /><Alias Context="SDTM" Name="PROCCUR" /><Alias Context="CDASH" Name="PROCCUR" /></ItemDef><ItemDef OID="IT.PR_MRI_2_MRIBRAIN_SHORT_2.PRSTDAT" Name="PRSTDAT" DataType="date" Length="10"><Prompt><TranslatedText Type="text/plain" xml:lang="en">Start Date</TranslatedText></Prompt><Alias Context="SDTM" Name="PRSTDTC" /><Alias Context="CDASH" Name="PRSTDAT" /></ItemDef><ItemDef OID="IT.PR_CTSCAN_3_PR_SHORT_360_1.PRYN" Name="PRYN" DataType="text" Length="1"><Prompt><TranslatedText Type="text/plain" xml:lang="en">NOT DONE</TranslatedText></Prompt><CodeListRef CodeListOID="CL.PR_CTSCAN_PR_SHORT_360_1.PRYN.C66742" /><Alias Context="SDTM" Name="[NOT SUBMITTED]" /><Alias Context="CDASH" Name="PRYN" /></ItemDef><ItemDef OID="IT.PR_CTSCAN_3_CTSCANCHEST_SHORT_2.PRCAT" Name="PRCAT" DataType="text" Length="200"><Prompt><TranslatedText Type="text/plain" xml:lang="en">Procedure Category</TranslatedText></Prompt><Alias Context="SDTM" Name="PRCAT = IMAGING" /><Alias Context="CDASH" Name="PRCAT" /></ItemDef><ItemDef OID="IT.PR_CTSCAN_3_CTSCANCHEST_SHORT_2.PRTRT" Name="PRTRT" DataType="text" Length="200"><Prompt><TranslatedText Type="text/plain" xml:lang="en">Procedure Name</TranslatedText></Prompt><CodeListRef CodeListOID="CL.PR_CTSCAN_CTSCANCHEST_SHORT_2.PRTRT.C101858" /><Alias Context="SDTM" Name="PRTRT = CT SCAN" /><Alias Context="CDASH" Name="PRTRT" /></ItemDef><ItemDef OID="IT.PR_CTSCAN_3_CTSCANCHEST_SHORT_2.PROCCUR" Name="PROCCUR" DataType="text" Length="1"><Question><TranslatedText Type="text/plain" xml:lang="en">Was the Chest CT-Scan perfomed?</TranslatedText></Question><CodeListRef CodeListOID="CL.PR_CTSCAN_CTSCANCHEST_SHORT_2.PROCCUR.C66742" /><Alias Context="SDTM" Name="PROCCUR" /><Alias Context="CDASH" Name="PROCCUR" /></ItemDef><ItemDef OID="IT.PR_CTSCAN_3_CTSCANCHEST_SHORT_2.PRSTDAT" Name="PRSTDAT" DataType="date" Length="10"><Prompt><TranslatedText Type="text/plain" xml:lang="en">Start Date</TranslatedText></Prompt><Alias Context="SDTM" Name="PRSTDTC" /><Alias Context="CDASH" Name="PRSTDAT" /></ItemDef><CodeList OID="CL.PR_CHESTXRAY_PR_SHORT_360_1.PRYN.C66742" Name="NY" DataType="text"><CodeListItem CodedValue="N"><Decode><TranslatedText Type="text/plain" xml:lang="en">No</TranslatedText></Decode></CodeListItem><CodeListItem CodedValue="Y"><Decode><TranslatedText Type="text/plain" xml:lang="en">Yes</TranslatedText></Decode></CodeListItem><Coding System="https://www.cdisc.org/standards/terminology" Code="C66742" SystemName="CDISC/NCI CT" /></CodeList><CodeList OID="CL.PR_CHESTXRAY_XRAYCHEST_SHORT_2.PRTRT.C101858" Name="PROCEDUR" DataType="text"><CodeListItem CodedValue="X-RAY"><Coding System="https://www.cdisc.org/standards/terminology" Code="C38101" SystemName="CDISC/NCI CT" /></CodeListItem><Coding System="https://www.cdisc.org/standards/terminology" Code="C101858" SystemName="CDISC/NCI CT" /></CodeList><CodeList OID="CL.PR_CHESTXRAY_XRAYCHEST_SHORT_2.PRPRESP.C66742" Name="NY" DataType="text"><CodeListItem CodedValue="Y"><Coding System="https://www.cdisc.org/standards/terminology" Code="C49488" SystemName="CDISC/NCI CT" /></CodeListItem><Coding System="https://www.cdisc.org/standards/terminology" Code="C66742" SystemName="CDISC/NCI CT" /></CodeList><CodeList OID="CL.PR_CHESTXRAY_XRAYCHEST_SHORT_2.PROCCUR.C66742" Name="NY" DataType="text"><CodeListItem CodedValue="N"><Decode><TranslatedText Type="text/plain" xml:lang="en">No</TranslatedText></Decode></CodeListItem><CodeListItem CodedValue="Y"><Decode><TranslatedText Type="text/plain" xml:lang="en">Yes</TranslatedText></Decode></CodeListItem><Coding System="https://www.cdisc.org/standards/terminology" Code="C66742" SystemName="CDISC/NCI CT" /></CodeList><CodeList OID="CL.PR_CHESTXRAY_XRAYCHEST_SHORT_2.PRLOC.C74456" Name="LOC" DataType="text"><CodeListItem CodedValue="CHEST"><Coding System="https://www.cdisc.org/standards/terminology" Code="C25389" SystemName="CDISC/NCI CT" /></CodeListItem><Coding System="https://www.cdisc.org/standards/terminology" Code="C74456" SystemName="CDISC/NCI CT" /></CodeList><CodeList OID="CL.PR_MRI_PR_SHORT_360_1.PRYN.C66742" Name="NY" DataType="text"><CodeListItem CodedValue="N"><Decode><TranslatedText Type="text/plain" xml:lang="en">No</TranslatedText></Decode></CodeListItem><CodeListItem CodedValue="Y"><Decode><TranslatedText Type="text/plain" xml:lang="en">Yes</TranslatedText></Decode></CodeListItem><Coding System="https://www.cdisc.org/standards/terminology" Code="C66742" SystemName="CDISC/NCI CT" /></CodeList><CodeList OID="CL.PR_MRI_MRIBRAIN_SHORT_2.PRTRT.C101858" Name="PROCEDUR" DataType="text"><CodeListItem CodedValue="MRI"><Coding System="https://www.cdisc.org/standards/terminology" Code="C16809" SystemName="CDISC/NCI CT" /></CodeListItem><Coding System="https://www.cdisc.org/standards/terminology" Code="C101858" SystemName="CDISC/NCI CT" /></CodeList><CodeList OID="CL.PR_MRI_MRIBRAIN_SHORT_2.PRPRESP.C66742" Name="NY" DataType="text"><CodeListItem CodedValue="Y"><Coding System="https://www.cdisc.org/standards/terminology" Code="C49488" SystemName="CDISC/NCI CT" /></CodeListItem><Coding System="https://www.cdisc.org/standards/terminology" Code="C66742" SystemName="CDISC/NCI CT" /></CodeList><CodeList OID="CL.PR_MRI_MRIBRAIN_SHORT_2.PROCCUR.C66742" Name="NY" DataType="text"><CodeListItem CodedValue="N"><Decode><TranslatedText Type="text/plain" xml:lang="en">No</TranslatedText></Decode></CodeListItem><CodeListItem CodedValue="Y"><Decode><TranslatedText Type="text/plain" xml:lang="en">Yes</TranslatedText></Decode></CodeListItem><Coding System="https://www.cdisc.org/standards/terminology" Code="C66742" SystemName="CDISC/NCI CT" /></CodeList><CodeList OID="CL.PR_MRI_MRIBRAIN_SHORT_2.PRLOC.C74456" Name="LOC" DataType="text"><CodeListItem CodedValue="BRAIN"><Coding System="https://www.cdisc.org/standards/terminology" Code="C12439" SystemName="CDISC/NCI CT" /></CodeListItem><Coding System="https://www.cdisc.org/standards/terminology" Code="C74456" SystemName="CDISC/NCI CT" /></CodeList><CodeList OID="CL.PR_CTSCAN_PR_SHORT_360_1.PRYN.C66742" Name="NY" DataType="text"><CodeListItem CodedValue="N"><Decode><TranslatedText Type="text/plain" xml:lang="en">No</TranslatedText></Decode></CodeListItem><CodeListItem CodedValue="Y"><Decode><TranslatedText Type="text/plain" xml:lang="en">Yes</TranslatedText></Decode></CodeListItem><Coding System="https://www.cdisc.org/standards/terminology" Code="C66742" SystemName="CDISC/NCI CT" /></CodeList><CodeList OID="CL.PR_CTSCAN_CTSCANCHEST_SHORT_2.PRTRT.C101858" Name="PROCEDUR" DataType="text"><CodeListItem CodedValue="CT SCAN"><Coding System="https://www.cdisc.org/standards/terminology" Code="C17204" SystemName="CDISC/NCI CT" /></CodeListItem><Coding System="https://www.cdisc.org/standards/terminology" Code="C101858" SystemName="CDISC/NCI CT" /></CodeList><CodeList OID="CL.PR_CTSCAN_CTSCANCHEST_SHORT_2.PRPRESP.C66742" Name="NY" DataType="text"><CodeListItem CodedValue="Y"><Coding System="https://www.cdisc.org/standards/terminology" Code="C49488" SystemName="CDISC/NCI CT" /></CodeListItem><Coding System="https://www.cdisc.org/standards/terminology" Code="C66742" SystemName="CDISC/NCI CT" /></CodeList><CodeList OID="CL.PR_CTSCAN_CTSCANCHEST_SHORT_2.PROCCUR.C66742" Name="NY" DataType="text"><CodeListItem CodedValue="N"><Decode><TranslatedText Type="text/plain" xml:lang="en">No</TranslatedText></Decode></CodeListItem><CodeListItem CodedValue="Y"><Decode><TranslatedText Type="text/plain" xml:lang="en">Yes</TranslatedText></Decode></CodeListItem><Coding System="https://www.cdisc.org/standards/terminology" Code="C66742" SystemName="CDISC/NCI CT" /></CodeList><CodeList OID="CL.PR_CTSCAN_CTSCANCHEST_SHORT_2.PRLOC.C74456" Name="LOC" DataType="text"><CodeListItem CodedValue="CHEST"><Coding System="https://www.cdisc.org/standards/terminology" Code="C25389" SystemName="CDISC/NCI CT" /></CodeListItem><Coding System="https://www.cdisc.org/standards/terminology" Code="C74456" SystemName="CDISC/NCI CT" /></CodeList></MetaDataVersion></Study></ODM>