{"FileOID": "ODM.CDASH.POC", "Granularity": "Metadata", "CreationDateTime": "2025-09-23T13:25:41.740248+00:00", "ODMVersion": "1.3.2", "FileType": "Snapshot", "Originator": "Lex Jansen", "SourceSystem": "odmlib", "SourceSystemVersion": "0.1", "Study": [{"OID": "ODM.CDASH.STUDY", "GlobalVariables": {"StudyName": {"_content": "CDISC360i CDASH POC Study"}, "StudyDescription": {"_content": "CDISC360i CDASH POC Study"}, "ProtocolName": {"_content": "CDISC360i CDASH POC Study protocol"}}, "BasicDefinitions": {}, "MetaDataVersion": [{"OID": "ODM.CDASH.STUDY.MDV", "Name": "CDISC360i CDASH POC Study Metadata Version", "Description": "CDISC360i CDASH ODM 1.3.2 metadata version", "ItemGroupDef": [{"OID": "FORM.PR_LZZT", "Name": "Procedures", "Repeating": "No", "Description": {"TranslatedText": [{"_content": "Procedures", "lang": "en"}]}, "ItemGroupRef": [{"ItemGroupOID": "IG.PR_CHESTXRAY_1", "OrderNumber": 1, "Mandatory": "Yes"}, {"ItemGroupOID": "IG.PR_MRI_2", "OrderNumber": 2, "Mandatory": "Yes"}, {"ItemGroupOID": "IG.PR_CTSCAN_3", "OrderNumber": 3, "Mandatory": "Yes"}], "Alias": [{"Context": "formAnnotation", "Name": "DOMAIN = PR"}]}, {"OID": "IG.PR_CHESTXRAY_1", "Name": "CHEST X-RAY", "Repeating": "No", "ItemRef": [{"ItemOID": "IT.PR_CHESTXRAY_1_PR_SHORT_360_1.PRYN", "OrderNumber": 1, "Mandatory": "No"}, {"ItemOID": "IT.PR_CHESTXRAY_1_XRAYCHEST_SHORT_2.PRCAT", "OrderNumber": 2, "Mandatory": "No"}, {"ItemOID": "IT.PR_CHESTXRAY_1_XRAYCHEST_SHORT_2.PRTRT", "OrderNumber": 3, "Mandatory": "Yes"}, {"ItemOID": "IT.PR_CHESTXRAY_1_XRAYCHEST_SHORT_2.PROCCUR", "OrderNumber": 5, "Mandatory": "No"}, {"ItemOID": "IT.PR_CHESTXRAY_1_XRAYCHEST_SHORT_2.PRSTDAT", "OrderNumber": 6, "Mandatory": "Yes"}], "Alias": []}, {"OID": "IG.PR_MRI_2", "Name": "PROCEDURE : MRI", "Repeating": "No", "ItemRef": [{"ItemOID": "IT.PR_MRI_2_PR_SHORT_360_1.PRYN", "OrderNumber": 1, "Mandatory": "No"}, {"ItemOID": "IT.PR_MRI_2_MRIBRAIN_SHORT_2.PRCAT", "OrderNumber": 2, "Mandatory": "No"}, {"ItemOID": "IT.PR_MRI_2_MRIBRAIN_SHORT_2.PRTRT", "OrderNumber": 3, "Mandatory": "Yes"}, {"ItemOID": "IT.PR_MRI_2_MRIBRAIN_SHORT_2.PROCCUR", "OrderNumber": 5, "Mandatory": "No"}, {"ItemOID": "IT.PR_MRI_2_MRIBRAIN_SHORT_2.PRSTDAT", "OrderNumber": 6, "Mandatory": "Yes"}], "Alias": []}, {"OID": "IG.PR_CTSCAN_3", "Name": "PROCEDURE : CT SCAN", "Repeating": "No", "ItemRef": [{"ItemOID": "IT.PR_CTSCAN_3_PR_SHORT_360_1.PRYN", "OrderNumber": 1, "Mandatory": "No"}, {"ItemOID": "IT.PR_CTSCAN_3_CTSCANCHEST_SHORT_2.PRCAT", "OrderNumber": 2, "Mandatory": "No"}, {"ItemOID": "IT.PR_CTSCAN_3_CTSCANCHEST_SHORT_2.PRTRT", "OrderNumber": 3, "Mandatory": "Yes"}, {"ItemOID": "IT.PR_CTSCAN_3_CTSCANCHEST_SHORT_2.PROCCUR", "OrderNumber": 5, "Mandatory": "No"}, {"ItemOID": "IT.PR_CTSCAN_3_CTSCANCHEST_SHORT_2.PRSTDAT", "OrderNumber": 6, "Mandatory": "Yes"}], "Alias": []}], "ItemDef": [{"OID": "IT.PR_CHESTXRAY_1_PR_SHORT_360_1.PRYN", "Name": "PRYN", "DataType": "text", "Length": 1, "Description": {"TranslatedText": [{"_content": "PRYN", "lang": "en"}]}, "CodeListRef": {"CodeListOID": "CL.PR_CHESTXRAY_PR_SHORT_360_1.PRYN.C66742"}, "Alias": [{"Context": "prompt", "Name": "NOT DONE"}, {"Context": "SDTM", "Name": "[NOT SUBMITTED]"}, {"Context": "CDASH", "Name": "PRYN"}]}, {"OID": "IT.PR_CHESTXRAY_1_XRAYCHEST_SHORT_2.PRCAT", "Name": "PRCAT", "DataType": "text", "Length": 200, "Description": {"TranslatedText": [{"_content": "PRCAT", "lang": "en"}]}, "Alias": [{"Context": "prompt", "Name": "Procedure Category"}, {"Context": "SDTM", "Name": "PRCAT = IMAGING"}, {"Context": "CDASH", "Name": "PRCAT"}]}, {"OID": "IT.PR_CHESTXRAY_1_XRAYCHEST_SHORT_2.PRTRT", "Name": "PRTRT", "DataType": "text", "Length": 200, "Description": {"TranslatedText": [{"_content": "PRTRT", "lang": "en"}]}, "CodeListRef": {"CodeListOID": "CL.PR_CHESTXRAY_XRAYCHEST_SHORT_2.PRTRT.C101858"}, "Alias": [{"Context": "prompt", "Name": "Procedure Name"}, {"Context": "SDTM", "Name": "PRTRT = X-RAY"}, {"Context": "CDASH", "Name": "PRTRT"}]}, {"OID": "IT.PR_CHESTXRAY_1_XRAYCHEST_SHORT_2.PROCCUR", "Name": "PROCCUR", "DataType": "text", "Length": 1, "Description": {"TranslatedText": [{"_content": "PROCCUR", "lang": "en"}]}, "Question": {"TranslatedText": [{"_content": "Was the Chest X-Ray perfomed?", "lang": "en"}]}, "CodeListRef": {"CodeListOID": "CL.PR_CHESTXRAY_XRAYCHEST_SHORT_2.PROCCUR.C66742"}, "Alias": [{"Context": "SDTM", "Name": "PROCCUR"}, {"Context": "CDASH", "Name": "PROCCUR"}]}, {"OID": "IT.PR_CHESTXRAY_1_XRAYCHEST_SHORT_2.PRSTDAT", "Name": "PRSTDAT", "DataType": "date", "Length": 10, "Description": {"TranslatedText": [{"_content": "PRSTDAT", "lang": "en"}]}, "Alias": [{"Context": "prompt", "Name": "Start Date"}, {"Context": "SDTM", "Name": "PRSTDTC"}, {"Context": "CDASH", "Name": "PRSTDAT"}]}, {"OID": "IT.PR_MRI_2_PR_SHORT_360_1.PRYN", "Name": "PRYN", "DataType": "text", "Length": 1, "Description": {"TranslatedText": [{"_content": "PRYN", "lang": "en"}]}, "CodeListRef": {"CodeListOID": "CL.PR_MRI_PR_SHORT_360_1.PRYN.C66742"}, "Alias": [{"Context": "prompt", "Name": "NOT DONE"}, {"Context": "SDTM", "Name": "[NOT SUBMITTED]"}, {"Context": "CDASH", "Name": "PRYN"}]}, {"OID": "IT.PR_MRI_2_MRIBRAIN_SHORT_2.PRCAT", "Name": "PRCAT", "DataType": "text", "Length": 200, "Description": {"TranslatedText": [{"_content": "PRCAT", "lang": "en"}]}, "Alias": [{"Context": "prompt", "Name": "Procedure Category"}, {"Context": "SDTM", "Name": "PRCAT = IMAGING"}, {"Context": "CDASH", "Name": "PRCAT"}]}, {"OID": "IT.PR_MRI_2_MRIBRAIN_SHORT_2.PRTRT", "Name": "PRTRT", "DataType": "text", "Length": 200, "Description": {"TranslatedText": [{"_content": "PRTRT", "lang": "en"}]}, "CodeListRef": {"CodeListOID": "CL.PR_MRI_MRIBRAIN_SHORT_2.PRTRT.C101858"}, "Alias": [{"Context": "prompt", "Name": "Procedure Name"}, {"Context": "SDTM", "Name": "PRTRT = MRI"}, {"Context": "CDASH", "Name": "PRTRT"}]}, {"OID": "IT.PR_MRI_2_MRIBRAIN_SHORT_2.PROCCUR", "Name": "PROCCUR", "DataType": "text", "Length": 1, "Description": {"TranslatedText": [{"_content": "PROCCUR", "lang": "en"}]}, "Question": {"TranslatedText": [{"_content": "Was the Brain MRI perfomed?", "lang": "en"}]}, "CodeListRef": {"CodeListOID": "CL.PR_MRI_MRIBRAIN_SHORT_2.PROCCUR.C66742"}, "Alias": [{"Context": "SDTM", "Name": "PROCCUR"}, {"Context": "CDASH", "Name": "PROCCUR"}]}, {"OID": "IT.PR_MRI_2_MRIBRAIN_SHORT_2.PRSTDAT", "Name": "PRSTDAT", "DataType": "date", "Length": 10, "Description": {"TranslatedText": [{"_content": "PRSTDAT", "lang": "en"}]}, "Alias": [{"Context": "prompt", "Name": "Start Date"}, {"Context": "SDTM", "Name": "PRSTDTC"}, {"Context": "CDASH", "Name": "PRSTDAT"}]}, {"OID": "IT.PR_CTSCAN_3_PR_SHORT_360_1.PRYN", "Name": "PRYN", "DataType": "text", "Length": 1, "Description": {"TranslatedText": [{"_content": "PRYN", "lang": "en"}]}, "CodeListRef": {"CodeListOID": "CL.PR_CTSCAN_PR_SHORT_360_1.PRYN.C66742"}, "Alias": [{"Context": "prompt", "Name": "NOT DONE"}, {"Context": "SDTM", "Name": "[NOT SUBMITTED]"}, {"Context": "CDASH", "Name": "PRYN"}]}, {"OID": "IT.PR_CTSCAN_3_CTSCANCHEST_SHORT_2.PRCAT", "Name": "PRCAT", "DataType": "text", "Length": 200, "Description": {"TranslatedText": [{"_content": "PRCAT", "lang": "en"}]}, "Alias": [{"Context": "prompt", "Name": "Procedure Category"}, {"Context": "SDTM", "Name": "PRCAT = IMAGING"}, {"Context": "CDASH", "Name": "PRCAT"}]}, {"OID": "IT.PR_CTSCAN_3_CTSCANCHEST_SHORT_2.PRTRT", "Name": "PRTRT", "DataType": "text", "Length": 200, "Description": {"TranslatedText": [{"_content": "PRTRT", "lang": "en"}]}, "CodeListRef": {"CodeListOID": "CL.PR_CTSCAN_CTSCANCHEST_SHORT_2.PRTRT.C101858"}, "Alias": [{"Context": "prompt", "Name": "Procedure Name"}, {"Context": "SDTM", "Name": "PRTRT = CT SCAN"}, {"Context": "CDASH", "Name": "PRTRT"}]}, {"OID": "IT.PR_CTSCAN_3_CTSCANCHEST_SHORT_2.PROCCUR", "Name": "PROCCUR", "DataType": "text", "Length": 1, "Description": {"TranslatedText": [{"_content": "PROCCUR", "lang": "en"}]}, "Question": {"TranslatedText": [{"_content": "Was the Chest CT-Scan perfomed?", "lang": "en"}]}, "CodeListRef": {"CodeListOID": "CL.PR_CTSCAN_CTSCANCHEST_SHORT_2.PROCCUR.C66742"}, "Alias": [{"Context": "SDTM", "Name": "PROCCUR"}, {"Context": "CDASH", "Name": "PROCCUR"}]}, {"OID": "IT.PR_CTSCAN_3_CTSCANCHEST_SHORT_2.PRSTDAT", "Name": "PRSTDAT", "DataType": "date", "Length": 10, "Description": {"TranslatedText": [{"_content": "PRSTDAT", "lang": "en"}]}, "Alias": [{"Context": "prompt", "Name": "Start Date"}, {"Context": "SDTM", "Name": "PRSTDTC"}, {"Context": "CDASH", "Name": "PRSTDAT"}]}], "CodeList": [{"OID": "CL.PR_CHESTXRAY_PR_SHORT_360_1.PRYN.C66742", "Name": "NY", "DataType": "text", "CodeListItem": [{"CodedValue": "N", "Decode": {"TranslatedText": [{"_content": "No", "lang": "en"}]}}, {"CodedValue": "Y", "Decode": {"TranslatedText": [{"_content": "Yes", "lang": "en"}]}}]}, {"OID": "CL.PR_CHESTXRAY_XRAYCHEST_SHORT_2.PRTRT.C101858", "Name": "PROCEDUR", "DataType": "text", "EnumeratedItem": [{"CodedValue": "X-RAY"}]}, {"OID": "CL.PR_CHESTXRAY_XRAYCHEST_SHORT_2.PRPRESP.C66742", "Name": "NY", "DataType": "text", "EnumeratedItem": [{"CodedValue": "Y"}]}, {"OID": "CL.PR_CHESTXRAY_XRAYCHEST_SHORT_2.PROCCUR.C66742", "Name": "NY", "DataType": "text", "CodeListItem": [{"CodedValue": "N", "Decode": {"TranslatedText": [{"_content": "No", "lang": "en"}]}}, {"CodedValue": "Y", "Decode": {"TranslatedText": [{"_content": "Yes", "lang": "en"}]}}]}, {"OID": "CL.PR_CHESTXRAY_XRAYCHEST_SHORT_2.PRLOC.C74456", "Name": "LOC", "DataType": "text", "EnumeratedItem": [{"CodedValue": "CHEST"}]}, {"OID": "CL.PR_MRI_PR_SHORT_360_1.PRYN.C66742", "Name": "NY", "DataType": "text", "CodeListItem": [{"CodedValue": "N", "Decode": {"TranslatedText": [{"_content": "No", "lang": "en"}]}}, {"CodedValue": "Y", "Decode": {"TranslatedText": [{"_content": "Yes", "lang": "en"}]}}]}, {"OID": "CL.PR_MRI_MRIBRAIN_SHORT_2.PRTRT.C101858", "Name": "PROCEDUR", "DataType": "text", "EnumeratedItem": [{"CodedValue": "MRI"}]}, {"OID": "CL.PR_MRI_MRIBRAIN_SHORT_2.PRPRESP.C66742", "Name": "NY", "DataType": "text", "EnumeratedItem": [{"CodedValue": "Y"}]}, {"OID": "CL.PR_MRI_MRIBRAIN_SHORT_2.PROCCUR.C66742", "Name": "NY", "DataType": "text", "CodeListItem": [{"CodedValue": "N", "Decode": {"TranslatedText": [{"_content": "No", "lang": "en"}]}}, {"CodedValue": "Y", "Decode": {"TranslatedText": [{"_content": "Yes", "lang": "en"}]}}]}, {"OID": "CL.PR_MRI_MRIBRAIN_SHORT_2.PRLOC.C74456", "Name": "LOC", "DataType": "text", "EnumeratedItem": [{"CodedValue": "BRAIN"}]}, {"OID": "CL.PR_CTSCAN_PR_SHORT_360_1.PRYN.C66742", "Name": "NY", "DataType": "text", "CodeListItem": [{"CodedValue": "N", "Decode": {"TranslatedText": [{"_content": "No", "lang": "en"}]}}, {"CodedValue": "Y", "Decode": {"TranslatedText": [{"_content": "Yes", "lang": "en"}]}}]}, {"OID": "CL.PR_CTSCAN_CTSCANCHEST_SHORT_2.PRTRT.C101858", "Name": "PROCEDUR", "DataType": "text", "EnumeratedItem": [{"CodedValue": "CT SCAN"}]}, {"OID": "CL.PR_CTSCAN_CTSCANCHEST_SHORT_2.PRPRESP.C66742", "Name": "NY", "DataType": "text", "EnumeratedItem": [{"CodedValue": "Y"}]}, {"OID": "CL.PR_CTSCAN_CTSCANCHEST_SHORT_2.PROCCUR.C66742", "Name": "NY", "DataType": "text", "CodeListItem": [{"CodedValue": "N", "Decode": {"TranslatedText": [{"_content": "No", "lang": "en"}]}}, {"CodedValue": "Y", "Decode": {"TranslatedText": [{"_content": "Yes", "lang": "en"}]}}]}, {"OID": "CL.PR_CTSCAN_CTSCANCHEST_SHORT_2.PRLOC.C74456", "Name": "LOC", "DataType": "text", "EnumeratedItem": [{"CodedValue": "CHEST"}]}]}]}]}