<?xml version='1.0' encoding='utf-8'?>
<ODM FileOID="ODM.CDASH.POC" Granularity="Metadata" CreationDateTime="2025-11-26T20:26:07.129338+00:00" ODMVersion="1.3.2" FileType="Snapshot" Originator="Lex Jansen" SourceSystem="odmlib" SourceSystemVersion="0.1" xmlns="http://www.cdisc.org/ns/odm/v1.3" xmlns:xs="http://www.w3.org/2001/XMLSchema-instance" xmlns:xml="http://www.w3.org/XML/1998/namespace" xmlns:xlink="http://www.w3.org/1999/xlink"><Study OID="ODM.CDASH.STUDY"><GlobalVariables><StudyName>Procedures</StudyName><StudyDescription>Procedures</StudyDescription><ProtocolName>Procedures</ProtocolName></GlobalVariables><BasicDefinitions /><MetaDataVersion OID="ODM.CDASH.STUDY.MDV" Name="Procedures" Description="Procedures"><FormDef OID="FORM.PR_LZZT" Name="Procedures" Repeating="No"><Description><TranslatedText xml:lang="en">Procedures</TranslatedText></Description><ItemGroupRef ItemGroupOID="IG.PR_CHESTXRAY_1" OrderNumber="1" Mandatory="Yes" /><ItemGroupRef ItemGroupOID="IG.PR_MRI_2" OrderNumber="2" Mandatory="Yes" /><ItemGroupRef ItemGroupOID="IG.PR_CTSCAN_3" OrderNumber="3" Mandatory="Yes" /><Alias Context="formAnnotation" Name="DOMAIN = PR" /></FormDef><ItemGroupDef OID="IG.PR_CHESTXRAY_1" Name="CHEST X-RAY" Repeating="No"><ItemRef ItemOID="IT.PR_CHESTXRAY_1_PR_SHORT_360_1.PRYN" OrderNumber="1" Mandatory="No" /><ItemRef ItemOID="IT.PR_CHESTXRAY_1_XRAYCHEST_SHORT_2.PRCAT" OrderNumber="2" Mandatory="No" /><ItemRef ItemOID="IT.PR_CHESTXRAY_1_XRAYCHEST_SHORT_2.PRTRT" OrderNumber="3" Mandatory="Yes" /><ItemRef ItemOID="IT.PR_CHESTXRAY_1_XRAYCHEST_SHORT_2.PROCCUR" OrderNumber="5" Mandatory="No" /><ItemRef ItemOID="IT.PR_CHESTXRAY_1_XRAYCHEST_SHORT_2.PRSTDAT" OrderNumber="6" Mandatory="Yes" /></ItemGroupDef><ItemGroupDef OID="IG.PR_MRI_2" Name="PROCEDURE : MRI" Repeating="No"><ItemRef ItemOID="IT.PR_MRI_2_PR_SHORT_360_1.PRYN" OrderNumber="1" Mandatory="No" /><ItemRef ItemOID="IT.PR_MRI_2_MRIBRAIN_SHORT_2.PRCAT" OrderNumber="2" Mandatory="No" /><ItemRef ItemOID="IT.PR_MRI_2_MRIBRAIN_SHORT_2.PRTRT" OrderNumber="3" Mandatory="Yes" /><ItemRef ItemOID="IT.PR_MRI_2_MRIBRAIN_SHORT_2.PROCCUR" OrderNumber="5" Mandatory="No" /><ItemRef ItemOID="IT.PR_MRI_2_MRIBRAIN_SHORT_2.PRSTDAT" OrderNumber="6" Mandatory="Yes" /></ItemGroupDef><ItemGroupDef OID="IG.PR_CTSCAN_3" Name="PROCEDURE : CT SCAN" Repeating="No"><ItemRef ItemOID="IT.PR_CTSCAN_3_PR_SHORT_360_1.PRYN" OrderNumber="1" Mandatory="No" /><ItemRef ItemOID="IT.PR_CTSCAN_3_CTSCANCHEST_SHORT_2.PRCAT" OrderNumber="2" Mandatory="No" /><ItemRef ItemOID="IT.PR_CTSCAN_3_CTSCANCHEST_SHORT_2.PRTRT" OrderNumber="3" Mandatory="Yes" /><ItemRef ItemOID="IT.PR_CTSCAN_3_CTSCANCHEST_SHORT_2.PROCCUR" OrderNumber="5" Mandatory="No" /><ItemRef ItemOID="IT.PR_CTSCAN_3_CTSCANCHEST_SHORT_2.PRSTDAT" OrderNumber="6" Mandatory="Yes" /></ItemGroupDef><ItemDef OID="IT.PR_CHESTXRAY_1_PR_SHORT_360_1.PRYN" Name="PRYN" DataType="text" Length="1"><Description><TranslatedText xml:lang="en">PRYN</TranslatedText></Description><CodeListRef CodeListOID="CL.PR_CHESTXRAY_PR_SHORT_360_1.PRYN.C66742" /><Alias Context="prompt" Name="NOT DONE" /><Alias Context="SDTM" Name="[NOT SUBMITTED]" /><Alias Context="CDASH" Name="PRYN" /></ItemDef><ItemDef OID="IT.PR_CHESTXRAY_1_XRAYCHEST_SHORT_2.PRCAT" Name="PRCAT" DataType="text" Length="200"><Description><TranslatedText xml:lang="en">PRCAT</TranslatedText></Description><Alias Context="prompt" Name="Procedure Category" /><Alias Context="SDTM" Name="PRCAT = IMAGING" /><Alias Context="CDASH" Name="PRCAT" /></ItemDef><ItemDef OID="IT.PR_CHESTXRAY_1_XRAYCHEST_SHORT_2.PRTRT" Name="PRTRT" DataType="text" Length="200"><Description><TranslatedText xml:lang="en">PRTRT</TranslatedText></Description><CodeListRef CodeListOID="CL.PR_CHESTXRAY_XRAYCHEST_SHORT_2.PRTRT.C101858" /><Alias Context="prompt" Name="Procedure Name" /><Alias Context="SDTM" Name="PRTRT = X-RAY" /><Alias Context="CDASH" Name="PRTRT" /></ItemDef><ItemDef OID="IT.PR_CHESTXRAY_1_XRAYCHEST_SHORT_2.PROCCUR" Name="PROCCUR" DataType="text" Length="1"><Description><TranslatedText xml:lang="en">PROCCUR</TranslatedText></Description><Question><TranslatedText xml:lang="en">Was the Chest X-Ray perfomed?</TranslatedText></Question><CodeListRef CodeListOID="CL.PR_CHESTXRAY_XRAYCHEST_SHORT_2.PROCCUR.C66742" /><Alias Context="SDTM" Name="PROCCUR" /><Alias Context="CDASH" Name="PROCCUR" /></ItemDef><ItemDef OID="IT.PR_CHESTXRAY_1_XRAYCHEST_SHORT_2.PRSTDAT" Name="PRSTDAT" DataType="date" Length="10"><Description><TranslatedText xml:lang="en">PRSTDAT</TranslatedText></Description><Alias Context="prompt" Name="Start Date" /><Alias Context="SDTM" Name="PRSTDTC" /><Alias Context="CDASH" Name="PRSTDAT" /></ItemDef><ItemDef OID="IT.PR_MRI_2_PR_SHORT_360_1.PRYN" Name="PRYN" DataType="text" Length="1"><Description><TranslatedText xml:lang="en">PRYN</TranslatedText></Description><CodeListRef CodeListOID="CL.PR_MRI_PR_SHORT_360_1.PRYN.C66742" /><Alias Context="prompt" Name="NOT DONE" /><Alias Context="SDTM" Name="[NOT SUBMITTED]" /><Alias Context="CDASH" Name="PRYN" /></ItemDef><ItemDef OID="IT.PR_MRI_2_MRIBRAIN_SHORT_2.PRCAT" Name="PRCAT" DataType="text" Length="200"><Description><TranslatedText xml:lang="en">PRCAT</TranslatedText></Description><Alias Context="prompt" Name="Procedure Category" /><Alias Context="SDTM" Name="PRCAT = IMAGING" /><Alias Context="CDASH" Name="PRCAT" /></ItemDef><ItemDef OID="IT.PR_MRI_2_MRIBRAIN_SHORT_2.PRTRT" Name="PRTRT" DataType="text" Length="200"><Description><TranslatedText xml:lang="en">PRTRT</TranslatedText></Description><CodeListRef CodeListOID="CL.PR_MRI_MRIBRAIN_SHORT_2.PRTRT.C101858" /><Alias Context="prompt" Name="Procedure Name" /><Alias Context="SDTM" Name="PRTRT = MRI" /><Alias Context="CDASH" Name="PRTRT" /></ItemDef><ItemDef OID="IT.PR_MRI_2_MRIBRAIN_SHORT_2.PROCCUR" Name="PROCCUR" DataType="text" Length="1"><Description><TranslatedText xml:lang="en">PROCCUR</TranslatedText></Description><Question><TranslatedText xml:lang="en">Was the Brain MRI perfomed?</TranslatedText></Question><CodeListRef CodeListOID="CL.PR_MRI_MRIBRAIN_SHORT_2.PROCCUR.C66742" /><Alias Context="SDTM" Name="PROCCUR" /><Alias Context="CDASH" Name="PROCCUR" /></ItemDef><ItemDef OID="IT.PR_MRI_2_MRIBRAIN_SHORT_2.PRSTDAT" Name="PRSTDAT" DataType="date" Length="10"><Description><TranslatedText xml:lang="en">PRSTDAT</TranslatedText></Description><Alias Context="prompt" Name="Start Date" /><Alias Context="SDTM" Name="PRSTDTC" /><Alias Context="CDASH" Name="PRSTDAT" /></ItemDef><ItemDef OID="IT.PR_CTSCAN_3_PR_SHORT_360_1.PRYN" Name="PRYN" DataType="text" Length="1"><Description><TranslatedText xml:lang="en">PRYN</TranslatedText></Description><CodeListRef CodeListOID="CL.PR_CTSCAN_PR_SHORT_360_1.PRYN.C66742" /><Alias Context="prompt" Name="NOT DONE" /><Alias Context="SDTM" Name="[NOT SUBMITTED]" /><Alias Context="CDASH" Name="PRYN" /></ItemDef><ItemDef OID="IT.PR_CTSCAN_3_CTSCANCHEST_SHORT_2.PRCAT" Name="PRCAT" DataType="text" Length="200"><Description><TranslatedText xml:lang="en">PRCAT</TranslatedText></Description><Alias Context="prompt" Name="Procedure Category" /><Alias Context="SDTM" Name="PRCAT = IMAGING" /><Alias Context="CDASH" Name="PRCAT" /></ItemDef><ItemDef OID="IT.PR_CTSCAN_3_CTSCANCHEST_SHORT_2.PRTRT" Name="PRTRT" DataType="text" Length="200"><Description><TranslatedText xml:lang="en">PRTRT</TranslatedText></Description><CodeListRef CodeListOID="CL.PR_CTSCAN_CTSCANCHEST_SHORT_2.PRTRT.C101858" /><Alias Context="prompt" Name="Procedure Name" /><Alias Context="SDTM" Name="PRTRT = CT SCAN" /><Alias Context="CDASH" Name="PRTRT" /></ItemDef><ItemDef OID="IT.PR_CTSCAN_3_CTSCANCHEST_SHORT_2.PROCCUR" Name="PROCCUR" DataType="text" Length="1"><Description><TranslatedText xml:lang="en">PROCCUR</TranslatedText></Description><Question><TranslatedText xml:lang="en">Was the Chest CT-Scan perfomed?</TranslatedText></Question><CodeListRef CodeListOID="CL.PR_CTSCAN_CTSCANCHEST_SHORT_2.PROCCUR.C66742" /><Alias Context="SDTM" Name="PROCCUR" /><Alias Context="CDASH" Name="PROCCUR" /></ItemDef><ItemDef OID="IT.PR_CTSCAN_3_CTSCANCHEST_SHORT_2.PRSTDAT" Name="PRSTDAT" DataType="date" Length="10"><Description><TranslatedText xml:lang="en">PRSTDAT</TranslatedText></Description><Alias Context="prompt" Name="Start Date" /><Alias Context="SDTM" Name="PRSTDTC" /><Alias Context="CDASH" Name="PRSTDAT" /></ItemDef><CodeList OID="CL.PR_CHESTXRAY_PR_SHORT_360_1.PRYN.C66742" Name="NY" DataType="text"><CodeListItem CodedValue="N"><Decode><TranslatedText xml:lang="en">No</TranslatedText></Decode></CodeListItem><CodeListItem CodedValue="Y"><Decode><TranslatedText xml:lang="en">Yes</TranslatedText></Decode></CodeListItem></CodeList><CodeList OID="CL.PR_CHESTXRAY_XRAYCHEST_SHORT_2.PRTRT.C101858" Name="PROCEDUR" DataType="text"><EnumeratedItem CodedValue="X-RAY" /></CodeList><CodeList OID="CL.PR_CHESTXRAY_XRAYCHEST_SHORT_2.PRPRESP.C66742" Name="NY" DataType="text"><EnumeratedItem CodedValue="Y" /></CodeList><CodeList OID="CL.PR_CHESTXRAY_XRAYCHEST_SHORT_2.PROCCUR.C66742" Name="NY" DataType="text"><CodeListItem CodedValue="N"><Decode><TranslatedText xml:lang="en">No</TranslatedText></Decode></CodeListItem><CodeListItem CodedValue="Y"><Decode><TranslatedText xml:lang="en">Yes</TranslatedText></Decode></CodeListItem></CodeList><CodeList OID="CL.PR_CHESTXRAY_XRAYCHEST_SHORT_2.PRLOC.C74456" Name="LOC" DataType="text"><EnumeratedItem CodedValue="CHEST" /></CodeList><CodeList OID="CL.PR_MRI_PR_SHORT_360_1.PRYN.C66742" Name="NY" DataType="text"><CodeListItem CodedValue="N"><Decode><TranslatedText xml:lang="en">No</TranslatedText></Decode></CodeListItem><CodeListItem CodedValue="Y"><Decode><TranslatedText xml:lang="en">Yes</TranslatedText></Decode></CodeListItem></CodeList><CodeList OID="CL.PR_MRI_MRIBRAIN_SHORT_2.PRTRT.C101858" Name="PROCEDUR" DataType="text"><EnumeratedItem CodedValue="MRI" /></CodeList><CodeList OID="CL.PR_MRI_MRIBRAIN_SHORT_2.PRPRESP.C66742" Name="NY" DataType="text"><EnumeratedItem CodedValue="Y" /></CodeList><CodeList OID="CL.PR_MRI_MRIBRAIN_SHORT_2.PROCCUR.C66742" Name="NY" DataType="text"><CodeListItem CodedValue="N"><Decode><TranslatedText xml:lang="en">No</TranslatedText></Decode></CodeListItem><CodeListItem CodedValue="Y"><Decode><TranslatedText xml:lang="en">Yes</TranslatedText></Decode></CodeListItem></CodeList><CodeList OID="CL.PR_MRI_MRIBRAIN_SHORT_2.PRLOC.C74456" Name="LOC" DataType="text"><EnumeratedItem CodedValue="BRAIN" /></CodeList><CodeList OID="CL.PR_CTSCAN_PR_SHORT_360_1.PRYN.C66742" Name="NY" DataType="text"><CodeListItem CodedValue="N"><Decode><TranslatedText xml:lang="en">No</TranslatedText></Decode></CodeListItem><CodeListItem CodedValue="Y"><Decode><TranslatedText xml:lang="en">Yes</TranslatedText></Decode></CodeListItem></CodeList><CodeList OID="CL.PR_CTSCAN_CTSCANCHEST_SHORT_2.PRTRT.C101858" Name="PROCEDUR" DataType="text"><EnumeratedItem CodedValue="CT SCAN" /></CodeList><CodeList OID="CL.PR_CTSCAN_CTSCANCHEST_SHORT_2.PRPRESP.C66742" Name="NY" DataType="text"><EnumeratedItem CodedValue="Y" /></CodeList><CodeList OID="CL.PR_CTSCAN_CTSCANCHEST_SHORT_2.PROCCUR.C66742" Name="NY" DataType="text"><CodeListItem CodedValue="N"><Decode><TranslatedText xml:lang="en">No</TranslatedText></Decode></CodeListItem><CodeListItem CodedValue="Y"><Decode><TranslatedText xml:lang="en">Yes</TranslatedText></Decode></CodeListItem></CodeList><CodeList OID="CL.PR_CTSCAN_CTSCANCHEST_SHORT_2.PRLOC.C74456" Name="LOC" DataType="text"><EnumeratedItem CodedValue="CHEST" /></CodeList></MetaDataVersion></Study></ODM>