{"FileOID": "ODM.CDASH.POC", "Granularity": "Metadata", "CreationDateTime": "2025-09-24T20:32:22.702287+00:00", "ODMVersion": "2.0", "FileType": "Snapshot", "Originator": "Lex Jansen", "SourceSystem": "odmlib", "SourceSystemVersion": "0.1", "Study": [{"OID": "ODM.CDASH.STUDY", "StudyName": "Procedures", "Description": {"TranslatedText": [{"_content": "Procedures", "Type": "text/plain", "lang": "en"}]}, "ProtocolName": "Procedures", "MetaDataVersion": [{"OID": "ODM.CDASH.STUDY.MDV", "Name": "Procedures", "Description": {"TranslatedText": [{"_content": "Procedures", "Type": "text/plain", "lang": "en"}]}, "ItemGroupDef": [{"OID": "IG_FORM.PR_LZZT", "Name": "Procedures", "Repeating": "No", "Type": "Form", "Description": {"TranslatedText": [{"_content": "Procedures", "Type": "text/plain", "lang": "en"}]}, "ItemGroupRef": [{"ItemGroupOID": "IG.PR_CHESTXRAY_1", "OrderNumber": 1, "Mandatory": "Yes"}, {"ItemGroupOID": "IG.PR_MRI_2", "OrderNumber": 2, "Mandatory": "Yes"}, {"ItemGroupOID": "IG.PR_CTSCAN_3", "OrderNumber": 3, "Mandatory": "Yes"}], "Alias": [{"Context": "formAnnotation", "Name": "DOMAIN = PR"}]}, {"OID": "IG.PR_CHESTXRAY_1", "Name": "CHEST X-RAY", "Repeating": "No", "Type": "Section", "Description": {"TranslatedText": [{"_content": "CHEST X-RAY", "Type": "text/plain", "lang": "en"}]}, "ItemGroupRef": [{"ItemGroupOID": "IG.PR_CHESTXRAY_1_PR_SHORT_360_1", "OrderNumber": 1, "Mandatory": "Yes"}, {"ItemGroupOID": "IG.PR_CHESTXRAY_1_XRAYCHEST_SHORT_2", "OrderNumber": 2, "Mandatory": "Yes"}], "Alias": []}, {"OID": "IG.PR_MRI_2", "Name": "PROCEDURE : MRI", "Repeating": "No", "Type": "Section", "Description": {"TranslatedText": [{"_content": "PROCEDURE : MRI", "Type": "text/plain", "lang": "en"}]}, "ItemGroupRef": [{"ItemGroupOID": "IG.PR_MRI_2_PR_SHORT_360_1", "OrderNumber": 1, "Mandatory": "Yes"}, {"ItemGroupOID": "IG.PR_MRI_2_MRIBRAIN_SHORT_2", "OrderNumber": 2, "Mandatory": "Yes"}], "Alias": []}, {"OID": "IG.PR_CTSCAN_3", "Name": "PROCEDURE : CT SCAN", "Repeating": "No", "Type": "Section", "Description": {"TranslatedText": [{"_content": "PROCEDURE : CT SCAN", "Type": "text/plain", "lang": "en"}]}, "ItemGroupRef": [{"ItemGroupOID": "IG.PR_CTSCAN_3_PR_SHORT_360_1", "OrderNumber": 1, "Mandatory": "Yes"}, {"ItemGroupOID": "IG.PR_CTSCAN_3_CTSCANCHEST_SHORT_2", "OrderNumber": 2, "Mandatory": "Yes"}], "Alias": []}, {"OID": "IG.PR_CHESTXRAY_1_PR_SHORT_360_1", "Name": "Medical Procedure Yes No Indicator", "Repeating": "No", "Type": "Concept", "Description": {"TranslatedText": [{"_content": "Medical Procedure Yes No Indicator", "Type": "text/plain", "lang": "en"}]}, "ItemRef": [{"ItemOID": "IT.PR_CHESTXRAY_1_PR_SHORT_360_1.PRYN", "OrderNumber": 1, "Mandatory": "No"}], "Coding": [{"System": "/mdr/bc/biomedicalconcepts/C219640", "Code": "C219640", "SystemName": "CDISC Biomedical Concept"}]}, {"OID": "IG.PR_CHESTXRAY_1_XRAYCHEST_SHORT_2", "Name": "Chest X-Ray", "Repeating": "No", "Type": "Concept", "Description": {"TranslatedText": [{"_content": "Chest X-Ray", "Type": "text/plain", "lang": "en"}]}, "ItemRef": [{"ItemOID": "IT.PR_CHESTXRAY_1_XRAYCHEST_SHORT_2.PRCAT", "OrderNumber": 1, "Mandatory": "No", "PreSpecifiedValue": "IMAGING"}, {"ItemOID": "IT.PR_CHESTXRAY_1_XRAYCHEST_SHORT_2.PRTRT", "OrderNumber": 3, "Mandatory": "Yes", "PreSpecifiedValue": "X-RAY"}, {"ItemOID": "IT.PR_CHESTXRAY_1_XRAYCHEST_SHORT_2.PROCCUR", "OrderNumber": 5, "Mandatory": "No"}, {"ItemOID": "IT.PR_CHESTXRAY_1_XRAYCHEST_SHORT_2.PRSTDAT", "OrderNumber": 6, "Mandatory": "Yes"}], "Coding": [{"System": "/mdr/bc/biomedicalconcepts/C38101", "Code": "C38101", "SystemName": "CDISC Biomedical Concept"}, {"System": "/mdr/specializations/sdtm/datasetspecializations/XRAYCHEST", "Code": "XRAYCHEST", "SystemName": "CDISC SDTM Dataset Specialization"}]}, {"OID": "IG.PR_MRI_2_PR_SHORT_360_1", "Name": "Medical Procedure Yes No Indicator", "Repeating": "No", "Type": "Concept", "Description": {"TranslatedText": [{"_content": "Medical Procedure Yes No Indicator", "Type": "text/plain", "lang": "en"}]}, "ItemRef": [{"ItemOID": "IT.PR_MRI_2_PR_SHORT_360_1.PRYN", "OrderNumber": 1, "Mandatory": "No"}], "Coding": [{"System": "/mdr/bc/biomedicalconcepts/C219640", "Code": "C219640", "SystemName": "CDISC Biomedical Concept"}]}, {"OID": "IG.PR_MRI_2_MRIBRAIN_SHORT_2", "Name": "MRI Brain", "Repeating": "No", "Type": "Concept", "Description": {"TranslatedText": [{"_content": "MRI Brain", "Type": "text/plain", "lang": "en"}]}, "ItemRef": [{"ItemOID": "IT.PR_MRI_2_MRIBRAIN_SHORT_2.PRCAT", "OrderNumber": 1, "Mandatory": "No", "PreSpecifiedValue": "IMAGING"}, {"ItemOID": "IT.PR_MRI_2_MRIBRAIN_SHORT_2.PRTRT", "OrderNumber": 3, "Mandatory": "Yes", "PreSpecifiedValue": "MRI"}, {"ItemOID": "IT.PR_MRI_2_MRIBRAIN_SHORT_2.PROCCUR", "OrderNumber": 5, "Mandatory": "No"}, {"ItemOID": "IT.PR_MRI_2_MRIBRAIN_SHORT_2.PRSTDAT", "OrderNumber": 6, "Mandatory": "Yes"}], "Coding": [{"System": "/mdr/bc/biomedicalconcepts/C16809", "Code": "C16809", "SystemName": "CDISC Biomedical Concept"}, {"System": "/mdr/specializations/sdtm/datasetspecializations/MRIBRAIN", "Code": "MRIBRAIN", "SystemName": "CDISC SDTM Dataset Specialization"}]}, {"OID": "IG.PR_CTSCAN_3_PR_SHORT_360_1", "Name": "Medical Procedure Yes No Indicator", "Repeating": "No", "Type": "Concept", "Description": {"TranslatedText": [{"_content": "Medical Procedure Yes No Indicator", "Type": "text/plain", "lang": "en"}]}, "ItemRef": [{"ItemOID": "IT.PR_CTSCAN_3_PR_SHORT_360_1.PRYN", "OrderNumber": 1, "Mandatory": "No"}], "Coding": [{"System": "/mdr/bc/biomedicalconcepts/C219640", "Code": "C219640", "SystemName": "CDISC Biomedical Concept"}]}, {"OID": "IG.PR_CTSCAN_3_CTSCANCHEST_SHORT_2", "Name": "Chest CT Scan", "Repeating": "No", "Type": "Concept", "Description": {"TranslatedText": [{"_content": "Chest CT Scan", "Type": "text/plain", "lang": "en"}]}, "ItemRef": [{"ItemOID": "IT.PR_CTSCAN_3_CTSCANCHEST_SHORT_2.PRCAT", "OrderNumber": 1, "Mandatory": "No", "PreSpecifiedValue": "IMAGING"}, {"ItemOID": "IT.PR_CTSCAN_3_CTSCANCHEST_SHORT_2.PRTRT", "OrderNumber": 3, "Mandatory": "Yes", "PreSpecifiedValue": "CT SCAN"}, {"ItemOID": "IT.PR_CTSCAN_3_CTSCANCHEST_SHORT_2.PROCCUR", "OrderNumber": 5, "Mandatory": "No"}, {"ItemOID": "IT.PR_CTSCAN_3_CTSCANCHEST_SHORT_2.PRSTDAT", "OrderNumber": 6, "Mandatory": "Yes"}], "Coding": [{"System": "/mdr/bc/biomedicalconcepts/C17204", "Code": "C17204", "SystemName": "CDISC Biomedical Concept"}, {"System": "/mdr/specializations/sdtm/datasetspecializations/CTSCANCHEST", "Code": "CTSCANCHEST", "SystemName": "CDISC SDTM Dataset Specialization"}]}], "ItemDef": [{"OID": "IT.PR_CHESTXRAY_1_PR_SHORT_360_1.PRYN", "Name": "PRYN", "DataType": "text", "Length": 1, "Prompt": {"TranslatedText": [{"_content": "NOT DONE", "Type": "text/plain", "lang": "en"}]}, "CodeListRef": {"CodeListOID": "CL.PR_CHESTXRAY_PR_SHORT_360_1.PRYN.C66742"}, "Alias": [{"Context": "SDTM", "Name": "[NOT SUBMITTED]"}, {"Context": "CDASH", "Name": "PRYN"}]}, {"OID": "IT.PR_CHESTXRAY_1_XRAYCHEST_SHORT_2.PRCAT", "Name": "PRCAT", "DataType": "text", "Length": 200, "Prompt": {"TranslatedText": [{"_content": "Procedure Category", "Type": "text/plain", "lang": "en"}]}, "Alias": [{"Context": "SDTM", "Name": "PRCAT = IMAGING"}, {"Context": "CDASH", "Name": "PRCAT"}]}, {"OID": "IT.PR_CHESTXRAY_1_XRAYCHEST_SHORT_2.PRTRT", "Name": "PRTRT", "DataType": "text", "Length": 200, "Prompt": {"TranslatedText": [{"_content": "Procedure Name", "Type": "text/plain", "lang": "en"}]}, "CodeListRef": {"CodeListOID": "CL.PR_CHESTXRAY_XRAYCHEST_SHORT_2.PRTRT.C101858"}, "Alias": [{"Context": "SDTM", "Name": "PRTRT = X-RAY"}, {"Context": "CDASH", "Name": "PRTRT"}]}, {"OID": "IT.PR_CHESTXRAY_1_XRAYCHEST_SHORT_2.PROCCUR", "Name": "PROCCUR", "DataType": "text", "Length": 1, "Question": {"TranslatedText": [{"_content": "Was the Chest X-Ray perfomed?", "Type": "text/plain", "lang": "en"}]}, "CodeListRef": {"CodeListOID": "CL.PR_CHESTXRAY_XRAYCHEST_SHORT_2.PROCCUR.C66742"}, "Alias": [{"Context": "SDTM", "Name": "PROCCUR"}, {"Context": "CDASH", "Name": "PROCCUR"}]}, {"OID": "IT.PR_CHESTXRAY_1_XRAYCHEST_SHORT_2.PRSTDAT", "Name": "PRSTDAT", "DataType": "date", "Length": 10, "Prompt": {"TranslatedText": [{"_content": "Start Date", "Type": "text/plain", "lang": "en"}]}, "Alias": [{"Context": "SDTM", "Name": "PRSTDTC"}, {"Context": "CDASH", "Name": "PRSTDAT"}]}, {"OID": "IT.PR_MRI_2_PR_SHORT_360_1.PRYN", "Name": "PRYN", "DataType": "text", "Length": 1, "Prompt": {"TranslatedText": [{"_content": "NOT DONE", "Type": "text/plain", "lang": "en"}]}, "CodeListRef": {"CodeListOID": "CL.PR_MRI_PR_SHORT_360_1.PRYN.C66742"}, "Alias": [{"Context": "SDTM", "Name": "[NOT SUBMITTED]"}, {"Context": "CDASH", "Name": "PRYN"}]}, {"OID": "IT.PR_MRI_2_MRIBRAIN_SHORT_2.PRCAT", "Name": "PRCAT", "DataType": "text", "Length": 200, "Prompt": {"TranslatedText": [{"_content": "Procedure Category", "Type": "text/plain", "lang": "en"}]}, "Alias": [{"Context": "SDTM", "Name": "PRCAT = IMAGING"}, {"Context": "CDASH", "Name": "PRCAT"}]}, {"OID": "IT.PR_MRI_2_MRIBRAIN_SHORT_2.PRTRT", "Name": "PRTRT", "DataType": "text", "Length": 200, "Prompt": {"TranslatedText": [{"_content": "Procedure Name", "Type": "text/plain", "lang": "en"}]}, "CodeListRef": {"CodeListOID": "CL.PR_MRI_MRIBRAIN_SHORT_2.PRTRT.C101858"}, "Alias": [{"Context": "SDTM", "Name": "PRTRT = MRI"}, {"Context": "CDASH", "Name": "PRTRT"}]}, {"OID": "IT.PR_MRI_2_MRIBRAIN_SHORT_2.PROCCUR", "Name": "PROCCUR", "DataType": "text", "Length": 1, "Question": {"TranslatedText": [{"_content": "Was the Brain MRI perfomed?", "Type": "text/plain", "lang": "en"}]}, "CodeListRef": {"CodeListOID": "CL.PR_MRI_MRIBRAIN_SHORT_2.PROCCUR.C66742"}, "Alias": [{"Context": "SDTM", "Name": "PROCCUR"}, {"Context": "CDASH", "Name": "PROCCUR"}]}, {"OID": "IT.PR_MRI_2_MRIBRAIN_SHORT_2.PRSTDAT", "Name": "PRSTDAT", "DataType": "date", "Length": 10, "Prompt": {"TranslatedText": [{"_content": "Start Date", "Type": "text/plain", "lang": "en"}]}, "Alias": [{"Context": "SDTM", "Name": "PRSTDTC"}, {"Context": "CDASH", "Name": "PRSTDAT"}]}, {"OID": "IT.PR_CTSCAN_3_PR_SHORT_360_1.PRYN", "Name": "PRYN", "DataType": "text", "Length": 1, "Prompt": {"TranslatedText": [{"_content": "NOT DONE", "Type": "text/plain", "lang": "en"}]}, "CodeListRef": {"CodeListOID": "CL.PR_CTSCAN_PR_SHORT_360_1.PRYN.C66742"}, "Alias": [{"Context": "SDTM", "Name": "[NOT SUBMITTED]"}, {"Context": "CDASH", "Name": "PRYN"}]}, {"OID": "IT.PR_CTSCAN_3_CTSCANCHEST_SHORT_2.PRCAT", "Name": "PRCAT", "DataType": "text", "Length": 200, "Prompt": {"TranslatedText": [{"_content": "Procedure Category", "Type": "text/plain", "lang": "en"}]}, "Alias": [{"Context": "SDTM", "Name": "PRCAT = IMAGING"}, {"Context": "CDASH", "Name": "PRCAT"}]}, {"OID": "IT.PR_CTSCAN_3_CTSCANCHEST_SHORT_2.PRTRT", "Name": "PRTRT", "DataType": "text", "Length": 200, "Prompt": {"TranslatedText": [{"_content": "Procedure Name", "Type": "text/plain", "lang": "en"}]}, "CodeListRef": {"CodeListOID": "CL.PR_CTSCAN_CTSCANCHEST_SHORT_2.PRTRT.C101858"}, "Alias": [{"Context": "SDTM", "Name": "PRTRT = CT SCAN"}, {"Context": "CDASH", "Name": "PRTRT"}]}, {"OID": "IT.PR_CTSCAN_3_CTSCANCHEST_SHORT_2.PROCCUR", "Name": "PROCCUR", "DataType": "text", "Length": 1, "Question": {"TranslatedText": [{"_content": "Was the Chest CT-Scan perfomed?", "Type": "text/plain", "lang": "en"}]}, "CodeListRef": {"CodeListOID": "CL.PR_CTSCAN_CTSCANCHEST_SHORT_2.PROCCUR.C66742"}, "Alias": [{"Context": "SDTM", "Name": "PROCCUR"}, {"Context": "CDASH", "Name": "PROCCUR"}]}, {"OID": "IT.PR_CTSCAN_3_CTSCANCHEST_SHORT_2.PRSTDAT", "Name": "PRSTDAT", "DataType": "date", "Length": 10, "Prompt": {"TranslatedText": [{"_content": "Start Date", "Type": "text/plain", "lang": "en"}]}, "Alias": [{"Context": "SDTM", "Name": "PRSTDTC"}, {"Context": "CDASH", "Name": "PRSTDAT"}]}], "CodeList": [{"OID": "CL.PR_CHESTXRAY_PR_SHORT_360_1.PRYN.C66742", "Name": "NY", "DataType": "text", "CodeListItem": [{"CodedValue": "N", "Decode": {"TranslatedText": [{"_content": "No", "Type": "text/plain", "lang": "en"}]}}, {"CodedValue": "Y", "Decode": {"TranslatedText": [{"_content": "Yes", "Type": "text/plain", "lang": "en"}]}}], "Coding": [{"System": "https://www.cdisc.org/standards/terminology", "Code": "C66742", "SystemName": "CDISC/NCI CT"}]}, {"OID": "CL.PR_CHESTXRAY_XRAYCHEST_SHORT_2.PRTRT.C101858", "Name": "PROCEDUR", "DataType": "text", "CodeListItem": [{"CodedValue": "X-RAY", "Coding": [{"System": "https://www.cdisc.org/standards/terminology", "Code": "C38101", "SystemName": "CDISC/NCI CT"}]}], "Coding": [{"System": "https://www.cdisc.org/standards/terminology", "Code": "C101858", "SystemName": "CDISC/NCI CT"}]}, {"OID": "CL.PR_CHESTXRAY_XRAYCHEST_SHORT_2.PRPRESP.C66742", "Name": "NY", "DataType": "text", "CodeListItem": [{"CodedValue": "Y", "Coding": [{"System": "https://www.cdisc.org/standards/terminology", "Code": "C49488", "SystemName": "CDISC/NCI CT"}]}], "Coding": [{"System": "https://www.cdisc.org/standards/terminology", "Code": "C66742", "SystemName": "CDISC/NCI CT"}]}, {"OID": "CL.PR_CHESTXRAY_XRAYCHEST_SHORT_2.PROCCUR.C66742", "Name": "NY", "DataType": "text", "CodeListItem": [{"CodedValue": "N", "Decode": {"TranslatedText": [{"_content": "No", "Type": "text/plain", "lang": "en"}]}}, {"CodedValue": "Y", "Decode": {"TranslatedText": [{"_content": "Yes", "Type": "text/plain", "lang": "en"}]}}], "Coding": [{"System": "https://www.cdisc.org/standards/terminology", "Code": "C66742", "SystemName": "CDISC/NCI CT"}]}, {"OID": "CL.PR_CHESTXRAY_XRAYCHEST_SHORT_2.PRLOC.C74456", "Name": "LOC", "DataType": "text", "CodeListItem": [{"CodedValue": "CHEST", "Coding": [{"System": "https://www.cdisc.org/standards/terminology", "Code": "C25389", "SystemName": "CDISC/NCI CT"}]}], "Coding": [{"System": "https://www.cdisc.org/standards/terminology", "Code": "C74456", "SystemName": "CDISC/NCI CT"}]}, {"OID": "CL.PR_MRI_PR_SHORT_360_1.PRYN.C66742", "Name": "NY", "DataType": "text", "CodeListItem": [{"CodedValue": "N", "Decode": {"TranslatedText": [{"_content": "No", "Type": "text/plain", "lang": "en"}]}}, {"CodedValue": "Y", "Decode": {"TranslatedText": [{"_content": "Yes", "Type": "text/plain", "lang": "en"}]}}], "Coding": [{"System": "https://www.cdisc.org/standards/terminology", "Code": "C66742", "SystemName": "CDISC/NCI CT"}]}, {"OID": "CL.PR_MRI_MRIBRAIN_SHORT_2.PRTRT.C101858", "Name": "PROCEDUR", "DataType": "text", "CodeListItem": [{"CodedValue": "MRI", "Coding": [{"System": "https://www.cdisc.org/standards/terminology", "Code": "C16809", "SystemName": "CDISC/NCI CT"}]}], "Coding": [{"System": "https://www.cdisc.org/standards/terminology", "Code": "C101858", "SystemName": "CDISC/NCI CT"}]}, {"OID": "CL.PR_MRI_MRIBRAIN_SHORT_2.PRPRESP.C66742", "Name": "NY", "DataType": "text", "CodeListItem": [{"CodedValue": "Y", "Coding": [{"System": "https://www.cdisc.org/standards/terminology", "Code": "C49488", "SystemName": "CDISC/NCI CT"}]}], "Coding": [{"System": "https://www.cdisc.org/standards/terminology", "Code": "C66742", "SystemName": "CDISC/NCI CT"}]}, {"OID": "CL.PR_MRI_MRIBRAIN_SHORT_2.PROCCUR.C66742", "Name": "NY", "DataType": "text", "CodeListItem": [{"CodedValue": "N", "Decode": {"TranslatedText": [{"_content": "No", "Type": "text/plain", "lang": "en"}]}}, {"CodedValue": "Y", "Decode": {"TranslatedText": [{"_content": "Yes", "Type": "text/plain", "lang": "en"}]}}], "Coding": [{"System": "https://www.cdisc.org/standards/terminology", "Code": "C66742", "SystemName": "CDISC/NCI CT"}]}, {"OID": "CL.PR_MRI_MRIBRAIN_SHORT_2.PRLOC.C74456", "Name": "LOC", "DataType": "text", "CodeListItem": [{"CodedValue": "BRAIN", "Coding": [{"System": "https://www.cdisc.org/standards/terminology", "Code": "C12439", "SystemName": "CDISC/NCI CT"}]}], "Coding": [{"System": "https://www.cdisc.org/standards/terminology", "Code": "C74456", "SystemName": "CDISC/NCI CT"}]}, {"OID": "CL.PR_CTSCAN_PR_SHORT_360_1.PRYN.C66742", "Name": "NY", "DataType": "text", "CodeListItem": [{"CodedValue": "N", "Decode": {"TranslatedText": [{"_content": "No", "Type": "text/plain", "lang": "en"}]}}, {"CodedValue": "Y", "Decode": {"TranslatedText": [{"_content": "Yes", "Type": "text/plain", "lang": "en"}]}}], "Coding": [{"System": "https://www.cdisc.org/standards/terminology", "Code": "C66742", "SystemName": "CDISC/NCI CT"}]}, {"OID": "CL.PR_CTSCAN_CTSCANCHEST_SHORT_2.PRTRT.C101858", "Name": "PROCEDUR", "DataType": "text", "CodeListItem": [{"CodedValue": "CT SCAN", "Coding": [{"System": "https://www.cdisc.org/standards/terminology", "Code": "C17204", "SystemName": "CDISC/NCI CT"}]}], "Coding": [{"System": "https://www.cdisc.org/standards/terminology", "Code": "C101858", "SystemName": "CDISC/NCI CT"}]}, {"OID": "CL.PR_CTSCAN_CTSCANCHEST_SHORT_2.PRPRESP.C66742", "Name": "NY", "DataType": "text", "CodeListItem": [{"CodedValue": "Y", "Coding": [{"System": "https://www.cdisc.org/standards/terminology", "Code": "C49488", "SystemName": "CDISC/NCI CT"}]}], "Coding": [{"System": "https://www.cdisc.org/standards/terminology", "Code": "C66742", "SystemName": "CDISC/NCI CT"}]}, {"OID": "CL.PR_CTSCAN_CTSCANCHEST_SHORT_2.PROCCUR.C66742", "Name": "NY", "DataType": "text", "CodeListItem": [{"CodedValue": "N", "Decode": {"TranslatedText": [{"_content": "No", "Type": "text/plain", "lang": "en"}]}}, {"CodedValue": "Y", "Decode": {"TranslatedText": [{"_content": "Yes", "Type": "text/plain", "lang": "en"}]}}], "Coding": [{"System": "https://www.cdisc.org/standards/terminology", "Code": "C66742", "SystemName": "CDISC/NCI CT"}]}, {"OID": "CL.PR_CTSCAN_CTSCANCHEST_SHORT_2.PRLOC.C74456", "Name": "LOC", "DataType": "text", "CodeListItem": [{"CodedValue": "CHEST", "Coding": [{"System": "https://www.cdisc.org/standards/terminology", "Code": "C25389", "SystemName": "CDISC/NCI CT"}]}], "Coding": [{"System": "https://www.cdisc.org/standards/terminology", "Code": "C74456", "SystemName": "CDISC/NCI CT"}]}]}]}]}