{"FileOID": "ODM.CDASH.POC", "Granularity": "Metadata", "CreationDateTime": "2025-11-26T20:26:09.752560+00:00", "ODMVersion": "1.3.2", "FileType": "Snapshot", "Originator": "Lex Jansen", "SourceSystem": "odmlib", "SourceSystemVersion": "0.1", "Study": [{"OID": "ODM.CDASH.STUDY", "GlobalVariables": {"StudyName": {"_content": "Substance Use Habits LZZT"}, "StudyDescription": {"_content": "Substance Use Habits LZZT"}, "ProtocolName": {"_content": "Substance Use Habits LZZT"}}, "BasicDefinitions": {}, "MetaDataVersion": [{"OID": "ODM.CDASH.STUDY.MDV", "Name": "Substance Use Habits LZZT", "Description": "Substance Use Habits LZZT", "ItemGroupDef": [{"OID": "FORM.SU_LZZT", "Name": "Substance Use Habits LZZT", "Repeating": "No", "Description": {"TranslatedText": [{"_content": "Substance Use Habits LZZT", "lang": "en"}]}, "ItemGroupRef": [{"ItemGroupOID": "IG.SU_HABITS_SMOKING_1", "OrderNumber": 1, "Mandatory": "Yes"}, {"ItemGroupOID": "IG.SU_HABITS_ALCOHOL_2", "OrderNumber": 2, "Mandatory": "Yes"}, {"ItemGroupOID": "IG.SU_HABITS_CAFFEINE_3", "OrderNumber": 3, "Mandatory": "Yes"}], "Alias": [{"Context": "formAnnotation", "Name": "DOMAIN = SC"}]}, {"OID": "IG.SU_HABITS_SMOKING_1", "Name": "HABITS : SMOKING", "Repeating": "No", "ItemRef": [{"ItemOID": "IT.SU_HABITS_SMOKING_1_SU_360_1.SUYN", "OrderNumber": 1, "Mandatory": "Yes"}, {"ItemOID": "IT.SU_HABITS_SMOKING_1_CIGARETTEHX_360_2.SUTRT", "OrderNumber": 3, "Mandatory": "Yes"}, {"ItemOID": "IT.SU_HABITS_SMOKING_1_CIGARETTEHX_360_2.SUOCCUR", "OrderNumber": 5, "Mandatory": "Yes"}, {"ItemOID": "IT.SU_HABITS_SMOKING_1_CIGARETTEHX_360_2.SUDSTXT", "OrderNumber": 6, "Mandatory": "Yes"}, {"ItemOID": "IT.SU_HABITS_SMOKING_1_CIGARETTEHX_360_2.SUDOSU", "OrderNumber": 7, "Mandatory": "Yes"}, {"ItemOID": "IT.SU_HABITS_SMOKING_1_CIGARETTEHX_360_2.SUSTDAT", "OrderNumber": 8, "Mandatory": "Yes"}, {"ItemOID": "IT.SU_HABITS_SMOKING_1_CIGARETTEHX_360_2.SUPRIOR", "OrderNumber": 9, "Mandatory": "No"}, {"ItemOID": "IT.SU_HABITS_SMOKING_1_CIGARETTEHX_360_2.SUENDAT", "OrderNumber": 10, "Mandatory": "No"}, {"ItemOID": "IT.SU_HABITS_SMOKING_1_CIGARETTEHX_360_2.SUONGO", "OrderNumber": 11, "Mandatory": "No"}, {"ItemOID": "IT.SU_HABITS_SMOKING_1_CIGARHX_360_3.SUTRT", "OrderNumber": 13, "Mandatory": "Yes"}, {"ItemOID": "IT.SU_HABITS_SMOKING_1_CIGARHX_360_3.SUOCCUR", "OrderNumber": 15, "Mandatory": "Yes"}, {"ItemOID": "IT.SU_HABITS_SMOKING_1_CIGARHX_360_3.SUDSTXT", "OrderNumber": 16, "Mandatory": "Yes"}, {"ItemOID": "IT.SU_HABITS_SMOKING_1_CIGARHX_360_3.SUDOSU", "OrderNumber": 17, "Mandatory": "Yes"}, {"ItemOID": "IT.SU_HABITS_SMOKING_1_CIGARHX_360_3.SUSTDAT", "OrderNumber": 18, "Mandatory": "Yes"}, {"ItemOID": "IT.SU_HABITS_SMOKING_1_CIGARHX_360_3.SUPRIOR", "OrderNumber": 19, "Mandatory": "No"}, {"ItemOID": "IT.SU_HABITS_SMOKING_1_CIGARHX_360_3.SUENDAT", "OrderNumber": 20, "Mandatory": "No"}, {"ItemOID": "IT.SU_HABITS_SMOKING_1_CIGARHX_360_3.SUONGO", "OrderNumber": 21, "Mandatory": "No"}, {"ItemOID": "IT.SU_HABITS_SMOKING_1_PIPEHX_360_4.SUTRT", "OrderNumber": 23, "Mandatory": "Yes"}, {"ItemOID": "IT.SU_HABITS_SMOKING_1_PIPEHX_360_4.SUOCCUR", "OrderNumber": 25, "Mandatory": "Yes"}, {"ItemOID": "IT.SU_HABITS_SMOKING_1_PIPEHX_360_4.SUDSTXT", "OrderNumber": 26, "Mandatory": "Yes"}, {"ItemOID": "IT.SU_HABITS_SMOKING_1_PIPEHX_360_4.SUDOSU", "OrderNumber": 27, "Mandatory": "Yes"}, {"ItemOID": "IT.SU_HABITS_SMOKING_1_PIPEHX_360_4.SUSTDAT", "OrderNumber": 28, "Mandatory": "Yes"}, {"ItemOID": "IT.SU_HABITS_SMOKING_1_PIPEHX_360_4.SUPRIOR", "OrderNumber": 29, "Mandatory": "No"}, {"ItemOID": "IT.SU_HABITS_SMOKING_1_PIPEHX_360_4.SUENDAT", "OrderNumber": 30, "Mandatory": "No"}, {"ItemOID": "IT.SU_HABITS_SMOKING_1_PIPEHX_360_4.SUONGO", "OrderNumber": 31, "Mandatory": "No"}], "Alias": [{"Context": "formSectionAnnotation", "Name": "SUCAT = TOBACCO"}]}, {"OID": "IG.SU_HABITS_ALCOHOL_2", "Name": "HABITS : ALCOHOL", "Repeating": "No", "ItemRef": [{"ItemOID": "IT.SU_HABITS_ALCOHOL_2_SU_360_1.SUYN", "OrderNumber": 1, "Mandatory": "Yes"}, {"ItemOID": "IT.SU_HABITS_ALCOHOL_2_BEERHX_360_2.SUTRT", "OrderNumber": 3, "Mandatory": "Yes"}, {"ItemOID": "IT.SU_HABITS_ALCOHOL_2_BEERHX_360_2.SUOCCUR", "OrderNumber": 5, "Mandatory": "Yes"}, {"ItemOID": "IT.SU_HABITS_ALCOHOL_2_BEERHX_360_2.SUDSTXT", "OrderNumber": 6, "Mandatory": "Yes"}, {"ItemOID": "IT.SU_HABITS_ALCOHOL_2_BEERHX_360_2.SUDOSU", "OrderNumber": 7, "Mandatory": "Yes"}, {"ItemOID": "IT.SU_HABITS_ALCOHOL_2_DISTILLEDSPIRITSHX_360_3.SUTRT", "OrderNumber": 9, "Mandatory": "Yes"}, {"ItemOID": "IT.SU_HABITS_ALCOHOL_2_DISTILLEDSPIRITSHX_360_3.SUOCCUR", "OrderNumber": 11, "Mandatory": "Yes"}, {"ItemOID": "IT.SU_HABITS_ALCOHOL_2_DISTILLEDSPIRITSHX_360_3.SUDSTXT", "OrderNumber": 12, "Mandatory": "Yes"}, {"ItemOID": "IT.SU_HABITS_ALCOHOL_2_DISTILLEDSPIRITSHX_360_3.SUDOSU", "OrderNumber": 13, "Mandatory": "Yes"}, {"ItemOID": "IT.SU_HABITS_ALCOHOL_2_WINEHX_360_4.SUTRT", "OrderNumber": 15, "Mandatory": "Yes"}, {"ItemOID": "IT.SU_HABITS_ALCOHOL_2_WINEHX_360_4.SUOCCUR", "OrderNumber": 17, "Mandatory": "Yes"}, {"ItemOID": "IT.SU_HABITS_ALCOHOL_2_WINEHX_360_4.SUDSTXT", "OrderNumber": 18, "Mandatory": "Yes"}, {"ItemOID": "IT.SU_HABITS_ALCOHOL_2_WINEHX_360_4.SUDOSU", "OrderNumber": 19, "Mandatory": "Yes"}], "Alias": [{"Context": "formSectionAnnotation", "Name": "SUCAT = ALCOHOL"}]}, {"OID": "IG.SU_HABITS_CAFFEINE_3", "Name": "HABITS : CAFFEINE", "Repeating": "No", "ItemRef": [{"ItemOID": "IT.SU_HABITS_CAFFEINE_3_SU_360_1.SUYN", "OrderNumber": 1, "Mandatory": "Yes"}, {"ItemOID": "IT.SU_HABITS_CAFFEINE_3_COFFEEHX_360_2.SUTRT", "OrderNumber": 3, "Mandatory": "Yes"}, {"ItemOID": "IT.SU_HABITS_CAFFEINE_3_COFFEEHX_360_2.SUOCCUR", "OrderNumber": 5, "Mandatory": "Yes"}, {"ItemOID": "IT.SU_HABITS_CAFFEINE_3_COFFEEHX_360_2.SUDSTXT", "OrderNumber": 6, "Mandatory": "Yes"}, {"ItemOID": "IT.SU_HABITS_CAFFEINE_3_COFFEEHX_360_2.SUDOSU", "OrderNumber": 7, "Mandatory": "Yes"}, {"ItemOID": "IT.SU_HABITS_CAFFEINE_3_TEAHIX_360_3.SUTRT", "OrderNumber": 9, "Mandatory": "Yes"}, {"ItemOID": "IT.SU_HABITS_CAFFEINE_3_TEAHIX_360_3.SUOCCUR", "OrderNumber": 11, "Mandatory": "Yes"}, {"ItemOID": "IT.SU_HABITS_CAFFEINE_3_TEAHIX_360_3.SUDSTXT", "OrderNumber": 12, "Mandatory": "Yes"}, {"ItemOID": "IT.SU_HABITS_CAFFEINE_3_TEAHIX_360_3.SUDOSU", "OrderNumber": 13, "Mandatory": "Yes"}, {"ItemOID": "IT.SU_HABITS_CAFFEINE_3_COLAHX_360_4.SUTRT", "OrderNumber": 15, "Mandatory": "Yes"}, {"ItemOID": "IT.SU_HABITS_CAFFEINE_3_COLAHX_360_4.SUOCCUR", "OrderNumber": 17, "Mandatory": "Yes"}, {"ItemOID": "IT.SU_HABITS_CAFFEINE_3_COLAHX_360_4.SUDSTXT", "OrderNumber": 18, "Mandatory": "Yes"}, {"ItemOID": "IT.SU_HABITS_CAFFEINE_3_COLAHX_360_4.SUDOSU", "OrderNumber": 19, "Mandatory": "Yes"}], "Alias": [{"Context": "formSectionAnnotation", "Name": "SUCAT = CAFFEINE"}]}], "ItemDef": [{"OID": "IT.SU_HABITS_SMOKING_1_SU_360_1.SUYN", "Name": "SUYN", "DataType": "text", "Length": 1, "Description": {"TranslatedText": [{"_content": "SUYN", "lang": "en"}]}, "Question": {"TranslatedText": [{"_content": "Information Not Obtained", "lang": "en"}]}, "CodeListRef": {"CodeListOID": "CL.SU_HABITS_SMOKING_SU_360_1.SUYN.C66742"}, "Alias": [{"Context": "SDTM", "Name": "[NOT SUBMITTED]"}, {"Context": "CDASH", "Name": "SUYN"}]}, {"OID": "IT.SU_HABITS_SMOKING_1_CIGARETTEHX_360_2.SUTRT", "Name": "SUTRT", "DataType": "text", "Length": 200, "Description": {"TranslatedText": [{"_content": "SUTRT", "lang": "en"}]}, "Alias": [{"Context": "prompt", "Name": "Substance Used"}, {"Context": "SDTM", "Name": "SUTRT = CIGARETTE"}, {"Context": "CDASH", "Name": "SUTRT"}]}, {"OID": "IT.SU_HABITS_SMOKING_1_CIGARETTEHX_360_2.SUOCCUR", "Name": "SUOCCUR", "DataType": "text", "Length": 1, "Description": {"TranslatedText": [{"_content": "SUOCCUR", "lang": "en"}]}, "CodeListRef": {"CodeListOID": "CL.SU_HABITS_SMOKING_CIGARETTEHX_360_2.SUOCCUR.C66742"}, "Alias": [{"Context": "prompt", "Name": "Used"}, {"Context": "SDTM", "Name": "SUOCCUR"}, {"Context": "CDASH", "Name": "SUOCCUR"}]}, {"OID": "IT.SU_HABITS_SMOKING_1_CIGARETTEHX_360_2.SUDSTXT", "Name": "SUDSTXT", "DataType": "text", "Length": 100, "Description": {"TranslatedText": [{"_content": "SUDSTXT", "lang": "en"}]}, "Alias": [{"Context": "prompt", "Name": "Number of cigarettes"}, {"Context": "SDTM", "Name": "SUDOSE;SUDOSTXT"}, {"Context": "CDASH", "Name": "SUDSTXT"}]}, {"OID": "IT.SU_HABITS_SMOKING_1_CIGARETTEHX_360_2.SUDOSU", "Name": "SUDOSU", "DataType": "text", "Length": 40, "Description": {"TranslatedText": [{"_content": "SUDOSU", "lang": "en"}]}, "CodeListRef": {"CodeListOID": "CL.SU_HABITS_SMOKING_CIGARETTEHX_360_2.SUDOSU.C71620"}, "Alias": [{"Context": "prompt", "Name": "Unit"}, {"Context": "SDTM", "Name": "SUDOSU = CIGARETTE"}, {"Context": "CDASH", "Name": "SUDOSU"}]}, {"OID": "IT.SU_HABITS_SMOKING_1_CIGARETTEHX_360_2.SUSTDAT", "Name": "SUSTDAT", "DataType": "date", "Length": 10, "Description": {"TranslatedText": [{"_content": "SUSTDAT", "lang": "en"}]}, "Alias": [{"Context": "prompt", "Name": "Start Date"}, {"Context": "SDTM", "Name": "SUSTDTC"}, {"Context": "CDASH", "Name": "SUSTDAT"}]}, {"OID": "IT.SU_HABITS_SMOKING_1_CIGARETTEHX_360_2.SUPRIOR", "Name": "SUPRIOR", "DataType": "text", "Length": 1, "Description": {"TranslatedText": [{"_content": "SUPRIOR", "lang": "en"}]}, "CodeListRef": {"CodeListOID": "CL.SU_HABITS_SMOKING_CIGARETTEHX_360_2.SUPRIOR.C66742"}, "Alias": [{"Context": "prompt", "Name": "Prior to Study"}, {"Context": "SDTM", "Name": "[NOT SUBMITTED];SUSTRF;SUSTRTPT;SUSTTPT"}, {"Context": "CDASH", "Name": "SUPRIOR"}]}, {"OID": "IT.SU_HABITS_SMOKING_1_CIGARETTEHX_360_2.SUENDAT", "Name": "SUENDAT", "DataType": "date", "Length": 10, "Description": {"TranslatedText": [{"_content": "SUENDAT", "lang": "en"}]}, "Alias": [{"Context": "prompt", "Name": "End Date"}, {"Context": "SDTM", "Name": "SUENDTC"}, {"Context": "CDASH", "Name": "SUENDAT"}]}, {"OID": "IT.SU_HABITS_SMOKING_1_CIGARETTEHX_360_2.SUONGO", "Name": "SUONGO", "DataType": "text", "Length": 1, "Description": {"TranslatedText": [{"_content": "SUONGO", "lang": "en"}]}, "CodeListRef": {"CodeListOID": "CL.SU_HABITS_SMOKING_CIGARETTEHX_360_2.SUONGO.C66742"}, "Alias": [{"Context": "prompt", "Name": "Ongoing"}, {"Context": "SDTM", "Name": "[NOT SUBMITTED];SUENRF;SUENRTPT;SUENTPT"}, {"Context": "CDASH", "Name": "SUONGO"}]}, {"OID": "IT.SU_HABITS_SMOKING_1_CIGARHX_360_3.SUTRT", "Name": "SUTRT", "DataType": "text", "Length": 200, "Description": {"TranslatedText": [{"_content": "SUTRT", "lang": "en"}]}, "Alias": [{"Context": "prompt", "Name": "Substance Used"}, {"Context": "SDTM", "Name": "SUTRT = CIGAR"}, {"Context": "CDASH", "Name": "SUTRT"}]}, {"OID": "IT.SU_HABITS_SMOKING_1_CIGARHX_360_3.SUOCCUR", "Name": "SUOCCUR", "DataType": "text", "Length": 1, "Description": {"TranslatedText": [{"_content": "SUOCCUR", "lang": "en"}]}, "CodeListRef": {"CodeListOID": "CL.SU_HABITS_SMOKING_CIGARHX_360_3.SUOCCUR.C66742"}, "Alias": [{"Context": "prompt", "Name": "Used"}, {"Context": "SDTM", "Name": "SUOCCUR"}, {"Context": "CDASH", "Name": "SUOCCUR"}]}, {"OID": "IT.SU_HABITS_SMOKING_1_CIGARHX_360_3.SUDSTXT", "Name": "SUDSTXT", "DataType": "text", "Length": 100, "Description": {"TranslatedText": [{"_content": "SUDSTXT", "lang": "en"}]}, "Alias": [{"Context": "prompt", "Name": "Number of cigars"}, {"Context": "SDTM", "Name": "SUDOSE;SUDOSTXT"}, {"Context": "CDASH", "Name": "SUDSTXT"}]}, {"OID": "IT.SU_HABITS_SMOKING_1_CIGARHX_360_3.SUDOSU", "Name": "SUDOSU", "DataType": "text", "Length": 40, "Description": {"TranslatedText": [{"_content": "SUDOSU", "lang": "en"}]}, "CodeListRef": {"CodeListOID": "CL.SU_HABITS_SMOKING_CIGARHX_360_3.SUDOSU.C71620"}, "Alias": [{"Context": "prompt", "Name": "Unit"}, {"Context": "SDTM", "Name": "SUDOSU = CIGAR"}, {"Context": "CDASH", "Name": "SUDOSU"}]}, {"OID": "IT.SU_HABITS_SMOKING_1_CIGARHX_360_3.SUSTDAT", "Name": "SUSTDAT", "DataType": "date", "Length": 10, "Description": {"TranslatedText": [{"_content": "SUSTDAT", "lang": "en"}]}, "Alias": [{"Context": "prompt", "Name": "Start Date"}, {"Context": "SDTM", "Name": "SUSTDTC"}, {"Context": "CDASH", "Name": "SUSTDAT"}]}, {"OID": "IT.SU_HABITS_SMOKING_1_CIGARHX_360_3.SUPRIOR", "Name": "SUPRIOR", "DataType": "text", "Length": 1, "Description": {"TranslatedText": [{"_content": "SUPRIOR", "lang": "en"}]}, "CodeListRef": {"CodeListOID": "CL.SU_HABITS_SMOKING_CIGARHX_360_3.SUPRIOR.C66742"}, "Alias": [{"Context": "prompt", "Name": "Prior to Study"}, {"Context": "SDTM", "Name": "[NOT SUBMITTED];SUSTRF;SUSTRTPT;SUSTTPT"}, {"Context": "CDASH", "Name": "SUPRIOR"}]}, {"OID": "IT.SU_HABITS_SMOKING_1_CIGARHX_360_3.SUENDAT", "Name": "SUENDAT", "DataType": "date", "Length": 10, "Description": {"TranslatedText": [{"_content": "SUENDAT", "lang": "en"}]}, "Alias": [{"Context": "prompt", "Name": "End Date"}, {"Context": "SDTM", "Name": "SUENDTC"}, {"Context": "CDASH", "Name": "SUENDAT"}]}, {"OID": "IT.SU_HABITS_SMOKING_1_CIGARHX_360_3.SUONGO", "Name": "SUONGO", "DataType": "text", "Length": 1, "Description": {"TranslatedText": [{"_content": "SUONGO", "lang": "en"}]}, "CodeListRef": {"CodeListOID": "CL.SU_HABITS_SMOKING_CIGARHX_360_3.SUONGO.C66742"}, "Alias": [{"Context": "prompt", "Name": "Ongoing"}, {"Context": "SDTM", "Name": "[NOT SUBMITTED];SUENRF;SUENRTPT;SUENTPT"}, {"Context": "CDASH", "Name": "SUONGO"}]}, {"OID": "IT.SU_HABITS_SMOKING_1_PIPEHX_360_4.SUTRT", "Name": "SUTRT", "DataType": "text", "Length": 200, "Description": {"TranslatedText": [{"_content": "SUTRT", "lang": "en"}]}, "Alias": [{"Context": "prompt", "Name": "Substance Used"}, {"Context": "SDTM", "Name": "SUTRT = PIPE"}, {"Context": "CDASH", "Name": "SUTRT"}]}, {"OID": "IT.SU_HABITS_SMOKING_1_PIPEHX_360_4.SUOCCUR", "Name": "SUOCCUR", "DataType": "text", "Length": 1, "Description": {"TranslatedText": [{"_content": "SUOCCUR", "lang": "en"}]}, "CodeListRef": {"CodeListOID": "CL.SU_HABITS_SMOKING_PIPEHX_360_4.SUOCCUR.C66742"}, "Alias": [{"Context": "prompt", "Name": "Used"}, {"Context": "SDTM", "Name": "SUOCCUR"}, {"Context": "CDASH", "Name": "SUOCCUR"}]}, {"OID": "IT.SU_HABITS_SMOKING_1_PIPEHX_360_4.SUDSTXT", "Name": "SUDSTXT", "DataType": "text", "Length": 100, "Description": {"TranslatedText": [{"_content": "SUDSTXT", "lang": "en"}]}, "Alias": [{"Context": "prompt", "Name": "Number of pipesful"}, {"Context": "SDTM", "Name": "SUDOSE;SUDOSTXT"}, {"Context": "CDASH", "Name": "SUDSTXT"}]}, {"OID": "IT.SU_HABITS_SMOKING_1_PIPEHX_360_4.SUDOSU", "Name": "SUDOSU", "DataType": "text", "Length": 40, "Description": {"TranslatedText": [{"_content": "SUDOSU", "lang": "en"}]}, "CodeListRef": {"CodeListOID": "CL.SU_HABITS_SMOKING_PIPEHX_360_4.SUDOSU.C71620"}, "Alias": [{"Context": "prompt", "Name": "Unit"}, {"Context": "SDTM", "Name": "SUDOSU = PIPE"}, {"Context": "CDASH", "Name": "SUDOSU"}]}, {"OID": "IT.SU_HABITS_SMOKING_1_PIPEHX_360_4.SUSTDAT", "Name": "SUSTDAT", "DataType": "date", "Length": 10, "Description": {"TranslatedText": [{"_content": "SUSTDAT", "lang": "en"}]}, "Alias": [{"Context": "prompt", "Name": "Start Date"}, {"Context": "SDTM", "Name": "SUSTDTC"}, {"Context": "CDASH", "Name": "SUSTDAT"}]}, {"OID": "IT.SU_HABITS_SMOKING_1_PIPEHX_360_4.SUPRIOR", "Name": "SUPRIOR", "DataType": "text", "Length": 1, "Description": {"TranslatedText": [{"_content": "SUPRIOR", "lang": "en"}]}, "CodeListRef": {"CodeListOID": "CL.SU_HABITS_SMOKING_PIPEHX_360_4.SUPRIOR.C66742"}, "Alias": [{"Context": "prompt", "Name": "Prior to Study"}, {"Context": "SDTM", "Name": "[NOT SUBMITTED];SUSTRF;SUSTRTPT;SUSTTPT"}, {"Context": "CDASH", "Name": "SUPRIOR"}]}, {"OID": "IT.SU_HABITS_SMOKING_1_PIPEHX_360_4.SUENDAT", "Name": "SUENDAT", "DataType": "date", "Length": 10, "Description": {"TranslatedText": [{"_content": "SUENDAT", "lang": "en"}]}, "Alias": [{"Context": "prompt", "Name": "End Date"}, {"Context": "SDTM", "Name": "SUENDTC"}, {"Context": "CDASH", "Name": "SUENDAT"}]}, {"OID": "IT.SU_HABITS_SMOKING_1_PIPEHX_360_4.SUONGO", "Name": "SUONGO", "DataType": "text", "Length": 1, "Description": {"TranslatedText": [{"_content": "SUONGO", "lang": "en"}]}, "CodeListRef": {"CodeListOID": "CL.SU_HABITS_SMOKING_PIPEHX_360_4.SUONGO.C66742"}, "Alias": [{"Context": "prompt", "Name": "Ongoing"}, {"Context": "SDTM", "Name": "[NOT SUBMITTED];SUENRF;SUENRTPT;SUENTPT"}, {"Context": "CDASH", "Name": "SUONGO"}]}, {"OID": "IT.SU_HABITS_ALCOHOL_2_SU_360_1.SUYN", "Name": "SUYN", "DataType": "text", "Length": 1, "Description": {"TranslatedText": [{"_content": "SUYN", "lang": "en"}]}, "Question": {"TranslatedText": [{"_content": "Information Not Obtained", "lang": "en"}]}, "CodeListRef": {"CodeListOID": "CL.SU_HABITS_ALCOHOL_SU_360_1.SUYN.C66742"}, "Alias": [{"Context": "SDTM", "Name": "[NOT SUBMITTED]"}, {"Context": "CDASH", "Name": "SUYN"}]}, {"OID": "IT.SU_HABITS_ALCOHOL_2_BEERHX_360_2.SUTRT", "Name": "SUTRT", "DataType": "text", "Length": 200, "Description": {"TranslatedText": [{"_content": "SUTRT", "lang": "en"}]}, "Alias": [{"Context": "prompt", "Name": "Substance Used"}, {"Context": "SDTM", "Name": "SUTRT = BEER"}, {"Context": "CDASH", "Name": "SUTRT"}]}, {"OID": "IT.SU_HABITS_ALCOHOL_2_BEERHX_360_2.SUOCCUR", "Name": "SUOCCUR", "DataType": "text", "Length": 1, "Description": {"TranslatedText": [{"_content": "SUOCCUR", "lang": "en"}]}, "CodeListRef": {"CodeListOID": "CL.SU_HABITS_ALCOHOL_BEERHX_360_2.SUOCCUR.C66742"}, "Alias": [{"Context": "prompt", "Name": "Used"}, {"Context": "SDTM", "Name": "SUOCCUR"}, {"Context": "CDASH", "Name": "SUOCCUR"}]}, {"OID": "IT.SU_HABITS_ALCOHOL_2_BEERHX_360_2.SUDSTXT", "Name": "SUDSTXT", "DataType": "text", "Length": 100, "Description": {"TranslatedText": [{"_content": "SUDSTXT", "lang": "en"}]}, "Alias": [{"Context": "prompt", "Name": "Number of beers or wine coolers/spritzers"}, {"Context": "SDTM", "Name": "SUDOSE;SUDOSTXT"}, {"Context": "CDASH", "Name": "SUDSTXT"}]}, {"OID": "IT.SU_HABITS_ALCOHOL_2_BEERHX_360_2.SUDOSU", "Name": "SUDOSU", "DataType": "text", "Length": 40, "Description": {"TranslatedText": [{"_content": "SUDOSU", "lang": "en"}]}, "CodeListRef": {"CodeListOID": "CL.SU_HABITS_ALCOHOL_BEERHX_360_2.SUDOSU.C71620"}, "Alias": [{"Context": "prompt", "Name": "Unit"}, {"Context": "SDTM", "Name": "SUDOSU"}, {"Context": "CDASH", "Name": "SUDOSU"}]}, {"OID": "IT.SU_HABITS_ALCOHOL_2_DISTILLEDSPIRITSHX_360_3.SUTRT", "Name": "SUTRT", "DataType": "text", "Length": 200, "Description": {"TranslatedText": [{"_content": "SUTRT", "lang": "en"}]}, "Alias": [{"Context": "prompt", "Name": "Substance Used"}, {"Context": "SDTM", "Name": "SUTRT = DISTILLED SPIRITS"}, {"Context": "CDASH", "Name": "SUTRT"}]}, {"OID": "IT.SU_HABITS_ALCOHOL_2_DISTILLEDSPIRITSHX_360_3.SUOCCUR", "Name": "SUOCCUR", "DataType": "text", "Length": 1, "Description": {"TranslatedText": [{"_content": "SUOCCUR", "lang": "en"}]}, "CodeListRef": {"CodeListOID": "CL.SU_HABITS_ALCOHOL_DISTILLEDSPIRITSHX_360_3.SUOCCUR.C66742"}, "Alias": [{"Context": "prompt", "Name": "Used"}, {"Context": "SDTM", "Name": "SUOCCUR"}, {"Context": "CDASH", "Name": "SUOCCUR"}]}, {"OID": "IT.SU_HABITS_ALCOHOL_2_DISTILLEDSPIRITSHX_360_3.SUDSTXT", "Name": "SUDSTXT", "DataType": "text", "Length": 100, "Description": {"TranslatedText": [{"_content": "SUDSTXT", "lang": "en"}]}, "Alias": [{"Context": "prompt", "Name": "Number of drinks containing distilled spirits"}, {"Context": "SDTM", "Name": "SUDOSE;SUDOSTXT"}, {"Context": "CDASH", "Name": "SUDSTXT"}]}, {"OID": "IT.SU_HABITS_ALCOHOL_2_DISTILLEDSPIRITSHX_360_3.SUDOSU", "Name": "SUDOSU", "DataType": "text", "Length": 40, "Description": {"TranslatedText": [{"_content": "SUDOSU", "lang": "en"}]}, "CodeListRef": {"CodeListOID": "CL.SU_HABITS_ALCOHOL_DISTILLEDSPIRITSHX_360_3.SUDOSU.C71620"}, "Alias": [{"Context": "prompt", "Name": "Unit"}, {"Context": "SDTM", "Name": "SUDOSU = DRINK"}, {"Context": "CDASH", "Name": "SUDOSU"}]}, {"OID": "IT.SU_HABITS_ALCOHOL_2_WINEHX_360_4.SUTRT", "Name": "SUTRT", "DataType": "text", "Length": 200, "Description": {"TranslatedText": [{"_content": "SUTRT", "lang": "en"}]}, "Alias": [{"Context": "prompt", "Name": "Substance Used"}, {"Context": "SDTM", "Name": "SUTRT = WINE"}, {"Context": "CDASH", "Name": "SUTRT"}]}, {"OID": "IT.SU_HABITS_ALCOHOL_2_WINEHX_360_4.SUOCCUR", "Name": "SUOCCUR", "DataType": "text", "Length": 1, "Description": {"TranslatedText": [{"_content": "SUOCCUR", "lang": "en"}]}, "CodeListRef": {"CodeListOID": "CL.SU_HABITS_ALCOHOL_WINEHX_360_4.SUOCCUR.C66742"}, "Alias": [{"Context": "prompt", "Name": "Used"}, {"Context": "SDTM", "Name": "SUOCCUR"}, {"Context": "CDASH", "Name": "SUOCCUR"}]}, {"OID": "IT.SU_HABITS_ALCOHOL_2_WINEHX_360_4.SUDSTXT", "Name": "SUDSTXT", "DataType": "text", "Length": 100, "Description": {"TranslatedText": [{"_content": "SUDSTXT", "lang": "en"}]}, "Alias": [{"Context": "prompt", "Name": "Number of glasses of wine"}, {"Context": "SDTM", "Name": "SUDOSE;SUDOSTXT"}, {"Context": "CDASH", "Name": "SUDSTXT"}]}, {"OID": "IT.SU_HABITS_ALCOHOL_2_WINEHX_360_4.SUDOSU", "Name": "SUDOSU", "DataType": "text", "Length": 40, "Description": {"TranslatedText": [{"_content": "SUDOSU", "lang": "en"}]}, "CodeListRef": {"CodeListOID": "CL.SU_HABITS_ALCOHOL_WINEHX_360_4.SUDOSU.C71620"}, "Alias": [{"Context": "prompt", "Name": "Unit"}, {"Context": "SDTM", "Name": "SUDOSU = GLASS"}, {"Context": "CDASH", "Name": "SUDOSU"}]}, {"OID": "IT.SU_HABITS_CAFFEINE_3_SU_360_1.SUYN", "Name": "SUYN", "DataType": "text", "Length": 1, "Description": {"TranslatedText": [{"_content": "SUYN", "lang": "en"}]}, "Question": {"TranslatedText": [{"_content": "Information Not Obtained", "lang": "en"}]}, "CodeListRef": {"CodeListOID": "CL.SU_HABITS_CAFFEINE_SU_360_1.SUYN.C66742"}, "Alias": [{"Context": "SDTM", "Name": "[NOT SUBMITTED]"}, {"Context": "CDASH", "Name": "SUYN"}]}, {"OID": "IT.SU_HABITS_CAFFEINE_3_COFFEEHX_360_2.SUTRT", "Name": "SUTRT", "DataType": "text", "Length": 200, "Description": {"TranslatedText": [{"_content": "SUTRT", "lang": "en"}]}, "Alias": [{"Context": "prompt", "Name": "Substance Used"}, {"Context": "SDTM", "Name": "SUTRT = COFFEE"}, {"Context": "CDASH", "Name": "SUTRT"}]}, {"OID": "IT.SU_HABITS_CAFFEINE_3_COFFEEHX_360_2.SUOCCUR", "Name": "SUOCCUR", "DataType": "text", "Length": 1, "Description": {"TranslatedText": [{"_content": "SUOCCUR", "lang": "en"}]}, "CodeListRef": {"CodeListOID": "CL.SU_HABITS_CAFFEINE_COFFEEHX_360_2.SUOCCUR.C66742"}, "Alias": [{"Context": "prompt", "Name": "Used"}, {"Context": "SDTM", "Name": "SUOCCUR"}, {"Context": "CDASH", "Name": "SUOCCUR"}]}, {"OID": "IT.SU_HABITS_CAFFEINE_3_COFFEEHX_360_2.SUDSTXT", "Name": "SUDSTXT", "DataType": "text", "Length": 100, "Description": {"TranslatedText": [{"_content": "SUDSTXT", "lang": "en"}]}, "Alias": [{"Context": "prompt", "Name": "Number of cups of coffee"}, {"Context": "SDTM", "Name": "SUDOSE;SUDOSTXT"}, {"Context": "CDASH", "Name": "SUDSTXT"}]}, {"OID": "IT.SU_HABITS_CAFFEINE_3_COFFEEHX_360_2.SUDOSU", "Name": "SUDOSU", "DataType": "text", "Length": 40, "Description": {"TranslatedText": [{"_content": "SUDOSU", "lang": "en"}]}, "CodeListRef": {"CodeListOID": "CL.SU_HABITS_CAFFEINE_COFFEEHX_360_2.SUDOSU.C71620"}, "Alias": [{"Context": "prompt", "Name": "Unit"}, {"Context": "SDTM", "Name": "SUDOSU = CUP"}, {"Context": "CDASH", "Name": "SUDOSU"}]}, {"OID": "IT.SU_HABITS_CAFFEINE_3_TEAHIX_360_3.SUTRT", "Name": "SUTRT", "DataType": "text", "Length": 200, "Description": {"TranslatedText": [{"_content": "SUTRT", "lang": "en"}]}, "Alias": [{"Context": "prompt", "Name": "Substance Used"}, {"Context": "SDTM", "Name": "SUTRT = TEA"}, {"Context": "CDASH", "Name": "SUTRT"}]}, {"OID": "IT.SU_HABITS_CAFFEINE_3_TEAHIX_360_3.SUOCCUR", "Name": "SUOCCUR", "DataType": "text", "Length": 1, "Description": {"TranslatedText": [{"_content": "SUOCCUR", "lang": "en"}]}, "CodeListRef": {"CodeListOID": "CL.SU_HABITS_CAFFEINE_TEAHIX_360_3.SUOCCUR.C66742"}, "Alias": [{"Context": "prompt", "Name": "Used"}, {"Context": "SDTM", "Name": "SUOCCUR"}, {"Context": "CDASH", "Name": "SUOCCUR"}]}, {"OID": "IT.SU_HABITS_CAFFEINE_3_TEAHIX_360_3.SUDSTXT", "Name": "SUDSTXT", "DataType": "text", "Length": 100, "Description": {"TranslatedText": [{"_content": "SUDSTXT", "lang": "en"}]}, "Alias": [{"Context": "prompt", "Name": "Number of cups of tea"}, {"Context": "SDTM", "Name": "SUDOSE;SUDOSTXT"}, {"Context": "CDASH", "Name": "SUDSTXT"}]}, {"OID": "IT.SU_HABITS_CAFFEINE_3_TEAHIX_360_3.SUDOSU", "Name": "SUDOSU", "DataType": "text", "Length": 40, "Description": {"TranslatedText": [{"_content": "SUDOSU", "lang": "en"}]}, "CodeListRef": {"CodeListOID": "CL.SU_HABITS_CAFFEINE_TEAHIX_360_3.SUDOSU.C71620"}, "Alias": [{"Context": "prompt", "Name": "Unit"}, {"Context": "SDTM", "Name": "SUDOSU = CUP"}, {"Context": "CDASH", "Name": "SUDOSU"}]}, {"OID": "IT.SU_HABITS_CAFFEINE_3_COLAHX_360_4.SUTRT", "Name": "SUTRT", "DataType": "text", "Length": 200, "Description": {"TranslatedText": [{"_content": "SUTRT", "lang": "en"}]}, "Alias": [{"Context": "prompt", "Name": "Substance Used"}, {"Context": "SDTM", "Name": "SUTRT = COLA"}, {"Context": "CDASH", "Name": "SUTRT"}]}, {"OID": "IT.SU_HABITS_CAFFEINE_3_COLAHX_360_4.SUOCCUR", "Name": "SUOCCUR", "DataType": "text", "Length": 1, "Description": {"TranslatedText": [{"_content": "SUOCCUR", "lang": "en"}]}, "CodeListRef": {"CodeListOID": "CL.SU_HABITS_CAFFEINE_COLAHX_360_4.SUOCCUR.C66742"}, "Alias": [{"Context": "prompt", "Name": "Used"}, {"Context": "SDTM", "Name": "SUOCCUR"}, {"Context": "CDASH", "Name": "SUOCCUR"}]}, {"OID": "IT.SU_HABITS_CAFFEINE_3_COLAHX_360_4.SUDSTXT", "Name": "SUDSTXT", "DataType": "text", "Length": 100, "Description": {"TranslatedText": [{"_content": "SUDSTXT", "lang": "en"}]}, "Alias": [{"Context": "prompt", "Name": "Number of colas"}, {"Context": "SDTM", "Name": "SUDOSE;SUDOSTXT"}, {"Context": "CDASH", "Name": "SUDSTXT"}]}, {"OID": "IT.SU_HABITS_CAFFEINE_3_COLAHX_360_4.SUDOSU", "Name": "SUDOSU", "DataType": "text", "Length": 40, "Description": {"TranslatedText": [{"_content": "SUDOSU", "lang": "en"}]}, "CodeListRef": {"CodeListOID": "CL.SU_HABITS_CAFFEINE_COLAHX_360_4.SUDOSU.C71620"}, "Alias": [{"Context": "prompt", "Name": "Unit"}, {"Context": "SDTM", "Name": "SUDOSU = DRINK"}, {"Context": "CDASH", "Name": "SUDOSU"}]}], "CodeList": [{"OID": "CL.SU_HABITS_SMOKING_SU_360_1.SUYN.C66742", "Name": "NY", "DataType": "text", "CodeListItem": [{"CodedValue": "N", "Decode": {"TranslatedText": [{"_content": "No", "lang": "en"}]}}, {"CodedValue": "Y", "Decode": {"TranslatedText": [{"_content": "Yes", "lang": "en"}]}}]}, {"OID": "CL.SU_HABITS_SMOKING_CIGARETTEHX_360_2.SUPRESP.C66742", "Name": "NY", "DataType": "text", "EnumeratedItem": [{"CodedValue": "Y"}]}, {"OID": "CL.SU_HABITS_SMOKING_CIGARETTEHX_360_2.SUOCCUR.C66742", "Name": "NY", "DataType": "text", "CodeListItem": [{"CodedValue": "N", "Decode": {"TranslatedText": [{"_content": "No", "lang": "en"}]}}, {"CodedValue": "Y", "Decode": {"TranslatedText": [{"_content": "Yes", "lang": "en"}]}}]}, {"OID": "CL.SU_HABITS_SMOKING_CIGARETTEHX_360_2.SUDOSU.C71620", "Name": "UNIT", "DataType": "text", "EnumeratedItem": [{"CodedValue": "CIGARETTE"}]}, {"OID": "CL.SU_HABITS_SMOKING_CIGARETTEHX_360_2.SUPRIOR.C66742", "Name": "NY", "DataType": "text", "CodeListItem": [{"CodedValue": "N", "Decode": {"TranslatedText": [{"_content": "No", "lang": "en"}]}}, {"CodedValue": "Y", "Decode": {"TranslatedText": [{"_content": "Yes", "lang": "en"}]}}]}, {"OID": "CL.SU_HABITS_SMOKING_CIGARETTEHX_360_2.SUONGO.C66742", "Name": "NY", "DataType": "text", "CodeListItem": [{"CodedValue": "N", "Decode": {"TranslatedText": [{"_content": "No", "lang": "en"}]}}, {"CodedValue": "Y", "Decode": {"TranslatedText": [{"_content": "Yes", "lang": "en"}]}}]}, {"OID": "CL.SU_HABITS_SMOKING_CIGARHX_360_3.SUPRESP.C66742", "Name": "NY", "DataType": "text", "EnumeratedItem": [{"CodedValue": "Y"}]}, {"OID": "CL.SU_HABITS_SMOKING_CIGARHX_360_3.SUOCCUR.C66742", "Name": "NY", "DataType": "text", "CodeListItem": [{"CodedValue": "N", "Decode": {"TranslatedText": [{"_content": "No", "lang": "en"}]}}, {"CodedValue": "Y", "Decode": {"TranslatedText": [{"_content": "Yes", "lang": "en"}]}}]}, {"OID": "CL.SU_HABITS_SMOKING_CIGARHX_360_3.SUDOSU.C71620", "Name": "UNIT", "DataType": "text", "EnumeratedItem": [{"CodedValue": "CIGAR"}]}, {"OID": "CL.SU_HABITS_SMOKING_CIGARHX_360_3.SUPRIOR.C66742", "Name": "NY", "DataType": "text", "CodeListItem": [{"CodedValue": "N", "Decode": {"TranslatedText": [{"_content": "No", "lang": "en"}]}}, {"CodedValue": "Y", "Decode": {"TranslatedText": [{"_content": "Yes", "lang": "en"}]}}]}, {"OID": "CL.SU_HABITS_SMOKING_CIGARHX_360_3.SUONGO.C66742", "Name": "NY", "DataType": "text", "CodeListItem": [{"CodedValue": "N", "Decode": {"TranslatedText": [{"_content": "No", "lang": "en"}]}}, {"CodedValue": "Y", "Decode": {"TranslatedText": [{"_content": "Yes", "lang": "en"}]}}]}, {"OID": "CL.SU_HABITS_SMOKING_PIPEHX_360_4.SUPRESP.C66742", "Name": "NY", "DataType": "text", "EnumeratedItem": [{"CodedValue": "Y"}]}, {"OID": "CL.SU_HABITS_SMOKING_PIPEHX_360_4.SUOCCUR.C66742", "Name": "NY", "DataType": "text", "CodeListItem": [{"CodedValue": "N", "Decode": {"TranslatedText": [{"_content": "No", "lang": "en"}]}}, {"CodedValue": "Y", "Decode": {"TranslatedText": [{"_content": "Yes", "lang": "en"}]}}]}, {"OID": "CL.SU_HABITS_SMOKING_PIPEHX_360_4.SUDOSU.C71620", "Name": "UNIT", "DataType": "text", "EnumeratedItem": [{"CodedValue": "PIPE"}]}, {"OID": "CL.SU_HABITS_SMOKING_PIPEHX_360_4.SUPRIOR.C66742", "Name": "NY", "DataType": "text", "CodeListItem": [{"CodedValue": "N", "Decode": {"TranslatedText": [{"_content": "No", "lang": "en"}]}}, {"CodedValue": "Y", "Decode": {"TranslatedText": [{"_content": "Yes", "lang": "en"}]}}]}, {"OID": "CL.SU_HABITS_SMOKING_PIPEHX_360_4.SUONGO.C66742", "Name": "NY", "DataType": "text", "CodeListItem": [{"CodedValue": "N", "Decode": {"TranslatedText": [{"_content": "No", "lang": "en"}]}}, {"CodedValue": "Y", "Decode": {"TranslatedText": [{"_content": "Yes", "lang": "en"}]}}]}, {"OID": "CL.SU_HABITS_ALCOHOL_SU_360_1.SUYN.C66742", "Name": "NY", "DataType": "text", "CodeListItem": [{"CodedValue": "N", "Decode": {"TranslatedText": [{"_content": "No", "lang": "en"}]}}, {"CodedValue": "Y", "Decode": {"TranslatedText": [{"_content": "Yes", "lang": "en"}]}}]}, {"OID": "CL.SU_HABITS_ALCOHOL_BEERHX_360_2.SUPRESP.C66742", "Name": "NY", "DataType": "text", "EnumeratedItem": [{"CodedValue": "Y"}]}, {"OID": "CL.SU_HABITS_ALCOHOL_BEERHX_360_2.SUOCCUR.C66742", "Name": "NY", "DataType": "text", "CodeListItem": [{"CodedValue": "N", "Decode": {"TranslatedText": [{"_content": "No", "lang": "en"}]}}, {"CodedValue": "Y", "Decode": {"TranslatedText": [{"_content": "Yes", "lang": "en"}]}}]}, {"OID": "CL.SU_HABITS_ALCOHOL_BEERHX_360_2.SUDOSU.C71620", "Name": "UNIT", "DataType": "text", "CodeListItem": [{"CodedValue": "GLASS", "Decode": {"TranslatedText": [{"_content": "Glass", "lang": "en"}]}}, {"CodedValue": "DRINK", "Decode": {"TranslatedText": [{"_content": "Drink", "lang": "en"}]}}, {"CodedValue": "mL", "Decode": {"TranslatedText": [{"_content": "mL", "lang": "en"}]}}, {"CodedValue": "oz", "Decode": {"TranslatedText": [{"_content": "oz", "lang": "en"}]}}, {"CodedValue": "L", "Decode": {"TranslatedText": [{"_content": "L", "lang": "en"}]}}]}, {"OID": "CL.SU_HABITS_ALCOHOL_DISTILLEDSPIRITSHX_360_3.SUPRESP.C66742", "Name": "NY", "DataType": "text", "EnumeratedItem": [{"CodedValue": "Y"}]}, {"OID": "CL.SU_HABITS_ALCOHOL_DISTILLEDSPIRITSHX_360_3.SUOCCUR.C66742", "Name": "NY", "DataType": "text", "CodeListItem": [{"CodedValue": "N", "Decode": {"TranslatedText": [{"_content": "No", "lang": "en"}]}}, {"CodedValue": "Y", "Decode": {"TranslatedText": [{"_content": "Yes", "lang": "en"}]}}]}, {"OID": "CL.SU_HABITS_ALCOHOL_DISTILLEDSPIRITSHX_360_3.SUDOSU.C71620", "Name": "UNIT", "DataType": "text", "EnumeratedItem": [{"CodedValue": "DRINK"}]}, {"OID": "CL.SU_HABITS_ALCOHOL_WINEHX_360_4.SUPRESP.C66742", "Name": "NY", "DataType": "text", "EnumeratedItem": [{"CodedValue": "Y"}]}, {"OID": "CL.SU_HABITS_ALCOHOL_WINEHX_360_4.SUOCCUR.C66742", "Name": "NY", "DataType": "text", "CodeListItem": [{"CodedValue": "N", "Decode": {"TranslatedText": [{"_content": "No", "lang": "en"}]}}, {"CodedValue": "Y", "Decode": {"TranslatedText": [{"_content": "Yes", "lang": "en"}]}}]}, {"OID": "CL.SU_HABITS_ALCOHOL_WINEHX_360_4.SUDOSU.C71620", "Name": "UNIT", "DataType": "text", "EnumeratedItem": [{"CodedValue": "GLASS"}]}, {"OID": "CL.SU_HABITS_CAFFEINE_SU_360_1.SUYN.C66742", "Name": "NY", "DataType": "text", "CodeListItem": [{"CodedValue": "N", "Decode": {"TranslatedText": [{"_content": "No", "lang": "en"}]}}, {"CodedValue": "Y", "Decode": {"TranslatedText": [{"_content": "Yes", "lang": "en"}]}}]}, {"OID": "CL.SU_HABITS_CAFFEINE_COFFEEHX_360_2.SUPRESP.C66742", "Name": "NY", "DataType": "text", "EnumeratedItem": [{"CodedValue": "Y"}]}, {"OID": "CL.SU_HABITS_CAFFEINE_COFFEEHX_360_2.SUOCCUR.C66742", "Name": "NY", "DataType": "text", "CodeListItem": [{"CodedValue": "N", "Decode": {"TranslatedText": [{"_content": "No", "lang": "en"}]}}, {"CodedValue": "Y", "Decode": {"TranslatedText": [{"_content": "Yes", "lang": "en"}]}}]}, {"OID": "CL.SU_HABITS_CAFFEINE_COFFEEHX_360_2.SUDOSU.C71620", "Name": "UNIT", "DataType": "text", "EnumeratedItem": [{"CodedValue": "CUP"}]}, {"OID": "CL.SU_HABITS_CAFFEINE_TEAHIX_360_3.SUPRESP.C66742", "Name": "NY", "DataType": "text", "EnumeratedItem": [{"CodedValue": "Y"}]}, {"OID": "CL.SU_HABITS_CAFFEINE_TEAHIX_360_3.SUOCCUR.C66742", "Name": "NY", "DataType": "text", "CodeListItem": [{"CodedValue": "N", "Decode": {"TranslatedText": [{"_content": "No", "lang": "en"}]}}, {"CodedValue": "Y", "Decode": {"TranslatedText": [{"_content": "Yes", "lang": "en"}]}}]}, {"OID": "CL.SU_HABITS_CAFFEINE_TEAHIX_360_3.SUDOSU.C71620", "Name": "UNIT", "DataType": "text", "EnumeratedItem": [{"CodedValue": "CUP"}]}, {"OID": "CL.SU_HABITS_CAFFEINE_COLAHX_360_4.SUPRESP.C66742", "Name": "NY", "DataType": "text", "EnumeratedItem": [{"CodedValue": "Y"}]}, {"OID": "CL.SU_HABITS_CAFFEINE_COLAHX_360_4.SUOCCUR.C66742", "Name": "NY", "DataType": "text", "CodeListItem": [{"CodedValue": "N", "Decode": {"TranslatedText": [{"_content": "No", "lang": "en"}]}}, {"CodedValue": "Y", "Decode": {"TranslatedText": [{"_content": "Yes", "lang": "en"}]}}]}, {"OID": "CL.SU_HABITS_CAFFEINE_COLAHX_360_4.SUDOSU.C71620", "Name": "UNIT", "DataType": "text", "EnumeratedItem": [{"CodedValue": "DRINK"}]}]}]}]}